NACCID,ANIMALS,VEG,UDSVERFC,UDSVERLC,MINTTOTS,AMYLPET,AMYLCSF,CLARITI_AMYLOID_STATUS (RORAMYCENTRES),CSFAD,TAUPET,TAUPETAD,CRAFTVRS,CRAFTURS,CRAFTDVR,CRAFTDRE,TRAILB,TRAILA,UDSBENTC,UDSBENTD,UDSBENRS,MOCATOTS,NACCMOCA,PD,PARK,NACCLBDS,NACCLBDE,NACCLBDP,NACCLBDM,PARKINSONISM_PHENOTYPE,REPORTED_PD_OR_PARKINSONISM,PARKINSONISM_PLUS_DIAGNOSIS,EVER_PARKINSONISM_PHENOTYPE,NACCALZD,NACCALZP,PROBAD,POSSAD,DIAGNOSIS_PLUS_BIOMARKER,NACCAGE,EDUC,NACCSEX,NACCLANG,RACE,NACCHISP,NACCUDSD,TOTALUPDRS,PDAGE,PDYR,PARKAGE,PARKGAIT,PARKSIGN,ANTIPARKINSON_MEDICATION,AMYLOID_STATUS,COMPLETE_5_LANGUAGE,COHORT_PD_EQ_1,COHORT_PARK_EQ_1,COHORT_NACCLBDS_EQ_1,COHORT_PD_OR_LBDS,COHORT_PD_OR_PARK_OR_LBDS
NACC000067,21,15,-4,-4,-4,-4,-4,,-4,-4,-4,-4,-4,-4,-4,105,47,-4,-4,-4,-4,-4,1,1,8,1,1,0,True,True,True,True,0,7,0,0,False,60,18,1,1,1,0,3,-4,-4,2011,-4,-4,-4,True,Unknown,False,True,True,False,True,True
NACC000480,9,6,-4,-4,-4,-4,-4,,-4,-4,-4,-4,-4,-4,-4,996,150,-4,-4,-4,-4,-4,0,0,1,1,2,0,True,False,True,True,1,1,1,0,False,52,17,2,1,1,0,4,-4,-4,8888,-4,-4,-4,True,Unknown,False,False,False,True,True,True
NACC000511,13,16,12,14,28,8,8,,-4,-4,8,20,15,16,15,123,37,14,5,1,22,22,-4,0,8,1,2,0,True,False,True,True,1,1,-4,-4,False,79,15,2,1,1,0,3,-4,-4,-4,78,0,0,False,Unknown,True,False,False,False,False,False
NACC000531,14,7,15,11,31,8,8,,-4,-4,8,27,20,24,19,40,15,17,12,0,30,30,1,1,8,1,1,1,True,True,True,True,0,7,-4,-4,False,62,18,1,1,1,0,3,-4,-4,2017,61,0,1,True,Unknown,True,True,True,False,True,True
NACC000546,13,6,-4,-4,-4,-4,-4,,-4,-4,-4,-4,-4,-4,-4,300,121,-4,-4,-4,-4,-4,1,1,1,1,1,0,True,True,True,True,0,7,0,0,False,79,12,1,1,1,0,4,-4,-4,2007,-4,-4,-4,True,Unknown,False,True,True,True,True,True
NACC000875,9,6,4,1,19,8,8,,-4,-4,8,9,8,0,0,998,71,15,3,0,8,9,-4,0,0,1,2,0,True,False,True,True,1,1,-4,-4,False,92,12,2,1,2,0,4,-4,-4,-4,90,1,1,False,Unknown,True,False,False,False,False,False
NACC000898,11,6,4,3,29,0,8,,-4,-4,8,11,8,13,10,300,58,15,8,1,23,23,-4,0,1,1,1,0,True,False,True,True,0,7,-4,-4,False,65,14,1,1,1,0,4,-4,-4,-4,65,0,1,False,A-,True,False,False,True,True,True
NACC001095,13,10,10,5,96,8,8,,-4,-4,8,96,96,96,96,996,996,12,8,1,88,88,0,0,1,1,2,0,True,False,True,True,1,1,-4,-4,False,49,16,2,1,1,0,4,-4,-4,8888,48,0,1,False,Unknown,False,False,False,True,True,True
NACC001689,18,11,9,11,30,8,8,,-4,-4,8,18,14,12,8,300,61,13,6,1,14,14,-4,0,8,1,1,0,True,False,True,True,0,7,-4,-4,False,82,14,1,1,1,0,3,-4,-4,-4,81,1,1,False,Unknown,True,False,False,False,False,False
NACC001705,10,7,-4,-4,-4,-4,-4,,-4,-4,-4,-4,-4,-4,-4,996,150,-4,-4,-4,-4,-4,0,0,1,1,2,0,True,False,True,True,1,1,1,0,False,81,19,1,1,1,0,4,-4,-4,8888,-4,-4,-4,False,Unknown,False,False,False,True,True,True
NACC002151,3,2,4,5,19,8,8,,-4,-4,8,0,0,5,4,996,996,2,0,0,7,7,0,0,1,1,1,0,True,False,True,True,1,2,-4,-4,False,71,19,1,1,1,0,4,-4,-4,8888,69,1,1,True,Unknown,True,False,False,True,True,True
NACC002453,96,96,96,96,96,8,8,,-4,-4,8,5,4,0,0,996,996,4,0,1,8,8,0,0,1,1,1,0,True,False,True,True,0,7,-4,-4,False,73,18,1,1,1,0,4,-4,-4,8888,70,1,1,False,Unknown,False,False,False,True,True,True
NACC002819,-4,-4,-4,-4,-4,-4,-4,,-4,-4,-4,-4,-4,-4,-4,-4,-4,-4,-4,-4,-4,-4,0,0,1,1,2,0,True,False,True,True,1,1,1,0,False,66,12,1,1,1,0,4,-4,-4,8888,-4,-4,-4,False,Unknown,False,False,False,True,True,True
NACC002985,7,3,-4,-4,-4,-4,-4,,-4,-4,-4,-4,-4,-4,-4,996,124,-4,-4,-4,-4,-4,0,0,1,1,2,0,False,False,False,False,1,1,1,0,False,78,18,1,1,1,0,4,-4,-4,8888,-4,-4,-4,False,Unknown,False,False,False,True,True,True
NACC003137,12,7,13,5,27,8,8,,-4,-4,8,4,5,0,1,300,127,12,5,0,16,16,-4,0,8,1,1,0,True,False,True,True,0,7,-4,-4,False,91,16,1,1,1,0,3,-4,-4,-4,89,1,1,False,Unknown,True,False,False,False,False,False
NACC003204,3,0,12,5,-4,8,8,,-4,-4,8,7,6,0,0,-4,-4,-4,-4,-4,-4,-4,-4,0,0,1,2,0,True,False,True,True,1,1,-4,-4,False,82,14,1,1,1,0,4,-4,-4,-4,81,-4,-4,False,Unknown,False,False,False,False,False,False
NACC003619,9,6,16,10,27,8,8,,-4,-4,8,2,2,1,1,996,996,0,0,0,12,12,-4,0,1,1,2,0,False,False,False,False,1,1,-4,-4,False,54,16,2,1,2,0,4,-4,-4,-4,888,0,0,False,Unknown,True,False,False,True,True,True
NACC003706,96,96,1,0,19,8,8,,-4,-4,8,2,1,0,0,996,996,4,96,96,6,6,-4,1,0,0,7,0,True,False,True,True,1,1,-4,-4,False,68,14,2,1,1,0,4,-4,-4,-4,68,1,1,False,Unknown,False,False,True,False,False,True
NACC004214,31,13,16,19,30,0,8,,-4,-4,8,13,11,9,9,170,113,13,10,1,27,27,1,1,8,1,1,0,True,True,True,True,0,7,-4,-4,False,72,18,1,1,1,0,3,-4,-4,2022,68,1,1,True,A-,True,True,True,False,True,True
NACC005113,12,10,3,4,-4,8,8,,-4,-4,8,20,15,17,13,-4,-4,-4,-4,-4,-4,-4,1,1,8,1,1,0,True,True,True,True,0,7,-4,-4,False,80,11,2,1,1,0,3,-4,-4,2018,77,1,1,True,Unknown,False,True,True,False,True,True
NACC005356,13,7,-4,-4,-4,-4,-4,,-4,-4,-4,-4,-4,-4,-4,997,55,-4,-4,-4,-4,-4,0,1,0,1,1,0,True,False,True,True,0,7,0,0,False,86,18,1,1,1,0,4,-4,-4,8888,-4,-4,-4,False,Unknown,False,False,True,False,False,True
NACC006223,96,96,96,96,96,8,8,,-4,-4,8,96,96,96,96,996,996,96,96,96,88,88,1,1,0,1,2,0,True,True,True,True,1,1,-4,-4,False,63,20,1,1,1,0,4,-4,-4,2016,62,1,1,False,Unknown,False,True,True,False,True,True
NACC006973,15,12,7,6,22,8,8,,-4,-4,8,10,9,8,7,240,54,15,7,1,21,21,1,1,8,1,1,1,True,True,True,True,0,7,-4,-4,True,71,16,1,2,1,1,3,-4,-4,2014,66,1,1,True,Unknown,True,True,True,False,True,True
NACC007031,9,9,-4,-4,-4,8,8,,-4,-4,8,-4,-4,-4,-4,996,150,-4,-4,-4,-4,-4,1,0,1,1,1,0,True,True,True,True,0,7,-4,-4,False,66,8,1,2,50,1,4,-4,-4,2013,60,1,1,True,Unknown,False,True,False,True,True,True
NACC007103,11,10,12,10,32,8,8,,-4,-4,8,14,9,11,4,300,59,17,2,0,23,23,-4,0,8,1,2,0,True,False,True,True,1,1,-4,-4,False,88,20,1,1,1,0,3,-4,-4,-4,88,1,1,False,Unknown,True,False,False,False,False,False
NACC007563,12,7,-4,-4,-4,-4,-4,,-4,-4,-4,-4,-4,-4,-4,997,100,-4,-4,-4,-4,-4,0,0,8,1,1,0,True,False,True,True,1,2,0,1,False,72,13,2,1,1,0,3,-4,-4,8888,-4,-4,-4,False,Unknown,False,False,False,False,False,False
NACC007873,-4,-4,-4,-4,-4,-4,-4,,-4,-4,-4,-4,-4,-4,-4,-4,-4,-4,-4,-4,-4,-4,0,0,8,1,1,0,True,False,True,True,0,7,0,0,False,71,16,1,1,1,0,3,-4,-4,8888,-4,-4,-4,False,Unknown,False,False,False,False,False,False
NACC008264,20,10,-4,-4,-4,-4,-4,,-4,-4,-4,-4,-4,-4,-4,84,31,-4,-4,-4,-4,-4,1,1,8,8,8,0,True,True,True,True,8,8,8,8,False,78,18,1,1,1,0,1,-4,-4,2001,-4,-4,-4,True,Unknown,False,True,True,False,True,True
NACC008377,10,7,-4,-4,-4,-4,-4,,-4,-4,-4,-4,-4,-4,-4,145,40,-4,-4,-4,-4,-4,0,0,1,1,2,0,True,True,True,True,1,1,1,0,False,81,18,1,1,1,0,4,-4,-4,8888,-4,-4,-4,False,Unknown,False,False,False,True,True,True
NACC008429,8,7,-4,-4,-4,-4,-4,,-4,-4,-4,-4,-4,-4,-4,243,42,-4,-4,-4,-4,-4,0,0,1,1,2,0,False,False,False,False,1,1,1,0,False,85,13,2,2,99,1,4,-4,-4,8888,-4,-4,-4,False,Unknown,False,False,False,True,True,True
NACC008472,-4,-4,-4,-4,-4,-4,-4,,-4,-4,-4,-4,-4,-4,-4,-4,-4,-4,-4,-4,-4,-4,1,1,0,1,1,0,True,True,True,True,0,7,0,0,False,89,20,1,1,1,0,4,-4,-4,2001,-4,-4,-4,True,Unknown,False,True,True,False,True,True
NACC008514,9,5,5,5,27,1,8,,-4,-4,8,6,6,11,9,300,71,12,12,0,14,14,0,0,1,1,1,0,True,False,True,True,1,2,-4,-4,False,86,20,1,1,1,0,4,-4,-4,8888,83,0,1,False,A+,True,False,False,True,True,True
NACC008553,8,2,-4,-4,-4,-4,-4,,-4,-4,-4,-4,-4,-4,-4,996,54,-4,-4,-4,-4,-4,0,0,1,1,1,0,False,False,False,False,1,2,1,0,False,73,11,1,1,1,0,4,-4,-4,8888,-4,-4,-4,False,Unknown,False,False,False,True,True,True
NACC008883,-4,-4,-4,-4,-4,-4,-4,,-4,-4,-4,-4,-4,-4,-4,-4,-4,-4,-4,-4,-4,-4,0,0,1,1,1,0,True,True,True,True,0,7,0,0,False,66,12,2,2,1,1,4,-4,-4,8888,-4,-4,-4,False,Unknown,False,False,False,True,True,True
NACC009027,5,7,-4,-4,-4,-4,-4,,-4,-4,-4,-4,-4,-4,-4,158,33,-4,-4,-4,-4,-4,0,0,1,1,1,0,False,False,False,True,0,7,0,0,False,78,12,1,1,1,0,4,-4,-4,8888,-4,-4,-4,False,Unknown,False,False,False,True,True,True
NACC009277,96,96,-4,-4,-4,-4,-4,,-4,-4,-4,-4,-4,-4,-4,996,996,-4,-4,-4,-4,-4,0,0,1,1,1,0,True,False,True,True,0,7,0,0,False,56,18,2,1,1,0,4,-4,-4,8888,-4,-4,-4,False,Unknown,False,False,False,True,True,True
NACC009402,18,8,12,10,-4,0,8,,-4,-4,0,12,9,12,10,-4,-4,-4,-4,-4,-4,-4,0,0,8,1,1,0,True,True,True,True,0,7,-4,-4,True,84,12,2,1,1,0,3,-4,-4,8888,77,-4,-4,False,A-,False,False,False,False,False,False
NACC011361,96,96,-4,-4,-4,-4,-4,,-4,-4,-4,-4,-4,-4,-4,996,996,-4,-4,-4,-4,-4,0,0,1,1,2,0,False,True,False,False,1,2,0,1,False,60,19,1,1,1,0,4,-4,-4,8888,-4,-4,-4,False,Unknown,False,False,False,True,True,True
NACC011644,16,13,19,18,30,8,8,,-4,-4,8,6,7,9,8,115,43,16,7,1,28,28,-4,1,8,8,8,0,True,False,True,True,8,8,-4,-4,False,74,18,2,1,1,0,1,-4,-4,-4,54,1,1,True,Unknown,True,False,True,False,False,True
NACC011731,13,5,13,9,22,8,8,,-4,-4,8,2,2,96,96,996,150,11,3,0,11,11,1,0,1,1,1,1,True,True,True,True,0,7,-4,-4,False,60,20,2,1,1,0,4,-4,-4,9999,58,0,1,True,Unknown,True,True,False,True,True,True
NACC011953,96,96,96,96,96,8,8,,-4,-4,8,96,96,96,96,996,996,96,96,96,2,2,0,0,1,1,1,0,True,False,True,True,0,7,-4,-4,False,70,13,1,1,2,0,4,-4,-4,8888,68,1,1,False,Unknown,False,False,False,True,True,True
NACC012224,14,11,-4,-4,-4,-4,-4,,-4,-4,-4,-4,-4,-4,-4,76,40,-4,-4,-4,-4,-4,0,0,1,1,2,0,False,False,False,False,1,1,1,0,False,69,20,1,1,1,0,4,-4,-4,8888,-4,-4,-4,False,Unknown,False,False,False,True,True,True
NACC012921,10,11,8,7,32,8,8,,-4,-4,8,18,16,11,12,96,59,15,9,1,22,22,-4,1,8,1,2,0,True,False,True,True,0,7,-4,-4,False,76,16,1,1,1,0,3,-4,-4,-4,73,1,1,True,Unknown,True,False,True,False,False,True
NACC013422,-4,-4,-4,-4,-4,8,8,,-4,-4,8,-4,-4,-4,-4,-4,-4,-4,-4,-4,-4,-4,-4,0,0,1,2,0,True,False,True,True,1,1,-4,-4,False,72,20,1,1,1,0,4,-4,-4,-4,70,-4,-4,True,Unknown,False,False,False,False,False,False
NACC013593,17,11,10,17,30,8,8,,-4,-4,8,12,10,8,8,300,43,14,97,97,17,18,0,0,8,1,1,1,True,False,True,True,0,7,-4,-4,False,79,12,1,1,1,0,3,-4,-4,8888,78,0,1,False,Unknown,True,False,False,False,False,False
NACC013705,7,9,9,16,-4,1,8,,-4,-4,8,9,7,4,5,-4,-4,-4,-4,-4,-4,-4,0,0,1,1,2,0,True,False,True,True,1,1,-4,-4,False,55,16,1,1,2,0,4,-4,-4,8888,55,8,1,False,A+,False,False,False,True,True,True
NACC014029,18,11,5,5,28,8,8,,-4,-4,8,7,5,6,4,300,61,15,8,1,17,17,1,1,0,1,1,0,True,True,True,True,0,7,-4,-4,False,70,22,2,1,1,0,4,-4,-4,2014,69,1,1,True,Unknown,True,True,True,False,True,True
NACC014411,24,16,11,11,32,8,8,,-4,-4,8,26,14,26,16,144,103,13,12,1,25,25,1,1,8,0,7,0,True,True,True,True,1,1,-4,-4,False,91,18,1,1,1,1,3,-4,-4,2009,79,1,1,True,Unknown,True,True,True,False,True,True
NACC014426,6,6,-4,-4,-4,-4,-4,,-4,-4,-4,-4,-4,-4,-4,996,79,-4,-4,-4,-4,-4,0,0,1,1,2,0,True,False,True,True,1,1,1,0,False,79,14,1,1,1,0,4,-4,-4,8888,-4,-4,-4,False,Unknown,False,False,False,True,True,True
NACC014871,24,14,15,14,29,8,8,,-4,-4,8,11,9,6,4,111,47,17,14,1,25,25,1,1,8,8,8,0,True,True,True,True,8,8,-4,-4,False,77,18,1,1,1,0,1,-4,-4,2010,69,0,1,True,Unknown,True,True,True,False,True,True
NACC015172,13,10,16,13,-4,1,8,,-4,-4,8,12,10,3,4,-4,-4,-4,-4,-4,-4,-4,1,1,0,1,2,0,True,True,True,True,1,1,-4,-4,False,75,18,2,1,1,0,4,-4,-4,2019,70,1,1,True,A+,False,True,True,False,True,True
NACC015874,11,10,-4,-4,-4,-4,-4,,-4,-4,-4,-4,-4,-4,-4,125,50,-4,-4,-4,-4,-4,0,0,1,1,2,0,True,False,True,True,0,7,0,0,False,71,12,1,1,1,0,4,-4,-4,8888,-4,-4,-4,False,Unknown,False,False,False,True,True,True
NACC016376,4,4,-4,-4,-4,-4,-4,,-4,-4,-4,-4,-4,-4,-4,996,996,-4,-4,-4,-4,-4,0,1,0,1,3,0,True,True,True,True,0,7,0,0,False,77,10,2,1,1,0,4,-4,-4,8888,-4,-4,-4,False,Unknown,False,False,True,False,False,True
NACC016407,8,5,97,97,-4,8,8,,-4,-4,8,97,97,97,97,-4,-4,-4,-4,-4,-4,-4,-4,1,8,1,1,0,True,False,True,True,0,7,-4,-4,False,81,14,2,1,1,0,3,-4,-4,-4,81,-4,-4,True,Unknown,False,False,True,False,False,True
NACC016521,15,19,18,8,28,8,8,,-4,-4,8,8,7,10,10,141,45,12,3,0,24,24,-4,1,8,0,7,0,True,False,True,True,1,1,-4,-4,False,75,18,2,1,5,0,3,-4,-4,-4,74,1,1,False,Unknown,True,False,True,False,False,True
NACC016910,97,97,97,97,21,8,8,,-4,-4,8,97,97,97,97,996,80,97,97,97,88,88,1,0,1,1,1,0,True,True,True,True,0,7,-4,-4,False,75,18,1,8,1,0,4,-4,-4,2006,65,1,1,True,Unknown,False,True,False,True,True,True
NACC017150,98,98,98,1,98,8,8,,-4,-4,8,0,0,0,0,996,996,96,96,96,3,3,0,0,1,1,1,0,True,True,True,True,0,7,-4,-4,False,78,16,2,1,1,0,4,-4,-4,8888,77,1,1,False,Unknown,False,False,False,True,True,True
NACC017182,8,7,18,13,25,8,0,,-4,-4,8,19,11,9,8,996,150,6,97,97,15,15,0,0,1,1,1,1,True,True,True,True,0,7,-4,-4,True,76,14,2,1,1,0,4,-4,-4,8888,74,1,1,True,A-,True,False,False,True,True,True
NACC017248,-4,-4,-4,-4,-4,8,8,,-4,-4,8,-4,-4,-4,-4,-4,-4,-4,-4,-4,-4,-4,-4,1,1,1,2,0,False,False,False,True,1,1,-4,-4,False,87,20,1,1,2,1,4,-4,-4,-4,888,-4,-4,False,Unknown,False,False,True,True,True,True
NACC017286,12,8,12,10,30,8,8,,-4,-4,8,7,6,6,5,300,115,8,1,1,17,17,-4,1,0,0,7,0,True,False,True,True,1,1,-4,-4,False,80,18,1,1,1,0,4,-4,-4,-4,888,1,1,False,Unknown,True,False,True,False,False,True
NACC017575,16,8,17,18,30,8,8,,-4,-4,8,21,15,22,16,295,38,11,5,1,20,21,0,0,1,1,1,1,False,False,False,True,0,7,-4,-4,False,62,12,1,1,1,0,4,-4,-4,8888,888,0,0,True,Unknown,True,False,False,True,True,True
NACC017856,15,9,-4,-4,-4,-4,-4,,-4,-4,-4,-4,-4,-4,-4,996,100,-4,-4,-4,-4,-4,0,0,1,1,1,0,True,True,True,True,0,7,0,0,False,60,10,1,1,3,0,4,-4,-4,8888,-4,-4,-4,False,Unknown,False,False,False,True,True,True
NACC017944,14,13,16,15,32,8,8,,-4,-4,8,22,18,17,15,296,67,15,11,0,20,20,1,1,1,1,1,1,True,True,True,True,0,7,-4,-4,False,71,20,1,1,1,0,4,-4,-4,2013,67,1,1,True,Unknown,True,True,True,True,True,True
NACC018460,3,4,10,9,17,8,8,,-4,-4,8,1,2,0,0,998,54,15,98,98,10,11,-4,0,1,1,2,0,True,False,True,True,1,1,-4,-4,False,81,12,2,1,1,1,4,-4,-4,-4,79,1,1,True,Unknown,True,False,False,True,True,True
NACC018609,-4,-4,-4,-4,-4,-4,-4,,-4,-4,-4,-4,-4,-4,-4,-4,-4,-4,-4,-4,-4,-4,1,1,8,1,1,0,True,True,True,True,0,7,0,0,False,58,14,2,1,1,0,3,-4,-4,2011,-4,-4,-4,True,Unknown,False,True,True,False,True,True
NACC019303,31,23,-4,-4,-4,-4,-4,,-4,-4,-4,-4,-4,-4,-4,159,48,-4,-4,-4,-4,-4,0,0,8,1,1,0,True,False,True,True,0,7,0,0,False,65,18,1,1,1,0,3,-4,-4,8888,-4,-4,-4,True,Unknown,False,False,False,False,False,False
NACC019393,20,9,11,10,29,8,8,,-4,-4,8,14,8,8,6,258,77,14,5,1,25,25,0,1,8,1,1,0,True,False,True,True,0,7,-4,-4,False,76,20,1,1,1,0,3,-4,-4,8888,75,0,1,False,Unknown,True,False,True,False,False,True
NACC019466,9,4,2,0,12,8,8,,-4,-4,8,96,96,96,96,996,996,96,96,96,88,88,-4,0,1,1,1,0,True,False,True,True,1,2,-4,-4,False,90,2,2,2,50,1,4,-4,-4,-4,89,1,1,False,Unknown,True,False,False,True,True,True
NACC019509,30,16,-4,-4,-4,-4,-4,,-4,-4,-4,-4,-4,-4,-4,138,40,-4,-4,-4,-4,-4,1,1,8,1,1,0,True,True,True,True,0,7,0,0,False,67,18,2,1,1,0,2,-4,-4,2005,-4,-4,-4,True,Unknown,False,True,True,False,True,True
NACC019553,5,4,4,0,25,8,1,,-4,-4,1,4,2,0,0,300,103,12,0,0,10,10,0,0,0,1,2,0,True,True,True,True,1,1,-4,-4,False,82,18,2,1,1,0,4,-4,-4,8888,77,1,1,True,A+,True,False,False,False,False,False
NACC020045,5,5,-4,-4,-4,-4,-4,,-4,-4,-4,-4,-4,-4,-4,300,150,-4,-4,-4,-4,-4,0,0,1,1,1,0,False,False,False,False,0,7,0,0,False,77,14,2,1,2,0,4,-4,-4,8888,-4,-4,-4,False,Unknown,False,False,False,True,True,True
NACC020414,14,9,15,15,25,8,8,,-4,-4,8,14,10,11,10,280,47,15,0,1,20,21,1,1,8,1,1,0,True,True,True,True,1,2,-4,-4,False,77,12,1,1,1,0,3,-4,-4,2015,74,1,1,False,Unknown,True,True,True,False,True,True
NACC020505,17,6,13,6,31,8,8,,-4,-4,8,13,11,9,7,160,48,15,11,1,21,21,-4,0,0,1,2,0,True,False,True,True,1,1,-4,-4,False,78,20,1,1,1,0,4,-4,-4,-4,76,0,1,False,Unknown,True,False,False,False,False,False
NACC020729,17,6,-4,-4,-4,-4,-4,,-4,-4,-4,-4,-4,-4,-4,300,61,-4,-4,-4,-4,-4,0,0,1,1,2,0,False,False,False,True,1,1,0,1,False,76,15,1,1,1,0,4,-4,-4,8888,-4,-4,-4,False,Unknown,False,False,False,True,True,True
NACC021483,30,19,14,18,31,8,8,,-4,-4,8,18,13,18,14,43,24,17,11,1,27,27,1,1,8,8,8,1,True,True,True,True,8,8,-4,-4,False,72,16,2,1,1,0,1,-4,-4,2014,58,1,1,True,Unknown,True,True,True,False,True,True
NACC021495,17,8,-4,-4,-4,-4,-4,,-4,-4,-4,-4,-4,-4,-4,996,104,-4,-4,-4,-4,-4,1,1,1,1,1,0,False,True,False,True,1,2,0,1,False,63,20,1,1,1,0,4,-4,-4,2006,-4,-4,-4,True,Unknown,False,True,True,True,True,True
NACC021818,22,15,14,20,31,8,8,,-4,-4,8,20,18,17,16,73,30,14,13,1,25,25,0,1,8,1,1,1,True,False,True,True,0,7,-4,-4,False,74,20,2,1,1,1,3,-4,-4,8888,73,0,1,False,Unknown,True,False,True,False,False,True
NACC022128,19,10,15,10,29,8,8,,-4,-4,8,15,12,4,3,996,53,15,9,1,19,19,0,0,1,1,1,0,True,False,True,True,1,2,-4,-4,False,79,17,2,1,1,0,4,-4,-4,8888,77,1,1,False,Unknown,True,False,False,True,True,True
NACC022874,-4,-4,-4,-4,-4,-4,-4,,-4,-4,-4,-4,-4,-4,-4,-4,-4,-4,-4,-4,-4,-4,9,0,1,1,1,0,True,False,True,True,0,7,0,0,False,84,16,1,1,1,0,4,-4,-4,8888,-4,-4,-4,True,Unknown,False,False,False,True,True,True
NACC023061,21,14,13,6,32,8,8,,-4,-4,8,21,13,19,13,90,43,17,13,1,26,26,-4,1,8,8,8,0,True,False,True,True,8,8,-4,-4,False,74,15,1,1,1,0,1,-4,-4,-4,71,0,1,False,Unknown,True,False,True,False,False,True
NACC023691,24,9,7,20,31,8,8,,-4,-4,8,6,6,5,3,141,29,16,9,1,22,22,0,0,1,1,1,0,False,False,False,True,0,7,-4,-4,False,87,20,1,1,1,0,4,-4,-4,8888,888,0,0,False,Unknown,True,False,False,True,True,True
NACC023734,6,9,-4,-4,-4,-4,-4,,-4,-4,-4,-4,-4,-4,-4,300,82,-4,-4,-4,-4,-4,0,0,1,1,1,0,False,False,False,True,0,7,0,0,False,60,14,1,1,2,0,4,-4,-4,8888,-4,-4,-4,False,Unknown,False,False,False,True,True,True
NACC023803,15,18,-4,-4,-4,-4,-4,,-4,-4,-4,-4,-4,-4,-4,69,64,-4,-4,-4,-4,-4,0,1,8,1,1,0,True,False,True,True,0,7,0,0,False,78,18,2,1,1,0,3,-4,-4,8888,-4,-4,-4,False,Unknown,False,False,True,False,False,True
NACC025545,15,9,9,6,29,8,8,,-4,-4,8,8,10,6,5,996,122,12,8,1,14,14,0,0,8,1,1,1,True,False,True,True,0,7,-4,-4,False,75,15,1,1,1,0,3,-4,-4,8888,73,1,1,False,Unknown,True,False,False,False,False,False
NACC025640,16,9,-4,-4,-4,-4,-4,,-4,-4,-4,-4,-4,-4,-4,300,53,-4,-4,-4,-4,-4,0,0,1,1,2,0,False,False,False,False,1,1,1,0,False,73,14,1,1,1,0,4,-4,-4,8888,-4,-4,-4,False,Unknown,False,False,False,True,True,True
NACC025843,17,17,12,13,29,8,8,,-4,-4,8,23,18,20,18,104,42,17,15,1,27,27,1,1,8,8,8,1,True,True,True,True,8,8,-4,-4,False,67,20,1,1,5,0,1,-4,-4,2014,65,0,1,False,Unknown,True,True,True,False,True,True
NACC026082,3,2,-4,-4,-4,-4,-4,,-4,-4,-4,-4,-4,-4,-4,300,150,-4,-4,-4,-4,-4,1,1,1,1,1,0,True,True,True,True,1,2,1,0,False,69,16,1,1,1,0,4,-4,-4,2007,-4,-4,-4,True,Unknown,False,True,True,True,True,True
NACC026432,14,6,-4,-4,-4,-4,-4,,-4,-4,-4,-4,-4,-4,-4,300,59,-4,-4,-4,-4,-4,9,0,1,1,1,0,False,True,False,True,0,7,0,0,False,61,12,1,1,1,0,4,-4,-4,8888,-4,-4,-4,False,Unknown,False,False,False,True,True,True
NACC026591,25,12,12,15,31,8,8,,-4,-4,8,20,15,18,15,37,19,13,11,1,27,27,-4,1,8,8,8,1,True,False,True,True,8,8,-4,-4,False,52,14,1,1,1,0,1,-4,-4,-4,50,0,1,False,Unknown,True,False,True,False,False,True
NACC026761,97,97,97,97,97,8,8,,-4,-4,8,97,97,97,97,997,997,97,97,97,88,88,0,0,0,1,2,0,True,False,True,True,0,7,-4,-4,False,90,8,2,2,1,1,4,-4,-4,8888,87,0,0,False,Unknown,False,False,False,False,False,False
NACC027348,31,17,20,24,30,8,8,,-4,-4,8,22,20,19,10,176,33,17,17,1,30,30,-4,1,8,8,8,0,True,False,True,True,8,8,-4,-4,True,71,18,2,1,2,0,1,-4,-4,-4,67,1,1,True,Unknown,True,False,True,False,False,True
NACC027399,9,8,3,3,30,8,8,,-4,-4,8,14,13,13,12,300,38,16,6,1,17,17,1,1,1,1,1,0,True,True,True,True,0,7,-4,-4,False,70,18,1,1,1,0,4,-4,-4,2009,55,1,1,True,Unknown,True,True,True,True,True,True
NACC027674,96,96,-4,-4,-4,-4,-4,,-4,-4,-4,-4,-4,-4,-4,996,996,-4,-4,-4,-4,-4,0,0,1,1,2,0,False,False,False,True,1,1,1,0,False,64,18,2,1,1,0,4,-4,-4,8888,-4,-4,-4,False,Unknown,False,False,False,True,True,True
NACC028038,9,7,-4,-4,-4,-4,-4,,-4,-4,-4,-4,-4,-4,-4,169,67,-4,-4,-4,-4,-4,0,1,8,1,1,0,True,True,True,True,0,7,0,0,False,71,12,1,1,1,0,3,-4,-4,8888,-4,-4,-4,False,Unknown,False,False,True,False,False,True
NACC028239,16,9,-4,-4,-4,-4,-4,,-4,-4,-4,-4,-4,-4,-4,996,63,-4,-4,-4,-4,-4,0,0,1,1,2,0,False,False,False,False,1,1,1,0,False,78,16,1,1,1,0,4,-4,-4,8888,-4,-4,-4,False,Unknown,False,False,False,True,True,True
NACC028373,12,8,-4,-4,-4,-4,-4,,-4,-4,-4,-4,-4,-4,-4,225,78,-4,-4,-4,-4,-4,0,0,1,1,1,0,False,True,False,False,0,7,0,0,False,66,16,1,1,1,0,4,-4,-4,8888,-4,-4,-4,False,Unknown,False,False,False,True,True,True
NACC028642,7,3,-4,-4,-4,-4,-4,,-4,-4,-4,-4,-4,-4,-4,996,150,-4,-4,-4,-4,-4,0,0,1,1,2,0,False,False,False,True,1,1,1,0,False,87,12,2,1,2,0,4,-4,-4,8888,-4,-4,-4,False,Unknown,False,False,False,True,True,True
NACC028758,2,2,-4,-4,-4,-4,-4,,-4,-4,-4,-4,-4,-4,-4,996,150,-4,-4,-4,-4,-4,0,0,1,1,1,0,True,False,True,True,0,7,0,0,False,71,18,1,1,1,0,4,-4,-4,8888,-4,-4,-4,False,Unknown,False,False,False,True,True,True
NACC030036,11,9,-4,-4,-4,-4,-4,,-4,-4,-4,-4,-4,-4,-4,95,24,-4,-4,-4,-4,-4,0,0,1,1,1,0,False,False,False,False,0,7,0,0,False,75,16,2,1,1,0,4,-4,-4,8888,-4,-4,-4,False,Unknown,False,False,False,True,True,True
NACC030373,17,5,-4,-4,-4,-4,-4,,-4,-4,-4,-4,-4,-4,-4,300,75,-4,-4,-4,-4,-4,0,0,1,1,1,0,True,True,True,True,0,7,0,0,False,75,15,1,1,1,0,4,-4,-4,8888,-4,-4,-4,False,Unknown,False,False,False,True,True,True
NACC030766,16,13,7,7,28,0,8,,-4,-4,8,9,9,10,9,233,150,11,6,0,19,20,9,0,1,1,1,1,True,True,True,True,0,7,-4,-4,False,78,12,1,1,1,0,4,-4,-4,8888,75,1,1,True,A-,True,False,False,True,True,True
NACC030808,6,4,-4,-4,-4,-4,-4,,-4,-4,-4,-4,-4,-4,-4,996,150,-4,-4,-4,-4,-4,0,0,1,1,2,0,False,False,False,False,1,1,1,0,False,77,10,1,1,2,0,4,-4,-4,8888,-4,-4,-4,False,Unknown,False,False,False,True,True,True
NACC031351,7,4,-4,-4,-4,-4,-4,,-4,-4,-4,-4,-4,-4,-4,995,150,-4,-4,-4,-4,-4,0,0,1,1,2,0,True,False,True,True,1,1,1,0,False,83,12,2,1,2,0,4,-4,-4,8888,-4,-4,-4,False,Unknown,False,False,False,True,True,True
NACC031373,11,6,3,3,27,8,8,,-4,-4,8,17,12,15,12,300,62,16,7,1,19,19,1,0,1,1,1,0,True,True,True,True,1,2,-4,-4,False,78,15,1,1,1,0,4,-4,-4,2015,76,1,1,True,Unknown,True,True,False,True,True,True
NACC031851,24,18,8,7,30,8,8,,-4,-4,8,21,16,18,14,87,39,14,9,1,27,27,-4,0,8,1,1,1,True,False,True,True,0,7,-4,-4,True,73,19,1,1,1,0,3,-4,-4,-4,73,0,1,False,Unknown,True,False,False,False,False,False
NACC031921,23,8,14,12,30,8,8,,-4,-4,8,5,4,2,2,300,48,14,5,1,19,19,1,1,8,1,1,1,True,True,True,True,0,7,-4,-4,True,69,16,1,1,1,0,3,-4,-4,2018,67,0,1,True,Unknown,True,True,True,False,True,True
NACC032271,96,96,-4,-4,-4,-4,-4,,-4,-4,-4,-4,-4,-4,-4,996,996,-4,-4,-4,-4,-4,0,0,1,1,1,0,False,False,False,False,1,2,1,0,False,83,20,1,1,1,0,4,-4,-4,8888,-4,-4,-4,False,Unknown,False,False,False,True,True,True
NACC032289,7,5,9,12,20,0,8,,-4,-4,8,0,1,2,1,220,61,14,5,0,18,18,0,0,8,1,1,1,True,False,True,True,0,7,-4,-4,False,78,16,1,1,1,0,3,-4,-4,8888,73,1,1,False,A-,True,False,False,False,False,False
NACC033256,97,97,97,97,97,8,8,,-4,-4,8,97,97,97,97,997,997,13,7,1,88,88,-4,0,8,1,2,0,True,False,True,True,0,7,-4,-4,False,83,16,2,1,1,0,3,-4,-4,-4,73,1,1,False,Unknown,False,False,False,False,False,False
NACC033532,13,8,12,6,26,8,8,,-4,-4,8,2,2,1,1,996,53,12,4,1,16,16,0,0,1,1,2,0,True,False,True,True,1,1,-4,-4,False,64,18,2,1,1,0,4,-4,-4,8888,63,0,1,False,Unknown,True,False,False,True,True,True
NACC033602,17,8,-4,-4,-4,-4,-4,,-4,-4,-4,-4,-4,-4,-4,65,85,-4,-4,-4,-4,-4,1,1,8,8,8,0,True,True,True,True,8,8,8,8,False,71,12,1,1,1,0,1,-4,-4,1996,-4,-4,-4,True,Unknown,False,True,True,False,True,True
NACC033913,6,6,-4,-4,-4,-4,-4,,-4,-4,-4,-4,-4,-4,-4,300,133,-4,-4,-4,-4,-4,0,0,1,1,1,0,True,True,True,True,0,7,0,0,False,68,17,1,1,1,0,4,-4,-4,8888,-4,-4,-4,False,Unknown,False,False,False,True,True,True
NACC034786,5,7,9,8,27,8,8,,-4,-4,8,12,11,7,7,223,59,9,10,1,21,21,0,1,0,1,2,0,True,False,True,True,0,7,-4,-4,False,62,13,1,1,1,0,4,-4,-4,8888,60,1,1,True,Unknown,True,False,True,False,False,True
NACC035099,11,6,-4,-4,-4,-4,-4,,-4,-4,-4,-4,-4,-4,-4,996,150,-4,-4,-4,-4,-4,0,1,0,1,2,0,True,True,True,True,1,1,1,0,False,90,5,1,1,1,0,4,-4,-4,8888,-4,-4,-4,False,Unknown,False,False,True,False,False,True
NACC035674,-4,-4,-4,-4,-4,8,8,,-4,-4,8,-4,-4,-4,-4,-4,-4,-4,-4,-4,-4,-4,-4,0,1,1,2,0,False,False,False,False,1,1,-4,-4,False,56,14,2,1,2,0,4,-4,-4,-4,888,-4,-4,False,Unknown,False,False,False,True,True,True
NACC035806,14,10,-4,-4,-4,-4,-4,,-4,-4,-4,-4,-4,-4,-4,94,23,-4,-4,-4,-4,-4,0,0,1,1,1,0,False,False,False,False,0,7,0,0,False,60,14,2,1,3,0,4,-4,-4,8888,-4,-4,-4,False,Unknown,False,False,False,True,True,True
NACC035989,4,6,-4,-4,-4,-4,-4,,-4,-4,-4,-4,-4,-4,-4,300,150,-4,-4,-4,-4,-4,0,0,1,1,1,0,True,True,True,True,1,2,0,1,False,88,14,1,1,1,0,4,-4,-4,8888,-4,-4,-4,False,Unknown,False,False,False,True,True,True
NACC036128,13,4,-4,-4,-4,-4,-4,,-4,-4,-4,-4,-4,-4,-4,300,95,-4,-4,-4,-4,-4,0,0,1,1,1,0,True,False,True,True,1,2,0,1,False,82,12,1,2,99,1,4,-4,-4,8888,-4,-4,-4,False,Unknown,False,False,False,True,True,True
NACC036353,19,13,8,8,30,1,8,,-4,-4,1,19,11,2,3,78,54,17,0,1,15,15,0,1,0,1,2,0,True,False,True,True,1,1,-4,-4,False,63,16,2,1,1,0,4,-4,-4,8888,63,0,1,False,A+,True,False,True,False,False,True
NACC036469,12,13,-4,-4,-4,-4,-4,,-4,-4,-4,-4,-4,-4,-4,300,74,-4,-4,-4,-4,-4,1,1,8,1,3,0,True,True,True,True,1,1,0,1,False,87,18,2,1,2,0,3,-4,-4,2012,-4,-4,-4,True,Unknown,False,True,True,False,True,True
NACC037379,96,96,-4,-4,-4,-4,-4,,-4,-4,-4,-4,-4,-4,-4,996,996,-4,-4,-4,-4,-4,0,0,1,1,2,0,False,False,False,False,1,1,1,0,False,65,18,2,1,2,0,4,-4,-4,8888,-4,-4,-4,False,Unknown,False,False,False,True,True,True
NACC037499,13,5,-4,-4,-4,-4,-4,,-4,-4,-4,-4,-4,-4,-4,996,54,-4,-4,-4,-4,-4,0,0,1,1,1,0,False,True,False,True,0,7,0,0,False,69,18,1,1,1,0,4,-4,-4,8888,-4,-4,-4,False,Unknown,False,False,False,True,True,True
NACC037596,34,31,19,14,31,8,8,,-4,-4,8,30,18,31,19,65,36,17,17,1,29,29,1,1,8,8,8,1,True,True,True,True,8,8,-4,-4,False,63,14,1,1,1,0,1,-4,-4,2013,60,1,1,True,Unknown,True,True,True,False,True,True
NACC037769,96,96,96,96,23,1,8,,-4,-4,1,2,1,0,1,996,996,1,0,1,7,7,0,0,1,1,1,0,True,True,True,True,1,2,-4,-4,False,70,20,1,1,1,0,4,-4,-4,8888,69,0,1,False,A+,False,False,False,True,True,True
NACC037891,20,9,10,13,25,8,8,,-4,-4,8,15,12,12,11,268,47,15,13,1,20,21,9,0,1,1,1,0,True,False,True,True,0,7,-4,-4,False,75,12,1,1,1,1,4,-4,-4,8888,72,1,1,False,Unknown,True,False,False,True,True,True
NACC038771,9,4,-4,-4,-4,-4,-4,,-4,-4,-4,-4,-4,-4,-4,300,93,-4,-4,-4,-4,-4,9,1,1,1,2,0,True,False,True,True,1,1,0,1,False,88,12,2,1,1,0,4,-4,-4,8888,-4,-4,-4,False,Unknown,False,False,True,True,True,True
NACC038816,9,7,98,4,27,8,8,,-4,-4,8,20,17,16,13,995,998,15,11,1,20,20,0,0,1,1,1,0,True,False,True,True,0,7,-4,-4,False,83,18,1,1,1,0,4,-4,-4,8888,81,1,1,False,Unknown,False,False,False,True,True,True
NACC038852,20,7,6,11,29,8,8,,-4,-4,8,15,10,0,0,89,49,15,0,1,18,18,-4,0,1,1,2,0,False,False,False,False,1,1,-4,-4,False,76,20,1,1,1,0,4,-4,-4,-4,888,0,0,True,Unknown,True,False,False,True,True,True
NACC039235,13,5,-4,-4,-4,-4,-4,,-4,-4,-4,-4,-4,-4,-4,300,69,-4,-4,-4,-4,-4,1,1,1,1,1,0,False,True,False,False,1,2,1,0,False,75,14,1,1,1,0,4,-4,-4,9999,-4,-4,-4,True,Unknown,False,True,True,True,True,True
NACC039321,14,11,-4,-4,-4,-4,-4,,-4,-4,-4,-4,-4,-4,-4,128,53,-4,-4,-4,-4,-4,1,1,8,1,3,0,True,True,True,True,1,1,0,1,False,89,19,1,1,1,0,3,-4,-4,2006,-4,-4,-4,False,Unknown,False,True,True,False,True,True
NACC039771,24,13,16,17,32,-4,-4,,0,-4,-4,26,19,24,19,37,16,16,16,1,29,29,0,-4,8,8,8,0,True,False,False,True,8,8,-4,-4,False,68,20,2,1,-4,0,1,4,888,-4,-4,-4,1,False,Unknown,True,False,False,False,False,False
NACC040918,18,7,-4,-4,-4,-4,-4,,-4,-4,-4,-4,-4,-4,-4,103,38,-4,-4,-4,-4,-4,1,1,8,1,1,0,True,True,True,True,0,7,0,0,False,62,20,1,1,1,0,2,-4,-4,2004,-4,-4,-4,True,Unknown,False,True,True,False,True,True
NACC040968,16,8,-4,-4,-4,-4,-4,,-4,-4,-4,-4,-4,-4,-4,300,107,-4,-4,-4,-4,-4,0,0,1,1,2,0,False,False,False,True,1,1,1,0,False,78,20,1,1,1,0,4,-4,-4,8888,-4,-4,-4,False,Unknown,False,False,False,True,True,True
NACC041191,9,10,-4,-4,-4,-4,-4,,-4,-4,-4,-4,-4,-4,-4,998,148,-4,-4,-4,-4,-4,0,0,1,1,1,0,False,True,False,False,0,7,0,0,False,78,16,1,1,1,0,4,-4,-4,8888,-4,-4,-4,False,Unknown,False,False,False,True,True,True
NACC041238,25,23,-4,-4,-4,-4,-4,,-4,-4,-4,-4,-4,-4,-4,76,30,-4,-4,-4,-4,-4,1,1,8,8,8,0,True,True,True,True,8,8,8,8,False,68,18,2,1,1,0,1,-4,-4,2011,-4,-4,-4,True,Unknown,False,True,True,False,True,True
NACC041256,17,8,-4,-4,-4,-4,-4,,-4,-4,-4,-4,-4,-4,-4,91,48,-4,-4,-4,-4,-4,0,0,1,1,1,0,True,True,True,True,1,2,0,1,False,63,19,2,1,1,0,4,-4,-4,8888,-4,-4,-4,False,Unknown,False,False,False,True,True,True
NACC042922,-4,-4,-4,-4,-4,-4,-4,,-4,-4,-4,-4,-4,-4,-4,-4,-4,-4,-4,-4,-4,-4,0,0,1,1,1,0,True,True,True,True,0,7,0,0,False,72,20,1,1,1,0,4,-4,-4,8888,-4,-4,-4,False,Unknown,False,False,False,True,True,True
NACC043202,10,11,-4,-4,-4,-4,-4,,-4,-4,-4,-4,-4,-4,-4,300,47,-4,-4,-4,-4,-4,0,0,1,1,2,0,False,True,False,False,1,1,1,0,False,72,12,2,1,1,0,4,-4,-4,8888,-4,-4,-4,False,Unknown,False,False,False,True,True,True
NACC043652,9,7,8,7,28,0,8,,-4,-4,8,26,16,22,15,300,73,11,7,0,15,15,1,0,1,1,1,1,True,True,True,True,0,7,-4,-4,False,70,13,1,1,1,0,4,-4,-4,9999,67,1,1,True,A-,True,True,False,True,True,True
NACC043758,16,8,14,10,97,8,8,,-4,-4,8,19,14,22,17,997,997,12,8,0,23,23,0,0,8,1,1,0,True,False,True,True,0,7,-4,-4,False,65,15,1,1,1,0,3,-4,-4,8888,888,0,1,False,Unknown,False,False,False,False,False,False
NACC043804,16,13,10,12,28,8,8,,-4,-4,8,12,5,7,5,189,43,14,97,97,21,21,1,0,8,1,1,1,True,True,True,True,0,7,-4,-4,False,75,18,2,1,1,0,3,-4,-4,2020,73,1,1,False,Unknown,True,True,False,False,True,True
NACC043867,16,9,-4,-4,-4,-4,-4,,-4,-4,-4,-4,-4,-4,-4,183,33,-4,-4,-4,-4,-4,0,0,1,1,1,0,True,False,True,True,1,2,0,1,False,73,20,1,1,1,0,4,-4,-4,8888,-4,-4,-4,False,Unknown,False,False,False,True,True,True
NACC044217,22,19,13,15,30,8,8,,-4,-4,8,11,11,5,6,71,48,17,8,1,27,28,1,1,8,1,1,0,True,True,True,True,0,7,-4,-4,False,58,12,2,1,1,0,3,-4,-4,2003,49,1,1,True,Unknown,True,True,True,False,True,True
NACC044228,14,10,9,9,32,8,8,,-4,-4,8,20,18,18,16,254,51,16,14,1,21,21,1,1,8,1,1,0,True,True,True,True,0,7,-4,-4,True,57,16,1,1,1,0,3,-4,-4,2017,54,1,1,True,Unknown,True,True,True,False,True,True
NACC044920,14,9,8,8,30,8,8,,-4,-4,8,29,19,24,17,94,48,16,13,1,23,23,0,0,0,1,2,0,True,False,True,True,0,7,-4,-4,False,55,18,1,1,1,0,4,-4,-4,8888,53,1,1,False,Unknown,True,False,False,False,False,False
NACC044970,10,4,-4,-4,-4,-4,-4,,-4,-4,-4,-4,-4,-4,-4,136,53,-4,-4,-4,-4,-4,0,0,1,1,2,0,True,False,True,True,1,1,1,0,False,78,12,1,1,1,0,4,-4,-4,8888,-4,-4,-4,False,Unknown,False,False,False,True,True,True
NACC045087,31,17,9,12,31,0,8,,-4,-4,0,27,19,24,18,58,38,14,14,1,29,29,0,0,8,1,1,1,True,False,True,True,0,7,-4,-4,True,63,18,1,1,1,0,3,-4,-4,8888,63,1,1,True,A-,True,False,False,False,False,False
NACC045294,12,6,-4,-4,-4,-4,-4,,-4,-4,-4,-4,-4,-4,-4,996,150,-4,-4,-4,-4,-4,0,0,1,1,1,0,False,True,False,False,0,7,0,0,False,75,16,1,1,1,0,4,-4,-4,8888,-4,-4,-4,False,Unknown,False,False,False,True,True,True
NACC046147,13,9,8,6,30,0,8,,-4,-4,0,10,10,8,8,56,25,14,9,1,25,25,-4,0,0,1,1,0,True,False,True,True,0,7,-4,-4,False,73,20,1,1,1,0,4,-4,-4,-4,70,1,1,False,A-,True,False,False,False,False,False
NACC047046,8,8,-4,-4,-4,-4,-4,,-4,-4,-4,-4,-4,-4,-4,998,106,-4,-4,-4,-4,-4,0,0,1,1,1,0,False,False,False,True,0,7,0,0,False,69,16,1,1,1,0,4,-4,-4,8888,-4,-4,-4,False,Unknown,False,False,False,True,True,True
NACC047359,14,7,12,10,27,0,8,,-4,-4,8,1,15,12,10,198,84,13,7,0,22,22,1,0,1,1,1,1,True,True,True,True,0,7,-4,-4,False,72,14,1,1,1,0,4,-4,-4,2022,68,1,1,True,A-,True,True,False,True,True,True
NACC047515,23,17,14,17,97,0,8,,-4,-4,8,97,97,97,97,54,26,16,13,1,27,27,0,0,8,1,2,0,True,False,True,True,0,7,-4,-4,False,64,20,1,1,1,0,2,-4,-4,8888,888,0,1,False,A-,False,False,False,False,False,False
NACC047981,19,8,12,12,29,8,8,,-4,-4,8,2,2,0,0,996,61,9,0,0,15,15,0,0,1,1,2,0,False,False,False,False,1,1,-4,-4,False,65,14,1,1,1,0,4,-4,-4,8888,888,0,0,False,Unknown,True,False,False,True,True,True
NACC048137,14,7,8,8,28,8,8,,-4,-4,8,19,10,8,4,280,49,15,8,1,15,15,1,0,1,1,1,0,True,True,True,True,0,7,-4,-4,False,82,16,1,1,1,0,4,-4,-4,2020,888,1,1,False,Unknown,True,True,False,True,True,True
NACC048262,22,15,19,13,-4,8,8,,-4,-4,8,21,14,22,18,-4,-4,-4,-4,-4,-4,-4,-4,0,1,1,1,0,True,False,True,True,0,7,-4,-4,False,89,12,2,1,1,0,4,-4,-4,-4,85,-4,-4,False,Unknown,False,False,False,True,True,True
NACC048350,17,14,14,21,30,8,8,,-4,-4,8,18,13,25,15,58,26,14,5,1,29,29,1,1,8,1,1,0,True,True,True,True,0,7,-4,-4,False,72,19,1,1,1,0,3,-4,-4,2021,65,0,1,True,Unknown,True,True,True,False,True,True
NACC048483,3,11,-4,-4,-4,-4,-4,,-4,-4,-4,-4,-4,-4,-4,300,150,-4,-4,-4,-4,-4,0,0,1,1,2,0,False,True,False,False,1,1,1,0,False,86,10,2,1,2,0,4,-4,-4,8888,-4,-4,-4,False,Unknown,False,False,False,True,True,True
NACC048651,8,3,3,4,26,1,8,,-4,-4,1,5,5,4,5,300,76,16,7,0,12,13,0,0,1,1,1,0,True,False,True,True,0,7,-4,-4,True,81,12,1,1,1,0,4,-4,-4,8888,888,8,1,False,A+,True,False,False,True,True,True
NACC048921,97,97,97,97,97,8,0,,-4,-4,8,97,97,97,97,997,997,97,97,97,16,16,0,0,8,0,7,0,True,True,False,True,0,7,-4,-4,False,58,16,2,1,1,0,3,-4,-4,8888,56,0,1,False,A-,False,False,False,False,False,False
NACC048977,22,17,-4,-4,-4,-4,-4,,-4,-4,-4,-4,-4,-4,-4,62,45,-4,-4,-4,-4,-4,0,0,1,1,2,1,True,False,True,True,1,1,0,1,False,69,16,1,1,1,0,4,-4,-4,8888,-4,-4,-4,True,Unknown,False,False,False,True,True,True
NACC049034,19,11,13,11,29,8,8,,-4,-4,8,22,16,19,14,74,29,10,7,1,22,22,-4,0,8,8,8,1,True,False,False,True,8,8,-4,-4,False,70,14,1,1,1,0,1,-4,-4,-4,888,0,1,False,Unknown,True,False,False,False,False,False
NACC049162,12,9,-4,-4,-4,-4,-4,,-4,-4,-4,-4,-4,-4,-4,300,40,-4,-4,-4,-4,-4,0,0,1,1,1,0,True,True,True,True,0,7,0,0,False,74,17,1,1,1,0,4,-4,-4,8888,-4,-4,-4,False,Unknown,False,False,False,True,True,True
NACC049532,8,5,-4,-4,-4,-4,-4,,-4,-4,-4,-4,-4,-4,-4,996,150,-4,-4,-4,-4,-4,1,1,0,1,1,0,True,True,True,True,0,7,0,0,False,69,20,1,1,1,0,4,-4,-4,2003,-4,-4,-4,True,Unknown,False,True,True,False,True,True
NACC049707,13,12,15,18,30,8,8,,-4,-4,8,19,15,18,14,61,35,15,6,1,24,24,-4,0,8,1,2,0,True,False,True,True,1,1,-4,-4,False,81,16,1,1,1,0,3,-4,-4,-4,888,0,1,False,Unknown,True,False,False,False,False,False
NACC050056,17,8,-4,-4,-4,-4,-4,,-4,-4,-4,-4,-4,-4,-4,300,37,-4,-4,-4,-4,-4,0,0,1,1,1,0,False,False,False,True,0,7,0,0,False,58,13,1,1,1,0,4,-4,-4,8888,-4,-4,-4,False,Unknown,False,False,False,True,True,True
NACC050376,12,6,-4,-4,-4,-4,-4,,-4,-4,-4,-4,-4,-4,-4,996,67,-4,-4,-4,-4,-4,0,0,8,1,1,0,True,True,True,True,0,7,0,0,False,74,16,1,1,1,0,3,-4,-4,8888,-4,-4,-4,False,Unknown,False,False,False,False,False,False
NACC050845,17,13,9,8,32,-4,-4,,-4,-4,-4,6,6,9,9,174,20,14,13,0,26,26,0,-4,8,1,1,0,False,False,False,False,0,8,-4,-4,False,69,14,1,1,-4,0,3,22,888,-4,-4,-4,0,False,Unknown,True,False,False,False,False,False
NACC051142,20,16,17,16,32,8,8,,-4,-4,8,4,5,1,2,996,75,17,6,1,24,24,0,0,8,1,1,0,True,False,True,True,0,7,-4,-4,False,78,18,2,1,1,0,3,-4,-4,8888,73,1,1,False,Unknown,True,False,False,False,False,False
NACC051351,7,5,-4,-4,-4,-4,-4,,-4,-4,-4,-4,-4,-4,-4,996,996,-4,-4,-4,-4,-4,0,0,1,1,1,0,False,True,False,False,0,7,0,0,False,72,18,1,1,1,0,4,-4,-4,8888,-4,-4,-4,False,Unknown,False,False,False,True,True,True
NACC051359,96,96,-4,-4,-4,-4,-4,,-4,-4,-4,-4,-4,-4,-4,996,996,-4,-4,-4,-4,-4,0,0,1,1,1,0,False,False,False,False,0,7,0,0,False,81,8,2,1,1,0,4,-4,-4,8888,-4,-4,-4,False,Unknown,False,False,False,True,True,True
NACC051756,16,9,15,11,26,1,1,,-4,-4,1,6,6,4,3,300,150,4,4,1,15,15,-4,0,1,1,2,1,False,False,False,False,1,1,-4,-4,False,66,14,1,1,1,0,4,-4,-4,-4,888,0,0,False,A+,True,False,False,True,True,True
NACC051988,6,8,-4,-4,-4,-4,-4,,-4,-4,-4,-4,-4,-4,-4,300,96,-4,-4,-4,-4,-4,0,0,1,1,2,0,False,False,False,False,1,1,1,0,False,83,12,2,1,1,0,4,-4,-4,8888,-4,-4,-4,False,Unknown,False,False,False,True,True,True
NACC052041,-4,-4,-4,-4,-4,-4,-4,,-4,-4,-4,-4,-4,-4,-4,-4,-4,-4,-4,-4,-4,-4,1,1,0,1,3,0,True,True,True,True,1,1,1,0,False,94,9,2,2,1,1,4,-4,-4,2010,-4,-4,-4,False,Unknown,False,True,True,False,True,True
NACC052891,14,10,11,3,23,8,8,,-4,-4,8,18,11,12,7,170,72,16,11,1,25,25,0,0,8,1,2,0,True,False,True,True,1,1,-4,-4,False,71,16,2,1,2,0,3,-4,-4,8888,65,0,1,False,Unknown,True,False,False,False,False,False
NACC053785,2,96,-4,-4,-4,-4,-4,,-4,-4,-4,-4,-4,-4,-4,995,995,-4,-4,-4,-4,-4,0,0,1,1,2,0,True,False,True,True,1,2,0,1,False,84,16,2,1,1,0,4,-4,-4,8888,-4,-4,-4,False,Unknown,False,False,False,True,True,True
NACC054081,14,14,-4,-4,-4,-4,-4,,-4,-4,-4,-4,-4,-4,-4,81,48,-4,-4,-4,-4,-4,1,1,0,1,1,0,True,True,True,True,0,7,0,0,False,74,12,2,1,1,0,4,-4,-4,2003,-4,-4,-4,True,Unknown,False,True,True,False,True,True
NACC054097,11,9,6,7,28,0,8,,-4,-4,8,16,13,12,11,163,73,15,6,0,24,24,-4,0,0,0,7,0,True,False,False,True,0,7,-4,-4,False,64,18,2,1,1,0,4,-4,-4,-4,52,0,1,False,A-,True,False,False,False,False,False
NACC054609,19,11,13,16,30,8,8,,-4,-4,8,25,20,24,18,60,26,17,11,1,27,27,1,1,8,8,8,0,True,True,True,True,8,8,-4,-4,False,66,18,1,1,1,0,1,-4,-4,2013,60,1,1,True,Unknown,True,True,True,False,True,True
NACC055180,-4,-4,-4,-4,-4,-4,-4,,-4,-4,-4,-4,-4,-4,-4,-4,-4,-4,-4,-4,-4,-4,0,0,1,1,2,0,True,False,True,True,1,1,1,0,False,82,16,1,1,1,0,4,-4,-4,8888,-4,-4,-4,False,Unknown,False,False,False,True,True,True
NACC055365,11,9,5,6,31,8,8,,-4,-4,8,13,10,10,9,996,81,14,0,1,18,18,0,0,1,1,2,0,True,False,True,True,1,1,-4,-4,False,82,20,2,1,1,0,4,-4,-4,8888,80,0,1,False,Unknown,True,False,False,True,True,True
NACC055371,22,6,6,5,32,8,8,,-4,-4,8,16,12,13,9,998,37,17,11,1,20,99,1,0,8,1,1,1,True,True,True,True,0,7,-4,-4,False,60,99,1,1,1,0,3,-4,-4,2018,56,1,1,True,Unknown,True,True,False,False,True,True
NACC055376,18,14,-4,-4,-4,-4,-4,,-4,-4,-4,-4,-4,-4,-4,996,41,-4,-4,-4,-4,-4,0,0,1,1,1,1,False,False,False,True,0,7,0,0,False,58,12,1,1,1,0,4,-4,-4,8888,-4,-4,-4,False,Unknown,False,False,False,True,True,True
NACC055544,12,13,12,4,30,8,8,,-4,-4,8,16,12,13,11,284,64,15,11,1,25,26,-4,0,1,1,1,0,False,False,False,False,0,7,-4,-4,False,87,12,2,1,1,0,4,-4,-4,-4,888,0,0,False,Unknown,True,False,False,True,True,True
NACC055582,23,14,20,18,32,8,0,,-4,-4,8,25,17,24,17,121,47,16,11,1,24,24,0,0,8,1,1,1,True,False,True,True,0,7,-4,-4,False,73,20,1,1,1,0,3,-4,-4,8888,70,1,1,True,A-,True,False,False,False,False,False
NACC055760,11,6,10,8,27,8,1,,-4,-4,8,9,8,96,96,232,35,17,2,0,18,18,-4,0,8,1,2,0,True,False,True,True,1,1,-4,-4,False,89,18,1,1,1,0,3,-4,-4,-4,89,1,1,False,A+,True,False,False,False,False,False
NACC055816,7,6,0,0,25,8,8,,-4,-4,8,0,0,0,0,300,140,14,1,1,17,17,-4,1,0,1,2,0,True,False,True,True,1,1,-4,-4,False,92,18,2,1,2,0,4,-4,-4,-4,89,0,1,False,Unknown,True,False,True,False,False,True
NACC056956,7,3,-4,-4,-4,-4,-4,,-4,-4,-4,-4,-4,-4,-4,996,150,-4,-4,-4,-4,-4,0,0,1,1,2,0,False,True,False,True,1,1,1,0,False,71,15,1,1,1,0,4,-4,-4,8888,-4,-4,-4,False,Unknown,False,False,False,True,True,True
NACC056995,12,7,14,17,25,8,8,,-4,-4,8,8,8,8,8,150,36,14,7,1,22,22,0,0,1,1,1,1,True,False,True,True,1,2,-4,-4,False,79,16,1,1,1,0,4,-4,-4,8888,888,0,1,False,Unknown,True,False,False,True,True,True
NACC057068,96,96,-4,-4,-4,-4,-4,,-4,-4,-4,-4,-4,-4,-4,996,996,-4,-4,-4,-4,-4,1,1,1,1,1,0,False,True,False,False,1,2,1,0,False,81,12,2,1,2,0,4,-4,-4,2004,-4,-4,-4,False,Unknown,False,True,True,True,True,True
NACC057843,26,15,23,18,31,8,8,,-4,-4,8,24,18,23,18,104,31,17,9,0,29,29,1,1,8,8,8,0,True,True,True,True,8,8,-4,-4,False,70,18,1,1,1,0,1,-4,-4,2014,65,0,1,True,Unknown,True,True,True,False,True,True
NACC057997,1,1,-4,-4,-4,-4,-4,,-4,-4,-4,-4,-4,-4,-4,996,996,-4,-4,-4,-4,-4,0,0,1,1,2,0,False,False,False,True,1,1,0,1,False,84,18,1,1,1,0,4,-4,-4,8888,-4,-4,-4,False,Unknown,False,False,False,True,True,True
NACC059118,97,97,-4,-4,-4,-4,-4,,-4,-4,-4,-4,-4,-4,-4,997,997,-4,-4,-4,-4,-4,0,0,1,1,1,0,True,False,True,True,0,7,0,0,False,74,12,1,2,1,1,4,-4,-4,8888,-4,-4,-4,False,Unknown,False,False,False,True,True,True
NACC059450,13,11,-4,-4,-4,-4,-4,,-4,-4,-4,-4,-4,-4,-4,300,93,-4,-4,-4,-4,-4,0,0,1,1,1,0,False,True,False,True,0,7,0,0,False,71,12,2,1,1,0,4,-4,-4,8888,-4,-4,-4,False,Unknown,False,False,False,True,True,True
NACC059464,18,8,5,6,32,0,8,,-4,-4,8,17,9,12,8,146,60,17,9,1,19,19,1,1,8,1,1,1,True,True,True,True,0,7,-4,-4,False,74,21,1,1,1,0,3,-4,-4,2016,68,1,1,True,A-,True,True,True,False,True,True
NACC059664,13,9,-4,-4,-4,-4,-4,,-4,-4,-4,-4,-4,-4,-4,124,41,-4,-4,-4,-4,-4,1,1,8,1,1,0,True,True,True,True,0,7,0,0,False,66,20,1,1,1,0,3,-4,-4,2008,-4,-4,-4,True,Unknown,False,True,True,False,True,True
NACC059773,17,7,-4,-4,-4,-4,-4,,-4,-4,-4,-4,-4,-4,-4,146,61,-4,-4,-4,-4,-4,0,0,8,1,1,0,True,False,True,True,1,2,0,1,False,57,16,1,1,1,0,3,-4,-4,8888,-4,-4,-4,True,Unknown,False,False,False,False,False,False
NACC060236,32,14,-4,-4,-4,-4,-4,,-4,-4,-4,-4,-4,-4,-4,39,37,-4,-4,-4,-4,-4,1,1,8,8,8,0,True,True,True,True,8,8,8,8,False,60,17,1,1,1,0,1,-4,-4,1995,-4,-4,-4,True,Unknown,False,True,True,False,True,True
NACC060314,10,9,3,1,29,8,1,,-4,-4,8,98,98,98,98,998,150,7,98,98,10,11,0,0,1,1,1,1,True,False,True,True,0,7,-4,-4,True,67,12,1,1,1,0,4,-4,-4,8888,66,1,1,False,A+,True,False,False,True,True,True
NACC060410,24,16,12,10,32,8,8,,-4,-4,8,28,19,28,19,72,27,17,13,1,28,28,0,1,8,1,3,0,True,False,True,True,0,7,-4,-4,False,61,20,2,1,1,0,3,-4,-4,8888,61,1,1,False,Unknown,True,False,True,False,False,True
NACC061095,96,96,-4,-4,-4,-4,-4,,-4,-4,-4,-4,-4,-4,-4,996,996,-4,-4,-4,-4,-4,0,0,1,1,2,0,True,False,True,True,1,1,1,0,False,79,16,1,1,2,0,4,-4,-4,8888,-4,-4,-4,False,Unknown,False,False,False,True,True,True
NACC061117,5,3,-4,-4,-4,-4,-4,,-4,-4,-4,-4,-4,-4,-4,996,150,-4,-4,-4,-4,-4,0,0,1,1,1,0,True,True,True,True,0,7,0,0,False,66,12,1,1,1,0,4,-4,-4,8888,-4,-4,-4,False,Unknown,False,False,False,True,True,True
NACC061174,9,12,5,9,27,1,8,,-4,-4,8,10,8,12,9,300,119,14,9,0,18,19,0,0,8,1,1,1,True,False,True,True,0,7,-4,-4,True,70,12,1,1,1,0,3,-4,-4,8888,70,1,1,False,A+,True,False,False,False,False,False
NACC061190,15,8,10,9,32,8,8,,-4,-4,8,2,2,0,0,144,28,13,4,1,16,16,-4,1,8,1,2,0,True,False,True,True,1,1,-4,-4,False,76,18,1,1,1,0,3,-4,-4,-4,75,1,1,True,Unknown,True,False,True,False,False,True
NACC061247,22,18,12,12,32,1,-4,elevated,1,0,-4,31,21,26,21,52,23,16,16,1,27,27,0,-4,8,8,8,0,True,False,False,True,8,8,-4,-4,False,71,21,2,1,-4,0,1,4,888,-4,-4,-4,1,False,A+,True,False,False,False,False,False
NACC061354,22,10,13,11,32,1,8,,-4,-4,0,11,10,3,3,300,150,15,0,1,20,20,1,1,1,1,1,0,True,True,True,True,0,7,-4,-4,False,67,14,1,1,2,0,4,-4,-4,2005,65,1,1,True,A+,True,True,True,True,True,True
NACC062265,11,5,3,4,29,8,8,,-4,-4,8,10,8,8,8,129,52,96,96,96,21,22,9,1,8,1,1,0,True,False,True,True,0,7,-4,-4,False,61,12,1,1,1,0,3,-4,-4,8888,58,1,1,False,Unknown,True,False,True,False,False,True
NACC062549,8,7,-4,-4,-4,-4,-4,,-4,-4,-4,-4,-4,-4,-4,998,86,-4,-4,-4,-4,-4,1,1,0,1,2,0,True,True,True,True,0,7,0,0,False,65,18,1,1,1,0,4,-4,-4,1999,-4,-4,-4,False,Unknown,False,True,True,False,True,True
NACC062806,17,8,11,9,28,0,8,,-4,-4,8,2,1,2,3,196,29,16,12,0,17,17,0,0,8,1,1,0,True,False,True,True,0,7,-4,-4,False,67,13,2,1,1,0,3,-4,-4,8888,62,0,1,False,A-,True,False,False,False,False,False
NACC063051,23,16,19,15,31,8,8,,-4,-4,8,16,10,14,10,132,46,15,12,1,27,27,1,1,8,1,1,0,True,True,True,True,1,2,-4,-4,False,65,16,2,1,1,0,3,-4,-4,2019,63,1,1,True,Unknown,True,True,True,False,True,True
NACC063230,20,9,-4,-4,-4,-4,-4,,-4,-4,-4,-4,-4,-4,-4,96,28,-4,-4,-4,-4,-4,1,1,8,8,8,0,True,True,True,True,8,8,8,8,False,73,14,1,1,1,0,1,-4,-4,2003,-4,-4,-4,True,Unknown,False,True,True,False,True,True
NACC063544,9,5,-4,-4,-4,-4,-4,,-4,-4,-4,-4,-4,-4,-4,995,995,-4,-4,-4,-4,-4,0,0,1,1,1,0,True,False,True,True,1,2,0,1,False,84,16,2,1,1,0,4,-4,-4,8888,-4,-4,-4,False,Unknown,False,False,False,True,True,True
NACC063570,17,9,15,14,28,8,8,,-4,-4,8,12,10,8,9,213,45,16,6,0,27,27,9,1,8,1,1,1,True,False,True,True,0,7,-4,-4,False,82,14,1,1,1,0,3,-4,-4,8888,79,0,1,True,Unknown,True,False,True,False,False,True
NACC063975,19,11,-4,-4,-4,-4,-4,,-4,-4,-4,-4,-4,-4,-4,83,31,-4,-4,-4,-4,-4,0,0,8,1,2,0,True,False,True,True,0,7,0,0,False,60,18,1,1,1,0,3,-4,-4,8888,-4,-4,-4,True,Unknown,False,False,False,False,False,False
NACC064031,1,3,-4,-4,-4,-4,-4,,-4,-4,-4,-4,-4,-4,-4,996,996,-4,-4,-4,-4,-4,0,0,1,1,1,0,True,False,True,True,0,7,0,0,False,85,12,1,1,1,0,4,-4,-4,8888,-4,-4,-4,False,Unknown,False,False,False,True,True,True
NACC064033,98,98,98,98,98,1,1,,-4,-4,1,98,98,98,98,998,998,98,98,98,88,88,-4,0,1,1,1,1,False,False,False,False,1,3,-4,-4,True,84,16,2,1,1,0,4,-4,-4,-4,888,0,0,False,A+,False,False,False,True,True,True
NACC064372,29,19,17,15,28,8,8,,-4,-4,8,25,15,21,16,120,33,15,8,1,27,27,0,0,8,1,1,1,True,False,True,True,0,7,-4,-4,False,57,20,1,1,1,0,3,-4,-4,8888,56,0,1,False,Unknown,True,False,False,False,False,False
NACC064878,11,3,-4,-4,-4,-4,-4,,-4,-4,-4,-4,-4,-4,-4,300,88,-4,-4,-4,-4,-4,1,1,0,1,1,0,True,True,True,True,0,7,0,0,False,74,20,1,1,1,0,4,-4,-4,2000,-4,-4,-4,False,Unknown,False,True,True,False,True,True
NACC064953,9,7,-4,-4,-4,-4,-4,,-4,-4,-4,-4,-4,-4,-4,128,66,-4,-4,-4,-4,-4,0,0,1,1,2,0,True,False,True,True,0,7,0,0,False,71,18,1,1,1,0,4,-4,-4,8888,-4,-4,-4,True,Unknown,False,False,False,True,True,True
NACC064998,12,19,12,12,32,8,8,,-4,-4,8,8,8,17,16,61,32,15,10,1,26,26,1,1,8,8,8,0,True,True,True,True,8,8,-4,-4,False,55,16,1,1,1,0,1,-4,-4,2016,48,1,1,True,Unknown,True,True,True,False,True,True
NACC065006,6,2,9,10,30,8,8,,-4,-4,8,2,2,0,0,142,45,16,3,1,16,16,-4,0,1,1,1,0,True,False,True,True,1,2,-4,-4,False,67,14,1,1,1,0,4,-4,-4,-4,65,0,1,True,Unknown,True,False,False,True,True,True
NACC065030,13,11,-4,-4,-4,-4,-4,,-4,-4,-4,-4,-4,-4,-4,77,48,-4,-4,-4,-4,-4,0,0,8,1,1,0,True,False,True,True,0,7,0,0,False,69,13,1,1,1,0,3,-4,-4,8888,-4,-4,-4,False,Unknown,False,False,False,False,False,False
NACC065130,10,6,14,15,30,8,8,,-4,-4,8,0,0,0,0,102,29,16,0,0,17,18,-4,0,1,1,2,0,False,False,False,True,1,1,-4,-4,False,76,8,1,1,3,0,4,-4,-4,-4,888,0,0,False,Unknown,True,False,False,True,True,True
NACC065247,18,4,-4,-4,-4,-4,-4,,-4,-4,-4,-4,-4,-4,-4,996,24,-4,-4,-4,-4,-4,0,0,1,1,1,0,True,True,True,True,0,7,0,0,False,75,12,1,1,1,0,4,-4,-4,8888,-4,-4,-4,False,Unknown,False,False,False,True,True,True
NACC065452,16,9,9,4,28,8,8,,-4,-4,8,8,6,5,6,133,29,17,17,1,18,19,0,0,1,1,1,1,True,False,True,True,0,7,-4,-4,False,60,12,1,1,1,0,4,-4,-4,8888,55,0,1,True,Unknown,True,False,False,True,True,True
NACC065474,9,7,-4,-4,-4,-4,-4,,-4,-4,-4,-4,-4,-4,-4,998,71,-4,-4,-4,-4,-4,1,1,0,1,1,0,True,True,True,True,0,7,0,0,False,82,12,2,1,1,0,4,-4,-4,2001,-4,-4,-4,True,Unknown,False,True,True,False,True,True
NACC065901,97,97,-4,-4,-4,-4,-4,,-4,-4,-4,-4,-4,-4,-4,997,997,-4,-4,-4,-4,-4,0,0,1,1,2,0,False,False,False,False,1,1,1,0,False,77,14,2,1,1,0,4,-4,-4,8888,-4,-4,-4,False,Unknown,False,False,False,True,True,True
NACC066222,17,10,-4,-4,-4,-4,-4,,-4,-4,-4,-4,-4,-4,-4,135,38,-4,-4,-4,-4,-4,1,1,0,1,2,0,True,True,True,True,1,1,1,0,False,84,18,1,1,1,0,4,-4,-4,2007,-4,-4,-4,False,Unknown,False,True,True,False,True,True
NACC066405,14,4,-4,-4,-4,-4,-4,,-4,-4,-4,-4,-4,-4,-4,996,150,-4,-4,-4,-4,-4,1,1,0,1,1,0,True,True,True,True,0,7,0,0,False,72,16,1,1,1,0,4,-4,-4,2003,-4,-4,-4,True,Unknown,False,True,True,False,True,True
NACC066775,21,4,12,12,27,-4,-4,,-4,-4,-4,22,15,15,11,123,55,15,8,1,17,17,0,-4,0,1,1,0,True,False,True,True,1,2,-4,-4,False,79,14,1,1,-4,1,3,20,888,-4,-4,-4,1,False,Unknown,True,False,False,False,False,False
NACC066917,9,5,-4,-4,-4,-4,-4,,-4,-4,-4,-4,-4,-4,-4,300,64,-4,-4,-4,-4,-4,0,0,1,1,1,0,True,True,True,True,0,7,0,0,False,76,16,1,1,1,0,4,-4,-4,8888,-4,-4,-4,True,Unknown,False,False,False,True,True,True
NACC067874,11,8,-4,-4,-4,-4,-4,,-4,-4,-4,-4,-4,-4,-4,250,51,-4,-4,-4,-4,-4,0,0,1,1,1,0,True,True,True,True,0,7,0,0,False,68,18,1,1,1,0,4,-4,-4,8888,-4,-4,-4,False,Unknown,False,False,False,True,True,True
NACC067958,11,6,-4,-4,-4,-4,-4,,-4,-4,-4,-4,-4,-4,-4,268,60,-4,-4,-4,-4,-4,0,0,1,1,1,0,True,False,True,True,0,7,0,0,False,79,16,2,1,1,0,4,-4,-4,8888,-4,-4,-4,False,Unknown,False,False,False,True,True,True
NACC068355,10,5,3,4,29,0,8,,-4,-4,8,9,7,11,6,137,75,16,8,1,25,25,-4,0,8,1,1,0,True,False,True,True,0,7,-4,-4,False,71,18,1,1,1,0,3,-4,-4,-4,888,1,1,False,A-,True,False,False,False,False,False
NACC068548,11,4,24,19,31,-4,-4,,-4,-4,-4,6,5,5,6,996,79,14,10,1,17,17,1,-4,8,1,1,1,True,True,True,True,0,8,-4,-4,False,71,18,1,1,-4,0,4,888,54,-4,-4,-4,1,True,Unknown,True,True,False,False,True,True
NACC068850,3,2,-4,-4,-4,-4,-4,,-4,-4,-4,-4,-4,-4,-4,996,150,-4,-4,-4,-4,-4,0,0,1,1,1,0,True,True,True,True,0,7,0,0,False,66,12,1,1,1,0,4,-4,-4,8888,-4,-4,-4,True,Unknown,False,False,False,True,True,True
NACC069197,11,0,-4,-4,-4,-4,-4,,-4,-4,-4,-4,-4,-4,-4,996,150,-4,-4,-4,-4,-4,0,0,1,1,2,0,True,True,True,True,1,1,1,0,False,60,12,1,1,1,0,4,-4,-4,8888,-4,-4,-4,False,Unknown,False,False,False,True,True,True
NACC069405,4,0,-4,-4,-4,-4,-4,,-4,-4,-4,-4,-4,-4,-4,206,86,-4,-4,-4,-4,-4,0,0,1,1,2,0,False,True,False,True,1,1,0,1,False,70,12,1,1,1,1,4,-4,-4,8888,-4,-4,-4,False,Unknown,False,False,False,True,True,True
NACC070583,14,8,-4,-4,-4,-4,-4,,-4,-4,-4,-4,-4,-4,-4,300,150,-4,-4,-4,-4,-4,0,1,0,1,3,0,True,True,True,True,1,1,1,0,False,40,9,2,1,1,1,4,-4,-4,8888,-4,-4,-4,False,Unknown,False,False,True,False,False,True
NACC070600,12,7,-4,-4,-4,-4,-4,,-4,-4,-4,-4,-4,-4,-4,996,80,-4,-4,-4,-4,-4,0,0,1,1,2,0,True,True,True,True,1,1,1,0,False,90,18,1,1,1,0,4,-4,-4,8888,-4,-4,-4,False,Unknown,False,False,False,True,True,True
NACC070942,11,5,9,10,31,8,8,,-4,-4,8,31,20,23,18,114,30,15,5,0,22,22,0,0,1,1,1,0,False,True,False,True,0,7,-4,-4,False,71,15,1,1,1,0,4,-4,-4,8888,888,0,0,False,Unknown,True,False,False,True,True,True
NACC071571,18,19,11,14,31,8,8,,-4,-4,8,21,17,13,10,106,24,15,9,1,30,30,-4,1,8,8,8,0,True,False,True,True,8,8,-4,-4,False,81,16,2,1,1,0,1,-4,-4,-4,78,0,1,True,Unknown,True,False,True,False,False,True
NACC071760,9,5,-4,-4,-4,-4,-4,,-4,-4,-4,-4,-4,-4,-4,294,70,-4,-4,-4,-4,-4,9,1,0,1,3,0,True,False,True,True,1,1,1,0,False,70,16,1,2,1,1,4,-4,-4,8888,-4,-4,-4,False,Unknown,False,False,True,False,False,True
NACC072256,16,8,-4,-4,-4,-4,-4,,-4,-4,-4,-4,-4,-4,-4,300,74,-4,-4,-4,-4,-4,0,0,1,1,1,0,True,True,True,True,1,2,0,1,False,71,12,2,1,1,0,4,-4,-4,8888,-4,-4,-4,True,Unknown,False,False,False,True,True,True
NACC072840,9,5,-4,-4,-4,-4,-4,,-4,-4,-4,-4,-4,-4,-4,300,89,-4,-4,-4,-4,-4,0,0,8,1,1,0,True,True,True,True,0,7,0,0,False,69,16,1,1,1,0,3,-4,-4,8888,-4,-4,-4,True,Unknown,False,False,False,False,False,False
NACC073098,17,9,11,16,32,8,8,,-4,-4,8,19,15,15,14,78,33,15,9,1,28,28,-4,1,8,8,8,0,True,False,True,True,8,8,-4,-4,False,90,21,1,1,1,0,1,-4,-4,-4,85,1,1,True,Unknown,True,False,True,False,False,True
NACC073228,11,7,-4,-4,-4,-4,-4,,-4,-4,-4,-4,-4,-4,-4,300,36,-4,-4,-4,-4,-4,0,0,1,1,1,0,True,False,True,True,0,7,0,0,False,83,12,2,1,1,0,4,-4,-4,8888,-4,-4,-4,False,Unknown,False,False,False,True,True,True
NACC073668,14,14,11,9,28,8,8,,-4,-4,8,13,9,6,7,997,997,14,11,1,23,23,-4,1,8,1,1,0,True,False,True,True,0,7,-4,-4,False,81,20,2,1,1,0,3,-4,-4,-4,81,1,1,True,Unknown,True,False,True,False,False,True
NACC073701,97,97,-4,-4,-4,-4,-4,,-4,-4,-4,-4,-4,-4,-4,997,997,-4,-4,-4,-4,-4,0,0,1,1,1,0,False,False,False,False,1,2,1,0,False,71,12,1,1,1,0,4,-4,-4,8888,-4,-4,-4,False,Unknown,False,False,False,True,True,True
NACC073751,11,8,11,10,31,0,8,,-4,-4,8,28,20,18,14,300,68,15,8,1,22,22,1,1,1,1,1,0,True,True,True,True,0,7,-4,-4,False,77,20,1,1,1,0,4,-4,-4,2015,69,1,1,True,A-,True,True,True,True,True,True
NACC074201,14,6,7,7,26,0,8,,-4,-4,8,18,20,18,16,98,38,17,16,1,23,23,-4,0,8,1,1,0,True,False,True,True,0,7,-4,-4,False,66,13,1,2,1,1,3,-4,-4,-4,65,0,1,False,A-,True,False,False,False,False,False
NACC074305,4,1,0,5,32,1,8,,-4,-4,8,6,4,7,5,998,998,1,0,0,10,10,0,0,1,1,1,0,True,False,True,True,1,2,-4,-4,False,71,16,1,1,1,0,4,-4,-4,8888,69,1,1,False,A+,True,False,False,True,True,True
NACC074386,13,9,23,16,29,0,8,,-4,-4,8,23,16,18,15,78,45,9,7,1,26,26,0,0,8,1,1,1,True,False,True,True,0,7,-4,-4,False,73,20,1,1,1,0,3,-4,-4,8888,888,0,1,False,A-,True,False,False,False,False,False
NACC074521,-4,-4,-4,-4,-4,-4,-4,,-4,-4,-4,-4,-4,-4,-4,-4,-4,-4,-4,-4,-4,-4,1,1,0,1,2,0,True,True,True,True,1,1,1,0,False,88,15,1,1,1,0,4,-4,-4,2009,-4,-4,-4,True,Unknown,False,True,True,False,True,True
NACC074619,6,2,5,4,21,8,8,,-4,-4,8,13,8,7,6,996,150,5,5,1,13,13,0,0,1,1,1,0,True,False,True,True,0,7,-4,-4,False,73,18,2,1,1,0,4,-4,-4,8888,71,1,1,False,Unknown,True,False,False,True,True,True
NACC074994,96,96,96,96,96,8,8,,-4,-4,8,96,96,96,96,996,996,96,96,96,5,6,0,0,0,1,2,0,True,False,True,True,1,1,-4,-4,False,84,12,1,1,1,0,4,-4,-4,8888,83,1,1,False,Unknown,False,False,False,False,False,False
NACC075001,9,10,6,9,29,8,8,,-4,-4,8,9,8,5,5,998,104,17,2,1,16,16,-4,0,8,1,2,0,True,False,True,True,1,1,-4,-4,False,87,15,1,1,2,0,3,-4,-4,-4,85,0,1,False,Unknown,True,False,False,False,False,False
NACC075653,12,15,20,18,27,8,8,,-4,-4,8,18,14,10,13,300,62,17,8,0,22,22,0,0,8,1,1,1,True,False,True,True,0,7,-4,-4,True,78,18,2,1,1,0,3,-4,-4,8888,75,1,1,False,Unknown,True,False,False,False,False,False
NACC075914,12,9,14,14,32,8,8,,-4,-4,8,23,18,25,20,300,59,12,8,1,24,25,1,0,1,1,1,1,True,True,True,True,0,7,-4,-4,False,72,12,2,1,1,0,4,-4,-4,2018,70,1,1,True,Unknown,True,True,False,True,True,True
NACC075988,16,8,-4,-4,-4,-4,-4,,-4,-4,-4,-4,-4,-4,-4,300,99,-4,-4,-4,-4,-4,0,0,8,1,1,0,True,False,True,True,1,2,0,1,False,84,12,1,1,1,0,3,-4,-4,8888,-4,-4,-4,False,Unknown,False,False,False,False,False,False
NACC076672,11,5,4,3,27,8,8,,-4,-4,8,10,8,10,9,996,129,10,1,0,12,12,1,0,1,1,1,0,True,True,True,True,1,2,-4,-4,True,80,20,1,1,1,0,4,-4,-4,9999,79,1,1,False,Unknown,True,True,False,True,True,True
NACC076873,96,96,-4,-4,-4,-4,-4,,-4,-4,-4,-4,-4,-4,-4,996,996,-4,-4,-4,-4,-4,0,0,1,1,2,0,True,False,True,True,1,1,1,0,False,69,6,2,2,99,1,4,-4,-4,8888,-4,-4,-4,False,Unknown,False,False,False,True,True,True
NACC076898,14,5,-4,-4,-4,-4,-4,,-4,-4,-4,-4,-4,-4,-4,996,106,-4,-4,-4,-4,-4,1,1,0,1,1,0,True,True,True,True,0,7,0,0,False,86,19,1,1,1,0,4,-4,-4,2012,-4,-4,-4,False,Unknown,False,True,True,False,True,True
NACC077135,13,5,11,11,30,8,8,,-4,-4,8,20,14,19,15,300,74,15,9,1,19,19,0,1,8,1,2,0,True,False,True,True,0,7,-4,-4,False,87,16,1,1,1,0,3,-4,-4,8888,888,1,1,False,Unknown,True,False,True,False,False,True
NACC077197,17,8,18,18,32,-4,-4,,1,-4,-4,22,16,23,17,106,37,15,7,1,22,22,0,-4,0,1,3,0,True,False,True,True,1,1,-4,-4,True,86,16,2,1,-4,0,3,2,888,-4,-4,-4,1,False,Unknown,True,False,False,False,False,False
NACC077243,10,4,-4,-4,-4,-4,-4,,-4,-4,-4,-4,-4,-4,-4,300,86,-4,-4,-4,-4,-4,0,0,1,1,1,0,True,False,True,True,0,7,0,0,False,65,16,1,1,1,0,4,-4,-4,8888,-4,-4,-4,False,Unknown,False,False,False,True,True,True
NACC077349,5,1,-4,-4,-4,-4,-4,,-4,-4,-4,-4,-4,-4,-4,300,70,-4,-4,-4,-4,-4,0,0,1,1,1,0,True,True,True,True,0,7,0,0,False,58,18,2,1,1,0,4,-4,-4,8888,-4,-4,-4,True,Unknown,False,False,False,True,True,True
NACC077392,19,7,9,9,31,8,8,,-4,-4,8,11,9,5,6,998,85,13,8,1,88,88,-4,0,0,1,2,0,True,False,True,True,0,7,-4,-4,False,83,19,1,1,1,0,4,-4,-4,-4,81,1,1,False,Unknown,True,False,False,False,False,False
NACC077455,-4,-4,-4,-4,-4,0,8,,-4,-4,8,-4,-4,-4,-4,-4,-4,-4,-4,-4,-4,-4,-4,0,1,1,2,0,True,False,True,True,1,1,-4,-4,False,72,18,2,8,5,0,4,-4,-4,-4,70,-4,-4,False,A-,False,False,False,True,True,True
NACC078391,14,10,18,12,32,8,8,,-4,-4,8,14,12,13,10,172,64,16,15,1,22,23,1,1,8,1,1,0,True,True,True,True,0,7,-4,-4,False,55,12,1,1,1,0,3,-4,-4,2015,51,1,1,True,Unknown,True,True,True,False,True,True
NACC078615,11,4,11,4,97,8,8,,-4,-4,8,12,11,8,7,300,48,15,7,1,12,13,0,0,1,1,1,0,True,False,True,True,0,7,-4,-4,False,69,12,1,1,1,1,4,-4,-4,8888,888,0,1,False,Unknown,False,False,False,True,True,True
NACC078718,8,5,-4,-4,-4,-4,-4,,-4,-4,-4,-4,-4,-4,-4,996,996,-4,-4,-4,-4,-4,0,0,1,1,1,0,False,False,False,True,1,2,0,1,False,69,18,1,1,1,0,4,-4,-4,8888,-4,-4,-4,False,Unknown,False,False,False,True,True,True
NACC078753,18,7,-4,-4,-4,-4,-4,,-4,-4,-4,-4,-4,-4,-4,82,34,-4,-4,-4,-4,-4,0,0,1,1,1,0,False,False,False,True,0,7,0,0,False,65,16,1,1,1,0,4,-4,-4,8888,-4,-4,-4,False,Unknown,False,False,False,True,True,True
NACC078831,1,98,98,98,98,8,8,,-4,-4,8,5,3,98,98,996,996,96,96,96,7,7,-4,0,1,1,1,0,False,False,False,True,1,2,-4,-4,False,72,20,2,1,1,0,4,-4,-4,-4,888,0,0,True,Unknown,False,False,False,True,True,True
NACC079008,22,9,13,11,32,8,8,,-4,-4,8,23,18,15,17,100,42,14,12,1,28,28,1,1,8,8,8,0,True,True,True,True,8,8,-4,-4,False,69,16,1,1,1,0,1,-4,-4,2015,66,1,1,True,Unknown,True,True,True,False,True,True
NACC079032,17,9,-4,-4,-4,-4,-4,,-4,-4,-4,-4,-4,-4,-4,155,37,-4,-4,-4,-4,-4,0,0,8,1,1,0,True,True,True,True,0,7,0,0,False,81,12,1,1,1,0,3,-4,-4,8888,-4,-4,-4,False,Unknown,False,False,False,False,False,False
NACC079644,14,15,-4,-4,-4,-4,-4,,-4,-4,-4,-4,-4,-4,-4,118,44,-4,-4,-4,-4,-4,1,1,8,1,1,0,True,True,True,True,0,7,0,0,False,69,18,1,1,1,0,3,-4,-4,2011,-4,-4,-4,True,Unknown,False,True,True,False,True,True
NACC079685,10,5,-4,-4,-4,-4,-4,,-4,-4,-4,-4,-4,-4,-4,201,42,-4,-4,-4,-4,-4,0,0,1,1,1,0,True,True,True,True,0,7,0,0,False,66,16,1,1,1,0,4,-4,-4,8888,-4,-4,-4,False,Unknown,False,False,False,True,True,True
NACC079797,12,10,16,11,32,8,1,,-4,-4,8,15,13,12,10,52,27,15,10,1,24,24,-4,0,1,1,1,0,False,False,False,False,0,7,-4,-4,False,61,18,1,1,1,0,4,-4,-4,-4,888,0,0,False,A+,True,False,False,True,True,True
NACC080553,4,3,6,3,-4,8,8,,-4,-4,8,2,2,0,0,-4,-4,-4,-4,-4,-4,-4,-4,0,1,1,1,0,True,False,True,True,0,7,-4,-4,False,71,12,1,1,1,0,4,-4,-4,-4,71,-4,-4,False,Unknown,False,False,False,True,True,True
NACC080666,2,2,-4,-4,-4,-4,-4,,-4,-4,-4,-4,-4,-4,-4,300,150,-4,-4,-4,-4,-4,1,0,1,1,1,0,False,True,False,False,1,2,0,1,False,80,16,1,1,1,0,4,-4,-4,9999,-4,-4,-4,False,Unknown,False,True,False,True,True,True
NACC080949,4,0,-4,-4,-4,-4,-4,,-4,-4,-4,-4,-4,-4,-4,996,150,-4,-4,-4,-4,-4,9,1,0,1,2,0,True,False,True,True,1,1,1,0,False,88,20,1,1,1,0,4,-4,-4,8888,-4,-4,-4,False,Unknown,False,False,True,False,False,True
NACC081544,97,97,-4,-4,-4,-4,-4,,-4,-4,-4,-4,-4,-4,-4,93,46,-4,-4,-4,-4,-4,0,0,1,1,1,0,True,True,True,True,0,7,0,0,False,73,20,1,1,1,0,4,-4,-4,8888,-4,-4,-4,True,Unknown,False,False,False,True,True,True
NACC082045,25,15,-4,-4,-4,-4,-4,,-4,-4,-4,-4,-4,-4,-4,27,21,-4,-4,-4,-4,-4,1,1,8,8,8,0,True,True,True,True,8,8,8,8,False,62,19,1,1,1,0,1,-4,-4,2006,-4,-4,-4,True,Unknown,False,True,True,False,True,True
NACC082489,25,15,18,16,32,8,8,,-4,-4,8,16,14,17,13,300,48,16,7,1,18,18,0,0,1,1,1,0,True,True,True,True,0,7,-4,-4,True,80,16,1,1,1,0,4,-4,-4,8888,77,1,1,False,Unknown,True,False,False,True,True,True
NACC082961,2,3,-4,-4,-4,-4,-4,,-4,-4,-4,-4,-4,-4,-4,996,150,-4,-4,-4,-4,-4,1,1,0,1,2,0,True,True,True,True,1,1,0,1,False,58,6,1,2,1,1,4,-4,-4,2014,-4,-4,-4,True,Unknown,False,True,True,False,True,True
NACC083145,6,7,6,5,27,8,8,,-4,-4,8,0,0,0,0,996,87,12,0,1,13,14,0,0,1,1,1,0,True,False,True,True,1,2,-4,-4,False,71,12,1,1,1,0,4,-4,-4,8888,888,1,1,False,Unknown,True,False,False,True,True,True
NACC084097,97,97,-4,-4,-4,-4,-4,,-4,-4,-4,-4,-4,-4,-4,997,997,-4,-4,-4,-4,-4,0,0,1,1,1,0,True,True,True,True,1,2,0,1,False,68,20,1,1,1,0,4,-4,-4,8888,-4,-4,-4,False,Unknown,False,False,False,True,True,True
NACC084374,97,97,-4,-4,-4,-4,-4,,-4,-4,-4,-4,-4,-4,-4,997,997,-4,-4,-4,-4,-4,0,0,1,1,1,0,False,False,False,False,0,7,0,0,False,81,20,1,1,1,0,4,-4,-4,8888,-4,-4,-4,False,Unknown,False,False,False,True,True,True
NACC084449,5,0,-4,-4,-4,-4,-4,,-4,-4,-4,-4,-4,-4,-4,300,150,-4,-4,-4,-4,-4,0,0,1,1,2,0,False,False,False,False,1,1,1,0,False,80,16,1,1,1,0,4,-4,-4,8888,-4,-4,-4,False,Unknown,False,False,False,True,True,True
NACC084515,13,11,-4,-4,-4,8,8,,-4,-4,8,-4,-4,-4,-4,141,51,-4,-4,-4,-4,-4,0,0,1,1,2,0,True,False,True,True,1,1,-4,-4,False,77,14,2,2,1,1,4,-4,-4,8888,76,1,1,False,Unknown,False,False,False,True,True,True
NACC085435,7,1,4,5,28,8,8,,-4,-4,8,19,12,9,7,996,103,11,3,0,14,14,0,0,1,1,2,0,False,False,False,True,1,1,-4,-4,False,82,18,1,1,2,0,4,-4,-4,8888,888,0,0,False,Unknown,True,False,False,True,True,True
NACC085498,97,97,97,97,-4,8,8,,-4,-4,8,-4,-4,-4,-4,997,997,97,97,97,-4,-4,-4,0,1,1,2,0,True,False,True,True,1,1,-4,-4,False,77,16,1,1,1,0,4,-4,-4,-4,75,1,1,False,Unknown,False,False,False,True,True,True
NACC085872,16,8,5,8,23,8,8,,-4,-4,8,22,14,21,11,180,62,15,15,1,21,21,1,0,0,0,7,0,True,True,False,True,0,7,-4,-4,False,76,18,1,1,1,1,4,-4,-4,2021,73,0,1,True,Unknown,True,True,False,False,True,True
NACC086144,23,14,20,13,31,8,8,,-4,-4,8,25,20,15,15,52,15,12,9,0,26,26,-4,1,8,8,8,0,True,False,True,True,8,8,-4,-4,False,59,15,2,1,1,0,1,-4,-4,-4,40,1,1,True,Unknown,True,False,True,False,False,True
NACC087195,15,5,13,11,28,8,8,,-4,-4,8,23,16,19,13,150,33,17,6,0,20,21,-4,1,8,8,8,0,True,False,True,True,8,8,-4,-4,False,80,12,2,1,1,0,1,-4,-4,-4,888,1,1,False,Unknown,True,False,True,False,False,True
NACC087429,14,5,-4,-4,-4,-4,-4,,-4,-4,-4,-4,-4,-4,-4,168,38,-4,-4,-4,-4,-4,1,1,1,1,1,0,False,True,False,False,1,2,0,1,False,78,16,1,1,1,0,4,-4,-4,2011,-4,-4,-4,False,Unknown,False,True,True,True,True,True
NACC087584,22,15,16,16,97,0,0,,-4,-4,0,16,12,11,10,997,52,11,10,0,22,22,0,0,8,1,1,1,True,False,True,True,0,7,-4,-4,False,71,13,1,1,1,0,3,-4,-4,8888,888,0,1,False,A-,False,False,False,False,False,False
NACC087653,17,13,18,15,32,1,-4,,-4,1,-4,7,7,4,5,249,46,15,10,1,24,24,0,-4,0,1,1,0,True,False,True,True,1,3,-4,-4,False,68,17,1,1,-4,0,4,12,888,-4,-4,-4,1,False,A+,True,False,False,False,False,False
NACC087798,12,10,-4,-4,-4,-4,-4,,-4,-4,-4,-4,-4,-4,-4,300,79,-4,-4,-4,-4,-4,0,0,1,1,1,0,True,False,True,True,0,7,0,0,False,74,20,1,1,1,0,4,-4,-4,8888,-4,-4,-4,False,Unknown,False,False,False,True,True,True
NACC088088,22,8,-4,-4,-4,-4,-4,,-4,-4,-4,-4,-4,-4,-4,998,37,-4,-4,-4,-4,-4,0,1,8,1,1,0,True,False,True,True,0,7,0,0,False,78,18,1,1,1,0,3,-4,-4,8888,-4,-4,-4,False,Unknown,False,False,True,False,False,True
NACC088324,18,11,11,14,30,8,8,,-4,-4,8,19,13,16,11,169,38,17,10,1,24,24,-4,1,8,1,3,0,True,False,True,True,1,1,-4,-4,False,79,19,1,1,1,0,3,-4,-4,-4,75,0,1,True,Unknown,True,False,True,False,False,True
NACC088336,11,7,15,10,25,8,8,,-4,-4,8,11,6,0,0,110,37,14,0,1,19,19,-4,1,0,0,7,0,True,False,True,True,1,1,-4,-4,False,77,20,1,1,1,0,4,-4,-4,-4,77,1,1,False,Unknown,True,False,True,False,False,True
NACC088919,13,6,-4,-4,-4,-4,-4,,-4,-4,-4,-4,-4,-4,-4,996,107,-4,-4,-4,-4,-4,1,1,1,1,1,0,False,True,False,False,0,7,0,0,False,84,16,1,1,1,0,4,-4,-4,1989,-4,-4,-4,True,Unknown,False,True,True,True,True,True
NACC089110,6,3,2,2,97,8,8,,-4,-4,8,3,7,4,5,98,44,15,10,1,18,18,-4,0,1,1,2,0,True,False,True,True,1,1,-4,-4,False,88,18,1,1,1,0,4,-4,-4,-4,888,1,1,False,Unknown,False,False,False,True,True,True
NACC089717,14,9,8,7,29,8,8,,-4,-4,8,24,16,25,16,138,39,11,10,1,25,25,1,1,8,8,8,0,True,True,True,True,8,8,-4,-4,False,77,18,1,1,1,0,1,-4,-4,2016,73,1,1,True,Unknown,True,True,True,False,True,True
NACC090036,-4,-4,-4,-4,-4,8,8,,-4,-4,8,-4,-4,-4,-4,-4,-4,-4,-4,-4,-4,-4,-4,0,1,1,1,0,False,False,False,False,0,7,-4,-4,False,101,8,2,8,1,0,4,-4,-4,-4,888,-4,-4,False,Unknown,False,False,False,True,True,True
NACC090230,96,96,-4,-4,-4,-4,-4,,-4,-4,-4,-4,-4,-4,-4,996,996,-4,-4,-4,-4,-4,1,1,0,1,3,0,True,True,True,True,1,1,1,0,False,85,18,2,1,1,0,4,-4,-4,2001,-4,-4,-4,False,Unknown,False,True,True,False,True,True
NACC090305,16,13,-4,-4,-4,-4,-4,,-4,-4,-4,-4,-4,-4,-4,82,28,-4,-4,-4,-4,-4,1,1,8,8,8,0,True,True,True,True,8,8,8,8,False,64,18,2,1,1,0,1,-4,-4,2003,-4,-4,-4,True,Unknown,False,True,True,False,True,True
NACC090865,4,3,-4,-4,-4,-4,-4,,-4,-4,-4,-4,-4,-4,-4,996,996,-4,-4,-4,-4,-4,0,0,1,1,1,0,False,True,False,False,0,7,0,0,False,87,12,1,1,1,0,4,-4,-4,8888,-4,-4,-4,False,Unknown,False,False,False,True,True,True
NACC091622,97,97,-4,-4,-4,-4,-4,,-4,-4,-4,-4,-4,-4,-4,997,997,-4,-4,-4,-4,-4,0,0,8,1,1,0,True,False,True,True,0,7,0,0,False,76,19,1,1,1,0,2,-4,-4,8888,-4,-4,-4,False,Unknown,False,False,False,False,False,False
NACC091689,5,2,-4,-4,-4,-4,-4,,-4,-4,-4,-4,-4,-4,-4,300,62,-4,-4,-4,-4,-4,0,0,1,1,1,0,False,True,False,False,0,7,0,0,False,71,20,1,1,1,0,4,-4,-4,8888,-4,-4,-4,False,Unknown,False,False,False,True,True,True
NACC091733,7,5,-4,-4,-4,-4,-4,,-4,-4,-4,-4,-4,-4,-4,193,38,-4,-4,-4,-4,-4,0,0,8,1,1,0,True,False,True,True,1,2,1,0,False,81,16,1,1,1,0,3,-4,-4,8888,-4,-4,-4,False,Unknown,False,False,False,False,False,False
NACC092099,11,10,-4,-4,-4,-4,-4,,-4,-4,-4,-4,-4,-4,-4,70,36,-4,-4,-4,-4,-4,1,1,8,1,1,0,True,True,True,True,0,7,0,0,False,78,18,2,1,1,0,2,-4,-4,9999,-4,-4,-4,True,Unknown,False,True,True,False,True,True
NACC092122,15,9,10,6,24,8,8,,-4,-4,8,17,11,6,6,300,126,6,0,0,14,14,-4,0,1,1,1,0,True,False,True,True,0,7,-4,-4,False,91,17,2,1,1,0,4,-4,-4,-4,888,0,1,False,Unknown,True,False,False,True,True,True
NACC092350,7,6,-4,-4,-4,-4,-4,,-4,-4,-4,-4,-4,-4,-4,996,996,-4,-4,-4,-4,-4,0,1,1,1,1,0,False,True,False,True,0,7,0,0,False,76,12,2,1,1,0,4,-4,-4,8888,-4,-4,-4,False,Unknown,False,False,True,True,True,True
NACC092490,18,11,8,10,32,8,8,,-4,-4,8,26,19,23,18,95,55,15,12,1,26,26,1,1,8,8,8,0,True,True,True,True,8,8,-4,-4,False,72,18,1,1,1,0,1,-4,-4,2004,57,1,1,True,Unknown,True,True,True,False,True,True
NACC092586,23,11,19,20,30,8,8,,-4,-4,8,15,9,14,13,120,42,16,9,1,22,22,-4,1,8,1,2,0,True,False,True,True,1,1,-4,-4,False,85,19,2,1,1,0,3,-4,-4,-4,85,0,1,False,Unknown,True,False,True,False,False,True
NACC092622,5,3,-4,-4,-4,-4,-4,,-4,-4,-4,-4,-4,-4,-4,996,996,-4,-4,-4,-4,-4,0,0,1,1,1,0,True,True,True,True,0,7,0,0,False,64,19,1,1,1,0,4,-4,-4,8888,-4,-4,-4,False,Unknown,False,False,False,True,True,True
NACC092763,9,6,-4,-4,-4,-4,-4,,-4,-4,-4,-4,-4,-4,-4,996,150,-4,-4,-4,-4,-4,0,0,1,1,1,0,False,True,False,False,0,7,0,0,False,67,12,1,1,2,0,4,-4,-4,8888,-4,-4,-4,False,Unknown,False,False,False,True,True,True
NACC093427,11,7,-4,-4,-4,-4,-4,,-4,-4,-4,-4,-4,-4,-4,996,150,-4,-4,-4,-4,-4,0,0,1,1,1,0,True,True,True,True,0,7,0,0,False,65,20,1,1,1,0,4,-4,-4,8888,-4,-4,-4,True,Unknown,False,False,False,True,True,True
NACC094120,8,5,-4,-4,-4,-4,-4,,-4,-4,-4,-4,-4,-4,-4,221,38,-4,-4,-4,-4,-4,1,1,0,1,1,0,True,True,True,True,0,7,0,0,False,76,16,1,1,1,0,4,-4,-4,2005,-4,-4,-4,True,Unknown,False,True,True,False,True,True
NACC094982,10,9,-4,-4,-4,-4,-4,,-4,-4,-4,-4,-4,-4,-4,111,34,-4,-4,-4,-4,-4,0,0,8,1,1,0,True,True,True,True,1,2,0,1,False,78,18,1,1,1,0,3,-4,-4,8888,-4,-4,-4,True,Unknown,False,False,False,False,False,False
NACC095863,9,7,-4,-4,-4,-4,-4,,-4,-4,-4,-4,-4,-4,-4,300,46,-4,-4,-4,-4,-4,0,0,1,1,2,0,True,True,True,True,1,1,1,0,False,82,18,1,1,1,0,4,-4,-4,8888,-4,-4,-4,False,Unknown,False,False,False,True,True,True
NACC096615,25,11,16,15,32,8,8,,-4,-4,8,22,17,13,15,240,50,16,6,0,21,22,0,0,8,1,1,0,True,False,True,True,0,7,-4,-4,False,74,12,1,1,1,0,3,-4,-4,8888,73,0,1,False,Unknown,True,False,False,False,False,False
NACC097453,11,8,8,10,-4,8,8,,-4,-4,8,14,10,7,5,-4,-4,-4,-4,-4,-4,-4,-4,1,8,1,1,0,True,False,True,True,0,7,-4,-4,False,77,18,2,1,1,0,2,-4,-4,-4,70,-4,-4,True,Unknown,False,False,True,False,False,True
NACC098320,9,7,-4,-4,-4,-4,-4,,-4,-4,-4,-4,-4,-4,-4,300,102,-4,-4,-4,-4,-4,0,0,1,1,1,0,False,True,False,True,0,7,0,0,False,71,16,2,1,1,0,4,-4,-4,8888,-4,-4,-4,False,Unknown,False,False,False,True,True,True
NACC098718,3,3,-4,-4,-4,-4,-4,,-4,-4,-4,-4,-4,-4,-4,996,150,-4,-4,-4,-4,-4,1,1,0,1,1,0,True,True,True,True,0,7,0,0,False,73,21,1,1,1,0,4,-4,-4,1980,-4,-4,-4,True,Unknown,False,True,True,False,True,True
NACC098780,3,3,2,2,28,8,8,,-4,-4,8,11,7,5,2,996,150,97,97,97,10,11,1,0,1,1,1,1,True,True,True,True,0,7,-4,-4,False,80,12,1,1,1,0,4,-4,-4,2018,78,1,1,False,Unknown,True,True,False,True,True,True
NACC098845,11,6,6,7,30,8,8,,-4,-4,8,19,14,9,8,300,76,13,4,0,17,18,0,0,1,1,1,1,True,True,True,True,0,7,-4,-4,False,75,12,1,1,1,0,4,-4,-4,8888,73,1,1,False,Unknown,True,False,False,True,True,True
NACC098998,96,96,96,96,96,8,8,,-4,-4,8,96,96,96,96,996,996,96,96,96,3,3,-4,0,0,1,2,0,True,False,True,True,1,1,-4,-4,False,84,16,2,1,1,0,4,-4,-4,-4,82,0,1,True,Unknown,False,False,False,False,False,False
NACC099027,9,8,-4,-4,-4,-4,-4,,-4,-4,-4,-4,-4,-4,-4,996,119,-4,-4,-4,-4,-4,0,0,1,1,1,0,False,False,False,False,0,7,0,0,False,71,16,1,1,1,0,4,-4,-4,8888,-4,-4,-4,False,Unknown,False,False,False,True,True,True
NACC099533,24,23,-4,-4,-4,-4,-4,,-4,-4,-4,-4,-4,-4,-4,59,26,-4,-4,-4,-4,-4,1,1,8,8,8,0,True,True,True,True,8,8,8,8,False,70,16,2,1,1,0,1,-4,-4,2003,-4,-4,-4,True,Unknown,False,True,True,False,True,True
NACC099697,-4,-4,-4,-4,-4,-4,-4,,-4,-4,-4,-4,-4,-4,-4,-4,-4,-4,-4,-4,-4,-4,0,0,1,1,1,0,True,False,True,True,0,7,0,0,False,69,15,1,1,1,0,4,-4,-4,8888,-4,-4,-4,False,Unknown,False,False,False,True,True,True
NACC099851,98,98,-4,-4,-4,-4,-4,,-4,-4,-4,-4,-4,-4,-4,998,998,-4,-4,-4,-4,-4,0,0,1,1,1,0,False,False,False,False,0,7,0,0,False,69,12,1,1,1,0,4,-4,-4,8888,-4,-4,-4,False,Unknown,False,False,False,True,True,True
NACC099866,98,98,-4,-4,-4,-4,-4,,-4,-4,-4,-4,-4,-4,-4,998,998,-4,-4,-4,-4,-4,0,0,1,1,2,0,False,False,False,True,1,1,1,0,False,63,12,2,1,1,0,4,-4,-4,8888,-4,-4,-4,False,Unknown,False,False,False,True,True,True
NACC100089,10,9,6,8,14,8,8,,-4,-4,8,96,96,97,97,997,997,97,97,97,13,13,-4,0,0,1,2,0,True,False,True,True,1,1,-4,-4,False,98,17,2,1,2,0,4,-4,-4,-4,888,1,1,False,Unknown,True,False,False,False,False,False
NACC100289,17,9,-4,-4,-4,-4,-4,,-4,-4,-4,-4,-4,-4,-4,300,77,-4,-4,-4,-4,-4,0,0,1,1,1,0,False,False,False,True,1,2,0,1,False,66,14,2,1,1,0,4,-4,-4,8888,-4,-4,-4,False,Unknown,False,False,False,True,True,True
NACC100590,-4,-4,-4,-4,-4,-4,-4,,-4,-4,-4,-4,-4,-4,-4,-4,-4,-4,-4,-4,-4,-4,0,0,1,1,1,0,True,True,True,True,0,7,0,0,False,72,20,1,1,1,0,4,-4,-4,8888,-4,-4,-4,True,Unknown,False,False,False,True,True,True
NACC100666,15,10,-4,-4,-4,-4,-4,,-4,-4,-4,-4,-4,-4,-4,77,32,-4,-4,-4,-4,-4,0,1,1,1,2,0,True,False,True,True,0,7,0,0,False,77,16,1,1,1,0,4,-4,-4,8888,-4,-4,-4,False,Unknown,False,False,True,True,True,True
NACC101016,10,6,-4,-4,-4,-4,-4,,-4,-4,-4,-4,-4,-4,-4,995,995,-4,-4,-4,-4,-4,1,1,0,1,1,0,True,True,True,True,0,7,0,0,False,67,8,1,1,1,0,4,-4,-4,9999,-4,-4,-4,True,Unknown,False,True,True,False,True,True
NACC101019,96,96,96,96,96,8,8,,-4,-4,8,96,96,96,96,996,996,96,96,96,3,3,0,0,1,1,1,0,True,True,True,True,0,7,-4,-4,False,61,16,2,1,1,0,4,-4,-4,8888,55,1,1,False,Unknown,False,False,False,True,True,True
NACC101088,-4,-4,-4,-4,-4,-4,-4,,-4,-4,-4,-4,-4,-4,-4,-4,-4,-4,-4,-4,-4,-4,1,1,8,1,1,0,True,True,True,True,0,7,0,0,False,53,18,2,1,1,0,3,-4,-4,2001,-4,-4,-4,True,Unknown,False,True,True,False,True,True
NACC101233,20,15,-4,-4,-4,-4,-4,,-4,-4,-4,-4,-4,-4,-4,300,60,-4,-4,-4,-4,-4,1,1,8,1,1,0,True,True,True,True,0,7,0,0,False,69,14,1,1,1,0,3,-4,-4,1998,-4,-4,-4,True,Unknown,False,True,True,False,True,True
NACC101261,21,11,28,17,-4,8,8,,-4,-4,8,13,9,14,10,-4,-4,-4,-4,-4,-4,-4,-4,0,1,1,1,0,False,False,False,True,0,7,-4,-4,False,82,16,1,1,1,0,4,-4,-4,-4,-4,-4,-4,False,Unknown,False,False,False,True,True,True
NACC101492,11,10,-4,-4,-4,-4,-4,,-4,-4,-4,-4,-4,-4,-4,300,49,-4,-4,-4,-4,-4,0,0,1,1,1,0,False,True,False,True,1,2,0,1,False,74,8,1,1,1,0,4,-4,-4,8888,-4,-4,-4,False,Unknown,False,False,False,True,True,True
NACC101508,17,14,-4,-4,-4,-4,-4,,-4,-4,-4,-4,-4,-4,-4,53,17,-4,-4,-4,-4,-4,1,1,8,8,8,0,True,True,True,True,8,8,8,8,False,56,16,1,1,1,9,1,-4,-4,2003,-4,-4,-4,True,Unknown,False,True,True,False,True,True
NACC101745,5,5,1,3,27,8,8,,-4,-4,8,17,13,8,6,997,150,4,3,1,16,16,0,0,1,1,1,1,True,True,True,True,0,7,-4,-4,False,73,19,1,1,1,0,4,-4,-4,8888,67,1,1,False,Unknown,True,False,False,True,True,True
NACC101835,26,10,12,10,29,8,8,,-4,-4,8,23,14,17,13,54,34,15,12,1,24,24,1,1,8,8,8,1,True,True,True,True,8,8,-4,-4,False,63,16,1,1,1,0,1,-4,-4,2012,57,1,1,True,Unknown,True,True,True,False,True,True
NACC101982,16,9,7,11,-4,8,8,,-4,-4,8,15,16,14,14,-4,-4,-4,-4,-4,-4,-4,-4,0,8,1,1,0,True,False,True,True,0,7,-4,-4,False,79,16,1,1,5,0,3,-4,-4,-4,79,-4,-4,False,Unknown,False,False,False,False,False,False
NACC102086,12,5,-4,-4,-4,-4,-4,,-4,-4,-4,-4,-4,-4,-4,300,60,-4,-4,-4,-4,-4,1,1,8,1,1,0,True,True,True,True,1,2,0,1,False,84,16,1,1,1,0,3,-4,-4,2008,-4,-4,-4,True,Unknown,False,True,True,False,True,True
NACC102909,8,5,-4,-4,-4,-4,-4,,-4,-4,-4,-4,-4,-4,-4,300,82,-4,-4,-4,-4,-4,1,1,8,1,2,0,True,True,True,True,1,1,1,0,False,77,12,1,1,1,0,3,-4,-4,2011,-4,-4,-4,False,Unknown,False,True,True,False,True,True
NACC102916,0,0,-4,-4,-4,-4,-4,,-4,-4,-4,-4,-4,-4,-4,996,996,-4,-4,-4,-4,-4,0,0,1,1,2,0,False,True,False,True,0,7,0,0,False,61,12,2,1,2,0,4,-4,-4,8888,-4,-4,-4,False,Unknown,False,False,False,True,True,True
NACC103159,96,96,-4,-4,-4,-4,-4,,-4,-4,-4,-4,-4,-4,-4,996,996,-4,-4,-4,-4,-4,0,0,1,1,2,0,False,False,False,False,1,1,1,0,False,76,9,2,1,2,0,4,-4,-4,8888,-4,-4,-4,False,Unknown,False,False,False,True,True,True
NACC106156,6,1,7,7,28,8,8,,-4,-4,8,2,3,1,1,996,996,96,96,96,8,8,0,0,1,1,1,1,True,False,True,True,0,7,-4,-4,False,77,20,1,1,1,0,4,-4,-4,8888,67,1,1,False,Unknown,True,False,False,True,True,True
NACC106206,17,8,18,16,30,-4,-4,,-4,-4,-4,21,15,15,13,114,36,17,5,1,27,27,0,-4,8,1,1,0,True,False,True,True,0,8,-4,-4,False,81,20,1,1,-4,0,4,7,888,-4,-4,-4,1,False,Unknown,True,False,False,False,False,False
NACC106340,15,4,8,8,30,8,8,,-4,-4,8,23,12,11,9,300,50,13,8,1,24,25,0,0,8,1,1,0,True,False,True,True,0,7,-4,-4,False,68,11,1,1,1,0,3,-4,-4,8888,62,1,1,True,Unknown,True,False,False,False,False,False
NACC106427,12,4,-4,-4,-4,-4,-4,,-4,-4,-4,-4,-4,-4,-4,997,997,-4,-4,-4,-4,-4,0,0,1,1,2,0,False,False,False,False,1,1,1,0,False,78,20,1,2,50,1,4,-4,-4,8888,-4,-4,-4,False,Unknown,False,False,False,True,True,True
NACC106654,97,97,97,97,97,8,8,,-4,-4,8,97,97,97,97,997,997,97,97,97,88,88,0,0,1,1,1,0,True,True,True,True,1,2,-4,-4,False,69,9,1,3,5,0,4,-4,-4,8888,69,1,1,True,Unknown,False,False,False,True,True,True
NACC106702,97,97,-4,-4,-4,-4,-4,,-4,-4,-4,-4,-4,-4,-4,997,997,-4,-4,-4,-4,-4,0,0,1,1,2,0,True,False,True,True,1,1,1,0,False,79,2,2,3,5,0,4,-4,-4,8888,-4,-4,-4,False,Unknown,False,False,False,True,True,True
NACC106962,20,12,14,16,32,8,8,,-4,-4,8,13,12,14,13,60,36,17,13,1,27,27,-4,0,1,1,1,0,True,False,True,True,0,7,-4,-4,False,69,16,1,1,1,0,4,-4,-4,-4,66,0,1,False,Unknown,True,False,False,True,True,True
NACC106967,12,12,-4,-4,-4,-4,-4,,-4,-4,-4,-4,-4,-4,-4,85,44,-4,-4,-4,-4,-4,1,1,8,1,1,0,True,True,True,True,0,7,0,0,False,79,18,1,1,1,0,3,-4,-4,1983,-4,-4,-4,False,Unknown,False,True,True,False,True,True
NACC107161,15,10,-4,-4,-4,-4,-4,,-4,-4,-4,-4,-4,-4,-4,300,76,-4,-4,-4,-4,-4,0,0,1,1,1,0,False,True,False,False,0,7,0,0,False,74,11,1,1,1,0,4,-4,-4,8888,-4,-4,-4,True,Unknown,False,False,False,True,True,True
NACC107285,19,6,-4,-4,-4,-4,-4,,-4,-4,-4,-4,-4,-4,-4,287,74,-4,-4,-4,-4,-4,0,0,1,1,1,0,True,True,True,True,0,7,0,0,False,66,20,1,1,1,0,4,-4,-4,8888,-4,-4,-4,False,Unknown,False,False,False,True,True,True
NACC107357,18,14,13,8,30,8,8,,-4,-4,8,15,12,15,12,82,38,15,12,1,26,26,-4,1,8,1,1,0,True,False,True,True,0,7,-4,-4,False,84,18,1,1,1,0,3,-4,-4,-4,79,0,1,False,Unknown,True,False,True,False,False,True
NACC107924,16,11,-4,-4,-4,-4,-4,,-4,-4,-4,-4,-4,-4,-4,165,54,-4,-4,-4,-4,-4,0,0,1,1,2,0,False,False,False,False,1,1,0,1,False,80,16,1,1,1,0,4,-4,-4,8888,-4,-4,-4,False,Unknown,False,False,False,True,True,True
NACC107954,22,7,22,15,28,8,8,,-4,-4,8,4,5,1,1,210,44,14,4,1,17,17,-4,0,1,1,1,0,True,False,True,True,1,2,-4,-4,False,80,16,2,1,1,0,4,-4,-4,-4,79,1,1,False,Unknown,True,False,False,True,True,True
NACC108048,0,1,2,2,31,8,0,,-4,-4,8,22,15,21,16,300,150,12,5,1,11,11,-4,1,0,0,7,0,True,False,True,True,0,7,-4,-4,False,76,18,1,1,1,0,4,-4,-4,-4,76,0,1,False,A-,True,False,True,False,False,True
NACC108411,26,21,19,22,31,8,8,,-4,-4,8,24,15,22,15,84,32,16,13,1,24,24,-4,1,8,8,8,0,True,False,True,True,8,8,-4,-4,False,83,18,1,1,1,0,1,-4,-4,-4,83,1,1,False,Unknown,True,False,True,False,False,True
NACC108867,14,4,-4,-4,-4,-4,-4,,-4,-4,-4,-4,-4,-4,-4,996,150,-4,-4,-4,-4,-4,0,0,1,1,1,0,False,False,False,False,0,7,0,0,False,66,12,1,1,1,0,4,-4,-4,8888,-4,-4,-4,False,Unknown,False,False,False,True,True,True
NACC108946,10,12,-4,-4,-4,-4,-4,,-4,-4,-4,-4,-4,-4,-4,154,34,-4,-4,-4,-4,-4,1,1,8,8,8,0,True,True,True,True,8,8,8,8,False,77,20,1,1,1,0,1,-4,-4,2006,-4,-4,-4,True,Unknown,False,True,True,False,True,True
NACC109265,8,8,-4,-4,-4,-4,-4,,-4,-4,-4,-4,-4,-4,-4,210,52,-4,-4,-4,-4,-4,0,0,1,1,1,0,False,True,False,True,0,7,0,0,False,73,9,1,1,1,0,4,-4,-4,8888,-4,-4,-4,False,Unknown,False,False,False,True,True,True
NACC109617,4,0,-4,-4,-4,-4,-4,,-4,-4,-4,-4,-4,-4,-4,996,150,-4,-4,-4,-4,-4,0,0,1,1,2,0,False,False,False,False,1,2,1,0,False,82,12,1,1,1,1,4,-4,-4,8888,-4,-4,-4,False,Unknown,False,False,False,True,True,True
NACC110124,10,7,-4,-4,-4,-4,-4,,-4,-4,-4,-4,-4,-4,-4,300,53,-4,-4,-4,-4,-4,9,0,1,1,1,0,True,True,True,True,0,7,0,0,False,79,18,2,1,1,0,4,-4,-4,8888,-4,-4,-4,True,Unknown,False,False,False,True,True,True
NACC110151,19,9,-4,-4,-4,-4,-4,,-4,-4,-4,-4,-4,-4,-4,134,44,-4,-4,-4,-4,-4,0,0,8,1,1,1,True,True,True,True,0,7,0,0,False,63,20,1,1,1,0,3,-4,-4,8888,-4,-4,-4,True,Unknown,False,False,False,False,False,False
NACC110957,19,7,-4,-4,-4,-4,-4,,-4,-4,-4,-4,-4,-4,-4,997,32,-4,-4,-4,-4,-4,0,0,1,1,1,0,False,False,False,False,0,7,0,0,False,74,15,1,1,1,0,4,-4,-4,8888,-4,-4,-4,False,Unknown,False,False,False,True,True,True
NACC111164,6,6,-4,-4,-4,-4,-4,,-4,-4,-4,-4,-4,-4,-4,245,69,-4,-4,-4,-4,-4,0,0,1,1,2,0,False,False,False,False,1,1,0,1,False,78,14,2,1,1,0,4,-4,-4,8888,-4,-4,-4,False,Unknown,False,False,False,True,True,True
NACC111319,97,97,-4,-4,-4,-4,-4,,-4,-4,-4,-4,-4,-4,-4,997,997,-4,-4,-4,-4,-4,0,0,1,1,1,0,False,False,False,False,0,7,0,0,False,79,14,2,1,5,0,4,-4,-4,8888,-4,-4,-4,False,Unknown,False,False,False,True,True,True
NACC111768,12,10,-4,-4,-4,-4,-4,,-4,-4,-4,-4,-4,-4,-4,300,95,-4,-4,-4,-4,-4,0,0,1,1,1,0,False,True,False,True,0,7,0,0,False,68,16,1,1,1,0,4,-4,-4,8888,-4,-4,-4,True,Unknown,False,False,False,True,True,True
NACC112024,22,8,7,10,24,8,8,,-4,-4,8,4,6,6,4,300,83,17,97,97,21,21,-4,0,8,1,1,1,True,False,True,True,0,7,-4,-4,False,73,18,1,1,1,0,3,-4,-4,-4,888,0,1,False,Unknown,True,False,False,False,False,False
NACC112289,10,4,-4,-4,-4,-4,-4,,-4,-4,-4,-4,-4,-4,-4,996,43,-4,-4,-4,-4,-4,0,0,1,1,2,0,False,False,False,False,1,1,1,0,False,76,12,1,2,1,1,4,-4,-4,8888,-4,-4,-4,False,Unknown,False,False,False,True,True,True
NACC112514,-4,-4,-4,-4,-4,-4,-4,,-4,-4,-4,-4,-4,-4,-4,-4,-4,-4,-4,-4,-4,-4,0,0,1,1,1,0,False,False,False,True,0,7,0,0,False,84,16,2,1,2,0,4,-4,-4,8888,-4,-4,-4,False,Unknown,False,False,False,True,True,True
NACC112751,22,15,12,14,32,8,8,,-4,-4,8,20,14,20,14,100,16,15,13,1,28,28,1,1,8,8,8,0,True,True,True,True,8,8,-4,-4,False,63,18,2,1,1,0,1,-4,-4,2000,40,1,1,True,Unknown,True,True,True,False,True,True
NACC113313,16,15,-4,-4,-4,-4,-4,,-4,-4,-4,-4,-4,-4,-4,66,28,-4,-4,-4,-4,-4,0,0,8,1,1,0,True,False,True,True,0,7,0,0,False,74,16,1,1,1,0,3,-4,-4,8888,-4,-4,-4,False,Unknown,False,False,False,False,False,False
NACC113505,14,9,-4,-4,-4,-4,-4,,-4,-4,-4,-4,-4,-4,-4,276,36,-4,-4,-4,-4,-4,1,1,8,1,1,0,True,True,True,True,0,7,0,0,False,72,16,1,1,1,0,3,-4,-4,2006,-4,-4,-4,True,Unknown,False,True,True,False,True,True
NACC113729,23,10,10,11,30,8,8,,-4,-4,8,6,8,12,12,222,38,17,10,1,24,25,0,0,8,1,1,1,True,False,True,True,0,7,-4,-4,False,72,12,1,1,1,0,3,-4,-4,8888,69,1,1,False,Unknown,True,False,False,False,False,False
NACC113768,97,30,2,97,21,8,8,,-4,-4,8,97,97,97,97,997,997,97,97,97,13,13,0,0,0,0,7,0,True,True,False,True,0,7,-4,-4,False,61,16,1,8,5,0,4,-4,-4,8888,56,1,1,False,Unknown,False,False,False,False,False,False
NACC114413,22,16,12,15,32,8,8,,-4,-4,8,23,17,15,12,143,45,15,9,1,24,24,0,0,1,1,1,0,True,False,True,True,0,7,-4,-4,False,79,18,1,1,1,0,4,-4,-4,8888,888,0,1,False,Unknown,True,False,False,True,True,True
NACC115887,14,5,7,5,29,8,8,,-4,-4,8,10,7,10,7,300,88,17,8,0,18,19,0,0,1,1,1,0,True,False,True,True,1,2,-4,-4,False,77,12,1,1,1,0,4,-4,-4,8888,76,0,1,False,Unknown,True,False,False,True,True,True
NACC116144,13,97,17,97,31,8,8,,-4,-4,8,12,10,15,9,143,75,15,11,1,25,25,0,0,1,1,1,0,True,False,True,True,0,7,-4,-4,False,78,16,1,1,1,0,4,-4,-4,8888,76,1,1,False,Unknown,False,False,False,True,True,True
NACC116380,13,9,9,13,31,8,8,,-4,-4,8,8,8,12,10,97,29,16,8,1,19,19,0,1,8,0,7,0,True,False,True,True,1,1,-4,-4,False,78,18,2,1,1,0,3,-4,-4,8888,888,0,1,False,Unknown,True,False,True,False,False,True
NACC117016,9,8,14,14,27,8,8,,-4,-4,8,3,3,3,2,998,68,14,9,1,15,16,0,0,1,1,2,0,False,False,False,False,1,1,-4,-4,False,80,4,1,2,1,1,4,-4,-4,8888,888,0,0,False,Unknown,True,False,False,True,True,True
NACC117047,16,7,-4,-4,-4,-4,-4,,-4,-4,-4,-4,-4,-4,-4,220,63,-4,-4,-4,-4,-4,0,0,1,1,2,0,False,False,False,False,1,1,1,0,False,77,16,2,1,1,1,4,-4,-4,8888,-4,-4,-4,False,Unknown,False,False,False,True,True,True
NACC117133,19,7,-4,-4,-4,-4,-4,,-4,-4,-4,-4,-4,-4,-4,95,34,-4,-4,-4,-4,-4,0,0,8,1,1,1,True,True,True,True,0,7,0,0,False,76,12,1,1,1,0,3,-4,-4,8888,-4,-4,-4,False,Unknown,False,False,False,False,False,False
NACC117267,6,2,-4,-4,-4,-4,-4,,-4,-4,-4,-4,-4,-4,-4,996,94,-4,-4,-4,-4,-4,0,0,1,1,1,0,True,False,True,True,0,7,0,0,False,84,16,1,1,1,0,4,-4,-4,8888,-4,-4,-4,False,Unknown,False,False,False,True,True,True
NACC117268,7,4,-4,-4,-4,-4,-4,,-4,-4,-4,-4,-4,-4,-4,996,997,-4,-4,-4,-4,-4,1,1,0,1,3,0,True,True,True,True,1,1,1,0,False,77,14,1,1,1,0,4,-4,-4,2011,-4,-4,-4,False,Unknown,False,True,True,False,True,True
NACC118967,2,8,-4,-4,-4,-4,-4,,-4,-4,-4,-4,-4,-4,-4,300,150,-4,-4,-4,-4,-4,0,0,1,1,1,0,False,False,False,True,0,7,0,0,False,81,16,2,1,1,0,4,-4,-4,8888,-4,-4,-4,False,Unknown,False,False,False,True,True,True
NACC119219,15,4,-4,-4,-4,-4,-4,,-4,-4,-4,-4,-4,-4,-4,300,41,-4,-4,-4,-4,-4,0,0,1,1,1,0,True,True,True,True,0,7,0,0,False,52,11,1,1,1,0,4,-4,-4,8888,-4,-4,-4,False,Unknown,False,False,False,True,True,True
NACC119732,96,96,-4,-4,-4,-4,-4,,-4,-4,-4,-4,-4,-4,-4,996,996,-4,-4,-4,-4,-4,0,0,1,1,2,0,True,True,True,True,1,1,0,1,False,82,7,1,1,2,0,4,-4,-4,8888,-4,-4,-4,False,Unknown,False,False,False,True,True,True
NACC119743,13,7,5,6,30,8,8,,-4,-4,8,25,19,23,18,155,40,16,5,1,26,26,0,1,8,8,8,0,True,False,True,True,8,8,-4,-4,False,81,15,1,1,1,0,1,-4,-4,8888,78,1,1,False,Unknown,True,False,True,False,False,True
NACC120037,9,4,12,14,32,8,8,,-4,-4,8,18,13,19,14,996,68,4,4,0,21,21,-4,0,1,1,2,0,True,False,True,True,1,1,-4,-4,False,75,19,1,1,1,0,4,-4,-4,-4,75,0,1,False,Unknown,True,False,False,True,True,True
NACC120323,96,96,96,96,96,8,8,,-4,-4,8,96,96,96,96,996,996,96,96,96,7,7,-4,0,1,1,2,0,False,False,False,False,1,1,-4,-4,False,83,16,2,1,1,0,4,-4,-4,-4,888,0,0,False,Unknown,False,False,False,True,True,True
NACC120408,26,10,-4,-4,-4,-4,-4,,-4,-4,-4,-4,-4,-4,-4,66,28,-4,-4,-4,-4,-4,1,1,0,1,1,0,True,True,True,True,0,7,0,0,False,56,18,1,1,1,0,4,-4,-4,2008,-4,-4,-4,True,Unknown,False,True,True,False,True,True
NACC120562,10,7,8,10,-4,8,8,,-4,-4,8,-4,-4,-4,-4,300,150,15,0,1,-4,-4,-4,1,0,0,7,0,True,False,True,True,1,1,-4,-4,False,86,18,1,1,1,0,4,-4,-4,-4,84,1,1,False,Unknown,False,False,True,False,False,True
NACC120688,21,13,-4,-4,-4,-4,-4,,-4,-4,-4,-4,-4,-4,-4,205,69,-4,-4,-4,-4,-4,0,0,8,1,1,0,True,False,True,True,0,7,0,0,False,70,13,2,1,1,0,3,-4,-4,8888,-4,-4,-4,False,Unknown,False,False,False,False,False,False
NACC121348,8,4,-4,-4,-4,-4,-4,,-4,-4,-4,-4,-4,-4,-4,996,45,-4,-4,-4,-4,-4,1,1,0,1,3,0,True,True,True,True,1,1,1,0,False,79,16,2,1,1,0,4,-4,-4,2006,-4,-4,-4,False,Unknown,False,True,True,False,True,True
NACC121833,7,2,-4,-4,-4,-4,-4,,-4,-4,-4,-4,-4,-4,-4,996,65,-4,-4,-4,-4,-4,0,0,1,1,1,0,False,True,False,False,0,7,0,0,False,90,20,1,1,1,0,4,-4,-4,8888,-4,-4,-4,False,Unknown,False,False,False,True,True,True
NACC121936,17,8,-4,-4,-4,-4,-4,,-4,-4,-4,-4,-4,-4,-4,996,43,-4,-4,-4,-4,-4,0,0,1,1,1,0,False,False,False,True,0,7,0,0,False,57,7,1,1,1,0,4,-4,-4,8888,-4,-4,-4,True,Unknown,False,False,False,True,True,True
NACC122101,16,11,-4,-4,-4,-4,-4,,-4,-4,-4,-4,-4,-4,-4,300,35,-4,-4,-4,-4,-4,0,0,1,1,2,0,False,False,False,True,1,1,0,1,False,80,16,1,1,1,0,4,-4,-4,8888,-4,-4,-4,False,Unknown,False,False,False,True,True,True
NACC122117,96,96,96,96,96,0,0,,-4,-4,0,96,96,96,96,996,996,96,96,96,88,88,0,0,0,1,2,0,True,False,True,True,1,1,-4,-4,False,85,12,2,1,1,0,4,-4,-4,8888,888,1,1,False,A-,False,False,False,False,False,False
NACC122497,13,3,-4,-4,-4,-4,-4,,-4,-4,-4,-4,-4,-4,-4,300,150,-4,-4,-4,-4,-4,0,0,1,1,1,0,True,True,True,True,0,7,0,0,False,85,16,1,1,1,0,4,-4,-4,8888,-4,-4,-4,True,Unknown,False,False,False,True,True,True
NACC122622,16,7,-4,-4,-4,-4,-4,,-4,-4,-4,-4,-4,-4,-4,134,55,-4,-4,-4,-4,-4,1,0,1,1,1,0,False,True,False,True,0,7,0,0,False,79,17,1,1,1,0,4,-4,-4,2006,-4,-4,-4,False,Unknown,False,True,False,True,True,True
NACC122668,0,0,-4,-4,-4,-4,-4,,-4,-4,-4,-4,-4,-4,-4,996,996,-4,-4,-4,-4,-4,0,0,1,1,1,0,False,True,False,False,0,7,0,0,False,72,16,1,1,1,0,4,-4,-4,8888,-4,-4,-4,True,Unknown,False,False,False,True,True,True
NACC122857,4,0,4,1,17,8,8,,-4,-4,8,0,0,0,0,300,150,2,0,0,4,4,-4,1,0,0,7,0,True,False,True,True,1,1,-4,-4,False,80,13,2,1,1,0,4,-4,-4,-4,70,1,1,False,Unknown,True,False,True,False,False,True
NACC122996,13,8,-4,-4,-4,-4,-4,,-4,-4,-4,-4,-4,-4,-4,300,76,-4,-4,-4,-4,-4,0,0,1,1,1,0,False,True,False,False,0,7,0,0,False,85,16,1,1,1,0,4,-4,-4,8888,-4,-4,-4,True,Unknown,False,False,False,True,True,True
NACC123237,11,4,12,10,24,1,8,,-4,-4,8,21,16,14,9,164,30,12,5,0,23,23,-4,0,8,1,1,1,True,False,True,True,0,7,-4,-4,False,80,18,2,1,1,0,3,-4,-4,-4,888,0,1,False,A+,True,False,False,False,False,False
NACC123481,14,5,-4,-4,-4,-4,-4,,-4,-4,-4,-4,-4,-4,-4,996,150,-4,-4,-4,-4,-4,0,0,1,1,1,0,True,False,True,True,0,7,0,0,False,60,18,1,1,1,0,4,-4,-4,8888,-4,-4,-4,True,Unknown,False,False,False,True,True,True
NACC123669,14,12,6,9,27,8,8,,-4,-4,8,27,17,20,14,996,77,16,8,1,20,20,-4,1,8,8,8,0,True,False,True,True,8,8,-4,-4,False,86,18,2,1,2,0,1,-4,-4,-4,86,1,1,False,Unknown,True,False,True,False,False,True
NACC123889,22,15,-4,-4,-4,-4,-4,,-4,-4,-4,-4,-4,-4,-4,300,64,-4,-4,-4,-4,-4,1,1,8,1,1,0,True,True,True,True,0,7,0,0,False,80,18,1,1,1,0,3,-4,-4,2000,-4,-4,-4,True,Unknown,False,True,True,False,True,True
NACC124373,4,4,-4,-4,-4,-4,-4,,-4,-4,-4,-4,-4,-4,-4,996,150,-4,-4,-4,-4,-4,0,0,1,1,1,0,False,False,False,False,0,7,0,0,False,89,12,2,1,1,0,4,-4,-4,8888,-4,-4,-4,False,Unknown,False,False,False,True,True,True
NACC124377,12,8,-4,-4,-4,-4,-4,,-4,-4,-4,-4,-4,-4,-4,125,42,-4,-4,-4,-4,-4,1,1,8,1,1,0,True,True,True,True,0,7,0,0,False,83,16,1,1,1,0,3,-4,-4,2010,-4,-4,-4,True,Unknown,False,True,True,False,True,True
NACC124650,6,0,3,4,17,1,8,,-4,-4,0,1,1,96,96,996,150,9,6,1,8,8,0,0,1,1,1,0,True,False,True,True,0,7,-4,-4,False,69,16,2,1,1,0,4,-4,-4,8888,64,1,1,True,A+,True,False,False,True,True,True
NACC124859,13,10,-4,-4,-4,-4,-4,,-4,-4,-4,-4,-4,-4,-4,173,45,-4,-4,-4,-4,-4,1,1,8,1,1,0,True,True,True,True,0,7,0,0,False,53,12,1,1,1,0,3,-4,-4,2006,-4,-4,-4,True,Unknown,False,True,True,False,True,True
NACC125493,6,5,-4,-4,-4,-4,-4,,-4,-4,-4,-4,-4,-4,-4,300,80,-4,-4,-4,-4,-4,1,1,1,1,1,0,True,True,True,True,0,7,0,0,False,68,16,1,1,1,0,4,-4,-4,2008,-4,-4,-4,True,Unknown,False,True,True,True,True,True
NACC125884,97,97,-4,-4,-4,-4,-4,,-4,-4,-4,-4,-4,-4,-4,997,997,-4,-4,-4,-4,-4,0,0,1,1,1,0,False,True,False,True,0,7,0,0,False,87,12,2,1,1,0,4,-4,-4,8888,-4,-4,-4,False,Unknown,False,False,False,True,True,True
NACC126867,12,6,13,11,30,8,8,,-4,-4,8,29,21,26,20,63,24,17,15,1,21,21,-4,0,8,1,1,1,True,False,True,True,0,7,-4,-4,False,80,20,1,1,1,0,3,-4,-4,-4,888,0,1,False,Unknown,True,False,False,False,False,False
NACC126995,17,8,9,6,31,1,8,,-4,-4,1,7,3,0,0,300,61,16,4,1,16,16,-4,0,1,1,2,0,True,False,True,True,1,1,-4,-4,False,74,18,1,1,1,0,4,-4,-4,-4,73,1,1,True,A+,True,False,False,True,True,True
NACC127006,16,15,13,11,26,8,8,,-4,-4,8,16,9,14,9,108,38,15,8,1,19,20,0,0,1,1,1,0,True,False,True,True,1,2,-4,-4,False,58,12,1,1,1,0,4,-4,-4,8888,57,0,1,False,Unknown,True,False,False,True,True,True
NACC127330,13,7,6,4,29,8,8,,-4,-4,8,20,14,14,11,300,64,15,0,1,18,18,0,0,1,1,1,0,True,True,True,True,0,7,-4,-4,False,78,16,1,1,1,0,4,-4,-4,8888,74,0,1,True,Unknown,True,False,False,True,True,True
NACC127639,20,11,23,23,30,8,8,,-4,-4,8,20,14,18,13,59,90,13,7,1,20,20,0,0,8,1,1,1,True,False,True,True,0,7,-4,-4,True,72,18,1,1,1,0,3,-4,-4,8888,71,1,1,False,Unknown,True,False,False,False,False,False
NACC127640,16,9,9,8,27,8,8,,-4,-4,8,19,15,26,18,88,52,16,16,1,25,25,1,1,8,8,8,0,True,True,True,True,8,8,-4,-4,False,70,17,2,3,5,0,1,-4,-4,2016,64,0,1,True,Unknown,True,True,True,False,True,True
NACC127732,-4,-4,-4,-4,-4,8,8,,-4,-4,8,-4,-4,-4,-4,-4,-4,-4,-4,-4,-4,-4,-4,1,8,8,8,0,True,False,True,True,8,8,-4,-4,False,71,18,2,1,1,0,1,-4,-4,-4,70,-4,-4,True,Unknown,False,False,True,False,False,True
NACC127735,96,96,-4,-4,-4,-4,-4,,-4,-4,-4,-4,-4,-4,-4,996,996,-4,-4,-4,-4,-4,0,0,1,1,2,0,False,True,False,False,1,1,1,0,False,77,16,2,1,1,0,4,-4,-4,8888,-4,-4,-4,False,Unknown,False,False,False,True,True,True
NACC127933,96,96,6,2,16,8,8,,-4,-4,8,96,96,96,96,996,996,96,96,96,88,88,-4,0,1,1,1,0,True,False,True,True,1,2,-4,-4,False,94,12,1,8,1,0,4,-4,-4,-4,94,1,1,False,Unknown,False,False,False,True,True,True
NACC127988,10,6,12,11,32,8,8,,-4,-4,8,9,13,7,9,220,50,16,4,1,18,18,-4,0,1,1,1,0,True,False,True,True,1,2,-4,-4,False,87,18,1,1,1,0,4,-4,-4,-4,83,1,1,False,Unknown,True,False,False,True,True,True
NACC128264,21,11,17,16,31,8,8,,-4,-4,8,28,20,28,20,81,34,16,13,1,26,26,-4,1,8,8,8,0,True,False,True,True,8,8,-4,-4,False,80,16,2,1,1,0,1,-4,-4,-4,71,0,1,True,Unknown,True,False,True,False,False,True
NACC128324,11,7,4,5,31,8,8,,-4,-4,8,17,14,19,14,300,92,7,4,0,19,19,0,1,1,1,1,0,True,True,True,True,0,7,-4,-4,True,59,16,1,1,1,0,4,-4,-4,8888,57,0,1,False,Unknown,True,False,True,True,True,True
NACC128537,97,97,-4,-4,-4,-4,-4,,-4,-4,-4,-4,-4,-4,-4,997,997,-4,-4,-4,-4,-4,0,0,1,1,2,0,False,True,False,True,1,1,0,1,False,81,16,1,1,1,0,4,-4,-4,8888,-4,-4,-4,False,Unknown,False,False,False,True,True,True
NACC129255,4,0,1,1,9,8,8,,-4,-4,8,10,6,0,0,124,59,16,0,1,19,19,-4,0,1,1,2,0,True,False,True,True,1,1,-4,-4,False,86,20,1,1,1,0,4,-4,-4,-4,888,0,1,False,Unknown,True,False,False,True,True,True
NACC129354,4,3,10,15,24,8,8,,-4,-4,8,96,96,96,96,996,996,14,3,1,13,13,-4,0,0,1,2,0,True,False,True,True,1,1,-4,-4,False,83,13,1,1,1,0,4,-4,-4,-4,75,0,1,False,Unknown,True,False,False,False,False,False
NACC129458,13,6,-4,-4,-4,-4,-4,,-4,-4,-4,-4,-4,-4,-4,996,996,-4,-4,-4,-4,-4,0,0,1,1,2,0,True,False,True,True,1,1,1,0,False,72,16,1,1,1,0,4,-4,-4,8888,-4,-4,-4,False,Unknown,False,False,False,True,True,True
NACC129722,5,6,-4,-4,-4,-4,-4,,-4,-4,-4,-4,-4,-4,-4,996,150,-4,-4,-4,-4,-4,0,1,1,1,1,0,False,False,False,True,0,7,0,0,False,68,12,1,1,1,0,4,-4,-4,8888,-4,-4,-4,True,Unknown,False,False,True,True,True,True
NACC129841,12,11,7,8,28,8,8,,-4,-4,8,20,10,18,12,300,53,13,5,1,18,18,1,1,8,1,1,0,True,True,True,True,1,2,-4,-4,False,78,19,1,1,1,0,3,-4,-4,2015,68,1,1,True,Unknown,True,True,True,False,True,True
NACC129869,25,14,-4,-4,-4,-4,-4,,-4,-4,-4,-4,-4,-4,-4,80,31,-4,-4,-4,-4,-4,1,1,8,1,1,0,True,True,True,True,0,7,0,0,False,82,21,1,1,1,0,3,-4,-4,2011,-4,-4,-4,False,Unknown,False,True,True,False,True,True
NACC129886,18,9,8,8,32,8,8,,-4,-4,8,8,8,6,5,103,61,15,4,1,21,21,-4,1,8,0,7,0,True,False,True,True,0,7,-4,-4,False,75,20,1,1,1,0,3,-4,-4,-4,68,0,1,False,Unknown,True,False,True,False,False,True
NACC130664,12,5,8,6,30,8,8,,-4,-4,8,18,12,15,10,997,52,14,6,1,17,17,1,1,8,1,1,0,True,True,True,True,0,7,-4,-4,False,96,14,2,1,1,0,3,-4,-4,2012,89,1,1,True,Unknown,True,True,True,False,True,True
NACC130991,14,14,7,6,28,8,8,,-4,-4,8,13,13,12,11,69,60,15,97,97,20,21,0,0,8,1,1,1,True,False,True,True,0,7,-4,-4,False,54,12,1,1,2,0,3,-4,-4,8888,888,0,1,False,Unknown,True,False,False,False,False,False
NACC131446,97,97,-4,-4,-4,-4,-4,,-4,-4,-4,-4,-4,-4,-4,997,997,-4,-4,-4,-4,-4,0,0,1,1,1,0,False,True,False,True,1,2,0,1,False,80,14,2,1,1,0,4,-4,-4,8888,-4,-4,-4,False,Unknown,False,False,False,True,True,True
NACC131619,97,97,97,97,97,8,8,,-4,-4,8,97,97,97,97,997,997,97,97,97,88,88,-4,1,0,1,1,0,True,False,True,True,0,7,-4,-4,False,83,16,1,1,5,0,4,-4,-4,-4,78,8,1,False,Unknown,False,False,True,False,False,True
NACC131953,10,3,97,97,97,8,8,,-4,-4,8,97,97,97,97,997,997,97,97,97,88,88,-4,0,1,1,1,0,True,False,True,True,0,7,-4,-4,False,82,3,1,2,1,1,4,-4,-4,-4,80,8,1,False,Unknown,False,False,False,True,True,True
NACC132183,10,15,-4,-4,-4,-4,-4,,-4,-4,-4,-4,-4,-4,-4,996,132,-4,-4,-4,-4,-4,0,0,1,1,1,0,True,True,True,True,0,7,0,0,False,67,18,1,1,2,0,4,-4,-4,8888,-4,-4,-4,False,Unknown,False,False,False,True,True,True
NACC132267,22,14,20,17,31,8,8,,-4,-4,8,15,11,8,8,98,34,13,6,1,24,24,0,0,8,1,1,1,True,False,True,True,0,7,-4,-4,False,75,16,1,1,1,0,3,-4,-4,8888,75,1,1,False,Unknown,True,False,False,False,False,False
NACC132410,-4,-4,-4,-4,-4,8,8,,-4,-4,8,-4,-4,-4,-4,-4,-4,-4,-4,-4,-4,-4,-4,1,0,1,2,0,True,False,True,True,1,1,-4,-4,False,86,20,1,1,1,0,4,-4,-4,-4,77,-4,-4,False,Unknown,False,False,True,False,False,True
NACC132749,23,11,-4,-4,-4,-4,-4,,-4,-4,-4,-4,-4,-4,-4,996,30,-4,-4,-4,-4,-4,1,1,1,1,1,0,False,True,False,False,0,7,0,0,False,74,8,1,1,3,0,4,-4,-4,2005,-4,-4,-4,False,Unknown,False,True,True,True,True,True
NACC132822,96,96,-4,-4,-4,-4,-4,,-4,-4,-4,-4,-4,-4,-4,996,996,-4,-4,-4,-4,-4,0,0,1,1,2,0,False,False,False,False,1,1,1,0,False,72,15,2,1,2,0,4,-4,-4,8888,-4,-4,-4,False,Unknown,False,False,False,True,True,True
NACC133312,0,0,-4,-4,-4,-4,-4,,-4,-4,-4,-4,-4,-4,-4,996,996,-4,-4,-4,-4,-4,0,0,1,1,1,0,True,True,True,True,1,2,0,1,False,78,2,2,2,50,1,4,-4,-4,8888,-4,-4,-4,False,Unknown,False,False,False,True,True,True
NACC133500,0,1,-4,-4,-4,-4,-4,,-4,-4,-4,-4,-4,-4,-4,996,150,-4,-4,-4,-4,-4,0,0,1,1,2,0,False,False,False,False,1,1,1,0,False,85,18,1,1,1,0,4,-4,-4,8888,-4,-4,-4,False,Unknown,False,False,False,True,True,True
NACC133545,14,9,-4,-4,-4,-4,-4,,-4,-4,-4,-4,-4,-4,-4,134,39,-4,-4,-4,-4,-4,0,0,1,1,1,0,False,False,False,False,1,2,0,1,False,75,12,1,1,1,0,4,-4,-4,8888,-4,-4,-4,False,Unknown,False,False,False,True,True,True
NACC133555,10,7,6,6,26,8,8,,-4,-4,8,8,8,12,9,996,91,13,3,1,15,15,-4,0,1,1,2,0,False,False,False,True,1,1,-4,-4,False,76,16,1,1,1,0,4,-4,-4,-4,888,0,0,False,Unknown,True,False,False,True,True,True
NACC133735,5,4,-4,-4,-4,-4,-4,,-4,-4,-4,-4,-4,-4,-4,300,150,-4,-4,-4,-4,-4,0,0,1,1,2,0,False,False,False,False,1,2,0,1,False,77,12,2,1,2,0,4,-4,-4,8888,-4,-4,-4,False,Unknown,False,False,False,True,True,True
NACC133742,24,17,15,11,-4,8,8,,-4,-4,8,-4,-4,-4,-4,67,29,17,6,0,-4,-4,-4,1,8,8,8,0,True,False,True,True,8,8,-4,-4,False,79,18,1,1,1,0,1,-4,-4,-4,79,1,1,False,Unknown,False,False,True,False,False,True
NACC134155,17,10,5,8,28,8,8,,-4,-4,8,14,11,5,6,300,59,14,8,1,17,18,1,1,8,1,1,0,True,True,True,True,0,7,-4,-4,False,73,12,1,1,1,9,3,-4,-4,2010,64,1,1,True,Unknown,True,True,True,False,True,True
NACC134190,19,8,17,20,32,8,8,,-4,-4,8,17,16,7,8,300,71,17,4,0,23,23,-4,0,1,1,1,0,True,False,True,True,0,7,-4,-4,False,73,20,1,1,1,0,4,-4,-4,-4,72,1,1,False,Unknown,True,False,False,True,True,True
NACC134249,16,12,5,11,29,0,8,,-4,-4,8,20,15,19,13,77,46,17,8,1,22,22,0,0,8,1,1,0,True,False,True,True,0,7,-4,-4,False,74,16,1,1,1,0,3,-4,-4,8888,72,8,1,False,A-,True,False,False,False,False,False
NACC134319,17,8,16,19,28,8,8,,-4,-4,8,14,11,2,1,158,69,13,2,0,19,19,-4,0,0,1,2,0,True,False,True,True,1,1,-4,-4,False,86,14,1,1,2,0,4,-4,-4,-4,84,0,1,False,Unknown,True,False,False,False,False,False
NACC134892,15,13,11,8,32,8,8,,-4,-4,8,26,18,24,18,97,42,16,11,1,27,27,-4,0,8,1,1,0,True,False,True,True,0,7,-4,-4,False,75,18,2,1,1,0,3,-4,-4,-4,74,1,1,False,Unknown,True,False,False,False,False,False
NACC135272,12,6,7,6,32,8,8,,-4,-4,8,22,15,19,13,106,50,16,9,1,25,25,-4,1,8,1,3,0,True,False,True,True,1,1,-4,-4,False,79,17,1,1,1,0,3,-4,-4,-4,77,8,1,True,Unknown,True,False,True,False,False,True
NACC135336,13,9,14,10,24,8,8,,-4,-4,8,17,11,14,14,300,82,15,7,1,23,23,0,0,8,1,2,1,True,False,True,True,1,1,-4,-4,True,81,20,2,1,2,0,3,-4,-4,8888,80,0,1,False,Unknown,True,False,False,False,False,False
NACC135378,0,0,-4,-4,-4,-4,-4,,-4,-4,-4,-4,-4,-4,-4,996,996,-4,-4,-4,-4,-4,0,0,1,1,1,0,True,True,True,True,1,2,0,1,False,88,14,1,1,1,0,4,-4,-4,8888,-4,-4,-4,False,Unknown,False,False,False,True,True,True
NACC135538,10,9,-4,-4,-4,-4,-4,,-4,-4,-4,-4,-4,-4,-4,300,70,-4,-4,-4,-4,-4,0,0,8,1,1,0,True,True,True,True,0,7,0,0,False,77,14,1,1,1,0,3,-4,-4,8888,-4,-4,-4,True,Unknown,False,False,False,False,False,False
NACC135686,8,6,-4,-4,-4,-4,-4,,-4,-4,-4,-4,-4,-4,-4,300,118,-4,-4,-4,-4,-4,1,1,1,1,1,0,True,True,True,True,0,7,0,0,False,71,16,1,1,1,0,4,-4,-4,1997,-4,-4,-4,True,Unknown,False,True,True,True,True,True
NACC135801,6,4,-4,-4,-4,-4,-4,,-4,-4,-4,-4,-4,-4,-4,996,149,-4,-4,-4,-4,-4,0,0,1,1,2,0,False,False,False,False,1,1,0,1,False,89,12,1,1,1,0,4,-4,-4,8888,-4,-4,-4,False,Unknown,False,False,False,True,True,True
NACC135935,8,97,-4,-4,-4,-4,-4,,-4,-4,-4,-4,-4,-4,-4,997,997,-4,-4,-4,-4,-4,0,0,1,1,2,0,False,True,False,False,1,1,1,0,False,77,16,2,1,1,0,4,-4,-4,8888,-4,-4,-4,True,Unknown,False,False,False,True,True,True
NACC136175,1,0,-4,-4,-4,-4,-4,,-4,-4,-4,-4,-4,-4,-4,996,996,-4,-4,-4,-4,-4,0,0,1,1,2,0,False,False,False,False,1,1,0,1,False,91,14,2,1,2,0,4,-4,-4,8888,-4,-4,-4,False,Unknown,False,False,False,True,True,True
NACC136227,20,12,-4,-4,-4,-4,-4,,-4,-4,-4,-4,-4,-4,-4,85,43,-4,-4,-4,-4,-4,1,1,8,1,1,0,True,True,True,True,0,7,0,0,False,76,14,1,1,1,0,3,-4,-4,2007,-4,-4,-4,True,Unknown,False,True,True,False,True,True
NACC136503,9,2,7,4,30,8,8,,-4,-4,8,5,2,9,6,996,996,13,5,0,11,11,1,1,1,1,1,1,True,True,True,True,0,7,-4,-4,False,76,18,1,1,1,0,4,-4,-4,2022,70,1,1,True,Unknown,True,True,True,True,True,True
NACC136814,-4,-4,-4,-4,-4,8,8,,-4,-4,8,-4,-4,-4,-4,-4,-4,-4,-4,-4,-4,-4,-4,0,8,1,1,0,True,False,True,True,0,7,-4,-4,False,77,20,1,1,1,0,3,-4,-4,-4,68,-4,-4,False,Unknown,False,False,False,False,False,False
NACC137084,14,11,-4,-4,-4,-4,-4,,-4,-4,-4,-4,-4,-4,-4,107,50,-4,-4,-4,-4,-4,0,1,8,1,1,0,True,False,True,True,0,7,0,0,False,87,20,1,1,1,0,3,-4,-4,8888,-4,-4,-4,False,Unknown,False,False,True,False,False,True
NACC137328,16,6,-4,-4,-4,-4,-4,,-4,-4,-4,-4,-4,-4,-4,229,58,-4,-4,-4,-4,-4,0,0,1,1,1,0,True,False,True,True,1,2,0,1,False,84,20,1,1,1,0,4,-4,-4,8888,-4,-4,-4,False,Unknown,False,False,False,True,True,True
NACC137447,16,9,7,5,30,8,8,,-4,-4,8,15,13,13,10,996,996,3,6,0,11,11,0,0,1,1,1,0,True,True,True,True,0,7,-4,-4,False,75,16,1,1,1,0,4,-4,-4,8888,69,1,1,True,Unknown,True,False,False,True,True,True
NACC137580,18,9,14,14,30,0,8,,-4,-4,8,13,11,11,9,165,55,16,6,1,19,19,1,0,1,1,1,0,True,True,True,True,0,7,-4,-4,False,67,17,1,1,1,0,4,-4,-4,2016,66,1,1,False,A-,True,True,False,True,True,True
NACC137776,18,5,-4,-4,-4,-4,-4,,-4,-4,-4,-4,-4,-4,-4,130,52,-4,-4,-4,-4,-4,0,0,1,1,1,0,True,True,True,True,0,7,0,0,False,72,12,1,1,1,0,4,-4,-4,8888,-4,-4,-4,False,Unknown,False,False,False,True,True,True
NACC137848,9,11,15,14,25,8,8,,-4,-4,8,13,10,9,9,254,49,15,0,1,20,20,-4,1,8,1,2,0,True,False,True,True,1,1,-4,-4,False,81,16,2,1,2,0,3,-4,-4,-4,81,1,1,True,Unknown,True,False,True,False,False,True
NACC138813,12,7,-4,-4,-4,-4,-4,,-4,-4,-4,-4,-4,-4,-4,199,100,-4,-4,-4,-4,-4,0,0,1,1,1,0,True,True,True,True,0,7,0,0,False,71,16,2,1,1,0,4,-4,-4,8888,-4,-4,-4,False,Unknown,False,False,False,True,True,True
NACC139027,17,16,-4,-4,-4,-4,-4,,-4,-4,-4,-4,-4,-4,-4,56,22,-4,-4,-4,-4,-4,1,1,8,8,8,0,True,True,True,True,8,8,8,8,False,59,16,1,1,1,0,1,-4,-4,2007,-4,-4,-4,True,Unknown,False,True,True,False,True,True
NACC139296,96,96,96,96,-4,8,8,,-4,-4,8,96,96,96,96,-4,-4,-4,-4,-4,-4,-4,1,1,1,1,2,0,True,True,True,True,1,1,-4,-4,False,84,20,1,1,1,0,4,-4,-4,2020,75,1,1,False,Unknown,False,True,True,True,True,True
NACC139297,7,4,5,4,28,8,8,,-4,-4,8,14,13,12,13,90,38,17,6,1,22,22,1,0,1,1,1,1,True,True,True,True,0,7,-4,-4,False,62,14,1,1,1,0,4,-4,-4,2013,59,1,1,True,Unknown,True,True,False,True,True,True
NACC139554,13,8,12,11,29,8,8,,-4,-4,8,16,12,17,13,300,53,15,6,0,19,19,-4,0,1,1,2,0,False,False,False,False,1,1,-4,-4,False,73,16,1,1,1,0,4,-4,-4,-4,888,0,0,False,Unknown,True,False,False,True,True,True
NACC139729,28,17,13,13,31,8,8,,-4,-4,8,23,15,28,17,71,33,15,17,1,28,28,-4,1,8,8,8,0,True,False,True,True,8,8,-4,-4,False,66,16,1,1,2,0,1,-4,-4,-4,64,0,1,False,Unknown,True,False,True,False,False,True
NACC139792,8,3,-4,-4,-4,-4,-4,,-4,-4,-4,-4,-4,-4,-4,223,35,-4,-4,-4,-4,-4,0,0,1,1,2,0,True,False,True,True,1,1,1,0,False,65,16,1,1,1,0,4,-4,-4,8888,-4,-4,-4,False,Unknown,False,False,False,True,True,True
NACC140874,96,96,-4,-4,-4,-4,-4,,-4,-4,-4,-4,-4,-4,-4,996,996,-4,-4,-4,-4,-4,0,0,1,1,2,0,False,False,False,True,1,2,0,1,False,65,17,2,1,1,0,4,-4,-4,8888,-4,-4,-4,False,Unknown,False,False,False,True,True,True
NACC141770,19,14,11,8,31,8,8,,-4,-4,8,21,19,16,15,56,27,15,15,1,28,28,1,1,8,1,1,1,True,True,True,True,0,7,-4,-4,False,56,18,1,1,1,0,2,-4,-4,2010,50,1,1,True,Unknown,True,True,True,False,True,True
NACC141775,17,9,17,12,32,8,8,,-4,-4,8,15,14,10,10,65,31,16,13,1,28,28,0,0,8,1,1,0,True,False,True,True,0,7,-4,-4,False,70,16,1,1,1,0,3,-4,-4,8888,67,1,1,False,Unknown,True,False,False,False,False,False
NACC142503,30,17,24,17,-4,0,8,,-4,-4,8,24,17,26,19,-4,-4,-4,-4,-4,-4,-4,-4,1,8,8,8,0,True,False,True,True,8,8,-4,-4,False,73,19,2,1,1,0,1,-4,-4,-4,73,-4,-4,True,A-,False,False,True,False,False,True
NACC142637,1,1,-4,-4,-4,-4,-4,,-4,-4,-4,-4,-4,-4,-4,300,133,-4,-4,-4,-4,-4,0,0,1,1,2,0,False,False,False,True,1,1,1,0,False,80,16,2,1,1,0,4,-4,-4,8888,-4,-4,-4,False,Unknown,False,False,False,True,True,True
NACC142784,22,9,-4,-4,-4,-4,-4,,-4,-4,-4,-4,-4,-4,-4,172,60,-4,-4,-4,-4,-4,0,1,8,1,1,0,True,False,True,True,0,7,0,0,False,84,16,1,1,1,0,3,-4,-4,8888,-4,-4,-4,False,Unknown,False,False,True,False,False,True
NACC143383,97,97,-4,-4,-4,-4,-4,,-4,-4,-4,-4,-4,-4,-4,997,997,-4,-4,-4,-4,-4,1,1,1,1,2,0,False,True,False,False,1,2,0,1,False,79,17,1,1,1,0,4,-4,-4,2004,-4,-4,-4,False,Unknown,False,True,True,True,True,True
NACC143737,17,9,-4,-4,-4,-4,-4,,-4,-4,-4,-4,-4,-4,-4,104,67,-4,-4,-4,-4,-4,0,0,1,1,1,0,False,False,False,True,1,2,0,1,False,58,19,1,1,2,0,4,-4,-4,8888,-4,-4,-4,False,Unknown,False,False,False,True,True,True
NACC143772,22,14,-4,-4,-4,-4,-4,,-4,-4,-4,-4,-4,-4,-4,143,60,-4,-4,-4,-4,-4,1,1,8,1,1,0,True,True,True,True,0,7,0,0,False,60,14,1,1,1,0,3,-4,-4,2002,-4,-4,-4,True,Unknown,False,True,True,False,True,True
NACC143891,14,6,-4,-4,-4,-4,-4,,-4,-4,-4,-4,-4,-4,-4,196,75,-4,-4,-4,-4,-4,0,0,8,1,2,0,True,False,True,True,1,2,0,1,False,83,18,1,1,2,0,3,-4,-4,8888,-4,-4,-4,False,Unknown,False,False,False,False,False,False
NACC144027,4,96,-4,-4,-4,-4,-4,,-4,-4,-4,-4,-4,-4,-4,996,996,-4,-4,-4,-4,-4,0,0,1,1,1,0,False,False,False,False,1,2,1,0,False,78,13,2,1,1,0,4,-4,-4,8888,-4,-4,-4,False,Unknown,False,False,False,True,True,True
NACC144164,11,13,-4,-4,-4,-4,-4,,-4,-4,-4,-4,-4,-4,-4,201,37,-4,-4,-4,-4,-4,1,1,8,1,1,0,True,True,True,True,0,7,0,0,False,70,12,2,2,1,1,3,-4,-4,2014,-4,-4,-4,False,Unknown,False,True,True,False,True,True
NACC144207,24,14,13,10,32,8,8,,-4,-4,8,8,7,9,8,265,25,15,8,1,20,20,0,1,8,1,1,0,True,False,True,True,0,7,-4,-4,False,67,14,2,2,50,1,3,-4,-4,8888,66,1,1,False,Unknown,True,False,True,False,False,True
NACC144242,9,1,-4,-4,-4,-4,-4,,-4,-4,-4,-4,-4,-4,-4,996,150,-4,-4,-4,-4,-4,0,0,1,1,2,0,False,False,False,False,1,1,1,0,False,55,16,2,1,1,0,4,-4,-4,8888,-4,-4,-4,False,Unknown,False,False,False,True,True,True
NACC144449,22,11,-4,-4,-4,-4,-4,,-4,-4,-4,-4,-4,-4,-4,996,59,-4,-4,-4,-4,-4,0,0,1,1,1,0,False,True,False,False,0,7,0,0,False,70,20,1,1,1,0,4,-4,-4,8888,-4,-4,-4,False,Unknown,False,False,False,True,True,True
NACC144970,96,96,4,96,96,8,8,,-4,-4,8,96,96,96,96,996,996,96,96,96,3,4,0,0,0,1,2,0,True,False,True,True,1,1,-4,-4,False,80,7,2,2,1,1,4,-4,-4,8888,79,0,1,False,Unknown,False,False,False,False,False,False
NACC145633,21,13,9,14,31,8,8,,-4,-4,8,12,9,9,10,136,31,17,13,1,25,25,0,0,8,1,1,1,True,False,True,True,0,7,-4,-4,True,61,16,1,1,1,0,3,-4,-4,8888,888,0,1,True,Unknown,True,False,False,False,False,False
NACC145937,19,97,9,13,29,8,8,,-4,-4,8,26,16,21,13,150,48,15,11,1,26,26,1,1,8,8,8,0,True,True,True,True,8,8,-4,-4,False,73,16,1,1,1,0,1,-4,-4,2022,71,1,1,True,Unknown,False,True,True,False,True,True
NACC146219,8,6,-4,-4,-4,-4,-4,,-4,-4,-4,-4,-4,-4,-4,996,150,-4,-4,-4,-4,-4,0,0,1,1,1,0,False,False,False,True,0,7,0,0,False,85,18,2,1,2,0,4,-4,-4,8888,-4,-4,-4,False,Unknown,False,False,False,True,True,True
NACC146293,9,3,2,3,17,8,8,,-4,-4,8,7,4,3,3,996,56,13,0,0,9,9,-4,0,1,1,2,0,True,False,True,True,1,1,-4,-4,False,84,13,1,1,1,0,4,-4,-4,-4,888,0,1,False,Unknown,True,False,False,True,True,True
NACC146613,22,10,-4,-4,-4,-4,-4,,-4,-4,-4,-4,-4,-4,-4,98,44,-4,-4,-4,-4,-4,1,1,8,1,1,0,True,True,True,True,0,7,0,0,False,81,18,1,1,1,0,2,-4,-4,2004,-4,-4,-4,True,Unknown,False,True,True,False,True,True
NACC146825,8,8,-4,-4,-4,-4,-4,,-4,-4,-4,-4,-4,-4,-4,300,52,-4,-4,-4,-4,-4,0,0,1,1,2,0,False,False,False,True,1,1,0,1,False,89,16,2,1,2,0,4,-4,-4,8888,-4,-4,-4,False,Unknown,False,False,False,True,True,True
NACC146998,20,10,9,10,32,8,8,,-4,-4,8,4,4,2,4,996,996,5,3,1,16,16,-4,0,1,1,1,0,True,False,True,True,0,7,-4,-4,False,78,14,1,1,1,0,4,-4,-4,-4,73,1,1,True,Unknown,True,False,False,True,True,True
NACC147871,8,6,3,5,29,0,8,,-4,-4,0,24,15,20,14,300,135,9,8,1,21,21,-4,0,8,1,1,1,True,False,True,True,0,7,-4,-4,True,66,18,1,1,1,0,3,-4,-4,-4,66,0,1,False,A-,True,False,False,False,False,False
NACC147934,8,5,5,3,29,8,8,,-4,-4,8,14,3,7,4,300,150,15,0,1,15,15,0,0,1,1,1,1,True,False,True,True,0,7,-4,-4,True,71,13,1,1,1,0,4,-4,-4,8888,69,0,1,False,Unknown,True,False,False,True,True,True
NACC147982,97,97,-4,-4,-4,-4,-4,,-4,-4,-4,-4,-4,-4,-4,997,997,-4,-4,-4,-4,-4,0,0,1,1,1,0,False,True,False,False,0,7,0,0,False,77,5,1,2,1,1,4,-4,-4,8888,-4,-4,-4,False,Unknown,False,False,False,True,True,True
NACC148117,5,3,-4,-4,-4,-4,-4,,-4,-4,-4,-4,-4,-4,-4,300,150,-4,-4,-4,-4,-4,0,0,1,1,1,0,True,True,True,True,1,2,0,1,False,76,5,1,1,1,0,4,-4,-4,8888,-4,-4,-4,True,Unknown,False,False,False,True,True,True
NACC148263,10,6,-4,-4,-4,-4,-4,,-4,-4,-4,-4,-4,-4,-4,300,62,-4,-4,-4,-4,-4,0,0,1,1,2,0,False,False,False,False,1,1,0,1,False,86,16,2,1,1,0,4,-4,-4,8888,-4,-4,-4,False,Unknown,False,False,False,True,True,True
NACC148516,17,16,11,10,32,8,8,,-4,-4,8,29,19,24,20,300,42,17,10,1,25,25,0,0,1,1,1,0,True,False,True,True,0,7,-4,-4,False,71,18,1,1,1,0,4,-4,-4,8888,71,0,1,False,Unknown,True,False,False,True,True,True
NACC148785,12,6,14,13,22,8,8,,-4,-4,8,15,17,15,15,100,36,16,4,1,25,25,0,0,8,1,1,1,True,False,True,True,0,7,-4,-4,False,70,18,1,1,1,0,3,-4,-4,8888,888,0,1,False,Unknown,True,False,False,False,False,False
NACC148938,13,9,9,11,30,8,8,,-4,-4,8,12,8,3,3,113,52,15,4,0,19,19,1,0,8,1,1,1,True,True,True,True,0,7,-4,-4,True,90,18,1,1,50,0,3,-4,-4,2019,90,1,1,False,Unknown,True,True,False,False,True,True
NACC149062,-4,-4,-4,-4,-4,-4,-4,,-4,-4,-4,-4,-4,-4,-4,-4,-4,-4,-4,-4,-4,-4,0,0,1,1,1,0,True,True,True,True,0,7,0,0,False,77,16,1,1,1,0,4,-4,-4,8888,-4,-4,-4,False,Unknown,False,False,False,True,True,True
NACC149110,7,4,97,97,97,1,8,,-4,-4,8,4,5,97,97,221,95,16,97,97,18,18,-4,0,0,1,2,0,True,False,True,True,1,1,-4,-4,False,73,16,1,1,1,0,4,-4,-4,-4,72,0,0,False,A+,False,False,False,False,False,False
NACC149200,15,11,-4,-4,-4,-4,-4,,-4,-4,-4,-4,-4,-4,-4,300,47,-4,-4,-4,-4,-4,0,1,1,1,1,0,True,True,True,True,0,7,0,0,False,71,12,1,1,1,0,4,-4,-4,8888,-4,-4,-4,False,Unknown,False,False,True,True,True,True
NACC149481,18,12,-4,-4,-4,-4,-4,,-4,-4,-4,-4,-4,-4,-4,232,45,-4,-4,-4,-4,-4,1,1,8,1,1,0,True,True,True,True,0,7,0,0,False,69,16,1,1,1,0,3,-4,-4,2000,-4,-4,-4,True,Unknown,False,True,True,False,True,True
NACC149748,97,97,-4,-4,-4,-4,-4,,-4,-4,-4,-4,-4,-4,-4,997,997,-4,-4,-4,-4,-4,1,0,1,1,1,0,True,True,True,True,0,7,0,0,False,80,14,2,1,1,0,4,-4,-4,2012,-4,-4,-4,True,Unknown,False,True,False,True,True,True
NACC149759,96,96,96,96,96,8,8,,-4,-4,8,96,96,96,96,996,996,96,96,96,88,88,0,0,0,1,2,0,True,True,True,True,1,1,-4,-4,False,74,20,1,1,1,0,4,-4,-4,8888,72,1,1,False,Unknown,False,False,False,False,False,False
NACC149970,8,9,3,5,30,0,8,,-4,-4,8,20,17,16,16,300,61,10,7,1,23,23,0,0,1,1,1,1,True,True,True,True,0,7,-4,-4,False,74,20,2,1,1,0,4,-4,-4,8888,65,1,1,False,A-,True,False,False,True,True,True
NACC149971,10,7,-4,-4,-4,-4,-4,,-4,-4,-4,-4,-4,-4,-4,300,43,-4,-4,-4,-4,-4,1,1,0,1,3,0,True,True,True,True,1,1,1,0,False,87,12,1,1,2,0,4,-4,-4,2004,-4,-4,-4,False,Unknown,False,True,True,False,True,True
NACC150020,12,8,-4,-4,-4,-4,-4,,-4,-4,-4,-4,-4,-4,-4,91,52,-4,-4,-4,-4,-4,0,0,1,1,2,0,False,False,False,True,1,1,0,1,False,77,18,1,1,1,0,4,-4,-4,8888,-4,-4,-4,False,Unknown,False,False,False,True,True,True
NACC150098,96,96,-4,-4,-4,-4,-4,,-4,-4,-4,-4,-4,-4,-4,996,996,-4,-4,-4,-4,-4,0,0,1,1,2,0,False,False,False,False,1,1,1,0,False,80,12,2,1,1,0,4,-4,-4,8888,-4,-4,-4,False,Unknown,False,False,False,True,True,True
NACC150485,5,5,-4,-4,-4,-4,-4,,-4,-4,-4,-4,-4,-4,-4,300,150,-4,-4,-4,-4,-4,0,0,1,1,2,0,False,False,False,False,1,2,0,1,False,81,12,2,1,2,0,4,-4,-4,8888,-4,-4,-4,False,Unknown,False,False,False,True,True,True
NACC150735,5,4,5,6,18,8,8,,-4,-4,8,6,3,1,1,996,50,14,6,0,14,14,0,0,1,1,2,0,True,False,True,True,1,1,-4,-4,False,72,15,2,1,1,0,4,-4,-4,8888,69,0,1,True,Unknown,True,False,False,True,True,True
NACC150980,19,11,-4,-4,-4,-4,-4,,-4,-4,-4,-4,-4,-4,-4,98,38,-4,-4,-4,-4,-4,1,1,8,1,1,0,True,True,True,True,0,7,0,0,False,61,18,1,1,1,0,3,-4,-4,1998,-4,-4,-4,True,Unknown,False,True,True,False,True,True
NACC151023,22,6,-4,-4,-4,-4,-4,,-4,-4,-4,-4,-4,-4,-4,84,35,-4,-4,-4,-4,-4,1,1,8,1,1,0,True,True,True,True,0,7,0,0,False,70,12,1,1,1,0,3,-4,-4,2011,-4,-4,-4,True,Unknown,False,True,True,False,True,True
NACC151279,10,10,13,14,27,0,0,,-4,-4,0,6,6,7,10,132,76,14,97,97,22,22,1,0,8,1,1,1,True,True,True,True,0,7,-4,-4,False,57,16,1,1,99,0,3,-4,-4,2010,48,1,1,False,A-,True,True,False,False,True,True
NACC151479,15,8,10,7,29,1,8,,-4,-4,0,20,13,19,12,996,130,14,6,0,17,18,9,0,1,1,1,0,True,True,True,True,1,2,-4,-4,False,76,12,2,1,1,0,4,-4,-4,8888,74,0,1,True,A+,True,False,False,True,True,True
NACC151768,96,96,-4,-4,-4,-4,-4,,-4,-4,-4,-4,-4,-4,-4,996,996,-4,-4,-4,-4,-4,0,0,1,1,1,0,False,False,False,False,1,2,0,1,False,76,12,2,1,2,0,4,-4,-4,8888,-4,-4,-4,False,Unknown,False,False,False,True,True,True
NACC151845,14,12,13,11,29,8,8,,-4,-4,8,18,14,17,15,92,51,15,8,1,24,24,0,0,8,1,1,0,True,False,True,True,0,7,-4,-4,True,84,16,1,1,1,0,3,-4,-4,8888,84,0,1,False,Unknown,True,False,False,False,False,False
NACC152081,8,7,-4,-4,-4,-4,-4,,-4,-4,-4,-4,-4,-4,-4,299,149,-4,-4,-4,-4,-4,1,0,1,1,1,0,True,True,True,True,0,7,0,0,False,55,16,2,1,1,0,4,-4,-4,2006,-4,-4,-4,False,Unknown,False,True,False,True,True,True
NACC152090,18,11,-4,-4,-4,-4,-4,,-4,-4,-4,-4,-4,-4,-4,148,35,-4,-4,-4,-4,-4,1,1,8,1,1,0,True,True,True,True,0,7,0,0,False,76,14,2,1,1,0,3,-4,-4,2004,-4,-4,-4,True,Unknown,False,True,True,False,True,True
NACC152471,35,21,21,20,32,8,8,,-4,-4,8,26,22,25,21,73,39,17,12,1,29,29,1,1,8,8,8,0,True,True,True,True,8,8,-4,-4,False,72,18,2,1,1,0,1,-4,-4,2014,69,1,1,True,Unknown,True,True,True,False,True,True
NACC153940,10,96,-4,-4,-4,-4,-4,,-4,-4,-4,-4,-4,-4,-4,996,996,-4,-4,-4,-4,-4,1,1,0,1,1,0,True,True,True,True,0,7,0,0,False,78,1,2,2,1,1,4,-4,-4,2004,-4,-4,-4,True,Unknown,False,True,True,False,True,True
NACC154166,6,7,-4,-4,-4,-4,-4,,-4,-4,-4,-4,-4,-4,-4,300,150,-4,-4,-4,-4,-4,0,0,1,1,1,0,False,True,False,False,0,7,0,0,False,74,17,1,1,1,0,4,-4,-4,8888,-4,-4,-4,False,Unknown,False,False,False,True,True,True
NACC154223,11,3,11,13,-4,0,0,,-4,-4,0,-4,-4,-4,-4,300,48,16,0,0,-4,-4,-4,0,1,1,2,0,False,False,False,True,1,1,-4,-4,False,82,16,1,1,1,0,4,-4,-4,-4,888,0,0,False,A-,False,False,False,True,True,True
NACC154264,15,7,-4,-4,-4,-4,-4,,-4,-4,-4,-4,-4,-4,-4,300,44,-4,-4,-4,-4,-4,0,0,1,1,1,0,False,False,False,True,0,7,0,0,False,83,12,1,1,1,0,4,-4,-4,8888,-4,-4,-4,False,Unknown,False,False,False,True,True,True
NACC154301,24,16,11,14,29,8,8,,-4,-4,8,20,16,19,15,80,50,13,8,0,22,23,1,0,0,0,7,0,True,True,False,True,0,7,-4,-4,False,60,12,1,1,1,0,4,-4,-4,2021,55,1,1,True,Unknown,True,True,False,False,True,True
NACC154426,30,17,17,12,32,8,8,,-4,-4,8,17,14,16,15,101,30,16,15,1,29,29,1,1,8,8,8,0,True,True,True,True,8,8,-4,-4,False,72,14,1,1,1,0,1,-4,-4,2018,71,1,1,True,Unknown,True,True,True,False,True,True
NACC154515,14,6,-4,-4,-4,-4,-4,,-4,-4,-4,-4,-4,-4,-4,300,150,-4,-4,-4,-4,-4,1,1,1,1,1,0,False,True,False,False,0,7,0,0,False,73,15,1,1,1,0,4,-4,-4,2000,-4,-4,-4,False,Unknown,False,True,True,True,True,True
NACC154550,38,23,15,16,28,0,8,,-4,-4,8,27,19,21,15,43,19,17,14,1,24,24,1,1,8,1,1,1,True,True,True,True,0,7,-4,-4,False,49,16,1,1,1,0,3,-4,-4,2020,45,0,1,True,A-,True,True,True,False,True,True
NACC154828,12,9,-4,-4,-4,-4,-4,,-4,-4,-4,-4,-4,-4,-4,281,78,-4,-4,-4,-4,-4,0,1,1,1,1,0,False,True,False,True,1,2,0,1,False,72,12,1,1,2,0,4,-4,-4,8888,-4,-4,-4,False,Unknown,False,False,True,True,True,True
NACC154889,39,23,-4,-4,-4,-4,-4,,-4,-4,-4,-4,-4,-4,-4,137,72,-4,-4,-4,-4,-4,0,0,1,1,1,0,True,True,True,True,0,7,0,0,False,83,16,2,1,1,0,4,-4,-4,8888,-4,-4,-4,False,Unknown,False,False,False,True,True,True
NACC155084,3,96,98,98,98,8,8,,-4,-4,8,96,96,96,96,998,998,96,96,96,88,88,9,1,1,1,1,1,True,False,True,True,0,7,-4,-4,False,71,12,1,1,1,0,4,-4,-4,8888,68,1,1,False,Unknown,False,False,True,True,True,True
NACC155809,97,97,-4,-4,-4,-4,-4,,-4,-4,-4,-4,-4,-4,-4,997,997,-4,-4,-4,-4,-4,0,0,1,1,2,0,False,False,False,False,1,1,1,0,False,70,12,2,1,1,0,4,-4,-4,8888,-4,-4,-4,False,Unknown,False,False,False,True,True,True
NACC155819,14,13,-4,-4,-4,-4,-4,,-4,-4,-4,-4,-4,-4,-4,300,150,-4,-4,-4,-4,-4,0,0,1,1,1,0,True,False,True,True,1,2,0,1,False,85,0,2,2,1,1,4,-4,-4,8888,-4,-4,-4,False,Unknown,False,False,False,True,True,True
NACC156236,21,12,-4,-4,-4,-4,-4,,-4,-4,-4,-4,-4,-4,-4,996,43,-4,-4,-4,-4,-4,1,1,1,1,1,0,False,True,False,True,0,7,0,0,False,66,18,1,1,1,0,4,-4,-4,2007,-4,-4,-4,False,Unknown,False,True,True,True,True,True
NACC156857,97,97,-4,-4,-4,-4,-4,,-4,-4,-4,-4,-4,-4,-4,997,997,-4,-4,-4,-4,-4,1,1,1,1,2,0,False,True,False,False,1,2,0,1,False,88,14,1,1,1,0,4,-4,-4,9999,-4,-4,-4,False,Unknown,False,True,True,True,True,True
NACC156968,19,15,10,9,30,8,8,,-4,-4,8,16,10,13,8,115,49,16,9,0,25,26,-4,0,8,8,8,0,True,False,False,True,8,8,-4,-4,False,84,12,2,1,1,0,1,-4,-4,-4,81,1,1,False,Unknown,True,False,False,False,False,False
NACC157327,6,3,5,4,29,0,8,,-4,-4,8,4,3,1,2,300,104,14,9,1,17,18,1,0,1,1,1,1,True,True,True,True,0,7,-4,-4,True,68,12,1,1,1,0,4,-4,-4,9999,68,1,1,True,A-,True,True,False,True,True,True
NACC157867,96,96,-4,-4,-4,-4,-4,,-4,-4,-4,-4,-4,-4,-4,996,996,-4,-4,-4,-4,-4,9,0,1,1,1,0,True,True,True,True,0,7,0,0,False,83,16,2,1,2,0,4,-4,-4,8888,-4,-4,-4,False,Unknown,False,False,False,True,True,True
NACC158081,4,2,7,9,20,8,8,,-4,-4,8,3,2,0,0,300,49,15,0,1,12,12,0,0,1,1,1,1,False,False,False,True,1,2,-4,-4,False,76,16,1,1,1,0,4,-4,-4,8888,888,0,0,False,Unknown,True,False,False,True,True,True
NACC158831,96,96,-4,-4,-4,-4,-4,,-4,-4,-4,-4,-4,-4,-4,996,996,-4,-4,-4,-4,-4,1,1,0,1,3,0,True,True,True,True,1,1,1,0,False,85,20,1,1,1,0,4,-4,-4,2009,-4,-4,-4,True,Unknown,False,True,True,False,True,True
NACC158891,16,10,-4,-4,-4,-4,-4,,-4,-4,-4,-4,-4,-4,-4,109,38,-4,-4,-4,-4,-4,0,0,1,1,2,0,False,True,False,False,1,1,1,0,False,80,12,2,1,1,0,4,-4,-4,8888,-4,-4,-4,False,Unknown,False,False,False,True,True,True
NACC159344,10,4,-4,-4,-4,-4,-4,,-4,-4,-4,-4,-4,-4,-4,300,82,-4,-4,-4,-4,-4,0,0,1,1,2,0,False,False,False,False,1,1,1,0,False,89,16,1,1,1,0,4,-4,-4,8888,-4,-4,-4,False,Unknown,False,False,False,True,True,True
NACC159890,3,2,3,2,98,1,8,,-4,-4,8,1,1,98,98,998,998,98,98,98,6,6,-4,0,1,1,2,0,False,False,False,True,1,1,-4,-4,False,57,13,2,1,1,0,4,-4,-4,-4,888,0,0,False,A+,False,False,False,True,True,True
NACC159941,-4,-4,-4,-4,-4,-4,-4,,-4,-4,-4,-4,-4,-4,-4,-4,-4,-4,-4,-4,-4,-4,0,0,1,1,1,0,True,True,True,True,0,7,0,0,False,75,16,2,1,1,0,4,-4,-4,8888,-4,-4,-4,False,Unknown,False,False,False,True,True,True
NACC160312,7,4,-4,-4,-4,-4,-4,,-4,-4,-4,-4,-4,-4,-4,300,150,-4,-4,-4,-4,-4,1,1,1,1,2,0,False,True,False,True,1,1,1,0,False,87,12,1,1,2,0,4,-4,-4,9999,-4,-4,-4,True,Unknown,False,True,True,True,True,True
NACC160656,22,13,15,11,32,8,8,,-4,-4,8,22,17,23,19,112,47,14,11,1,26,26,1,1,8,8,8,1,True,True,True,True,8,8,-4,-4,False,65,18,2,1,1,0,1,-4,-4,1988,36,1,1,True,Unknown,True,True,True,False,True,True
NACC160840,16,11,-4,-4,-4,-4,-4,,-4,-4,-4,-4,-4,-4,-4,300,77,-4,-4,-4,-4,-4,0,0,1,1,1,0,True,True,True,True,0,7,0,0,False,62,20,1,1,1,0,4,-4,-4,8888,-4,-4,-4,True,Unknown,False,False,False,True,True,True
NACC161452,8,7,-4,-4,-4,-4,-4,,-4,-4,-4,-4,-4,-4,-4,300,74,-4,-4,-4,-4,-4,0,0,1,1,1,0,True,True,True,True,0,7,0,0,False,70,18,1,1,1,0,4,-4,-4,8888,-4,-4,-4,False,Unknown,False,False,False,True,True,True
NACC161541,14,7,8,7,30,8,8,,-4,-4,8,4,3,3,2,996,77,8,8,0,20,21,0,0,1,1,1,0,True,False,True,True,1,2,-4,-4,False,70,12,1,1,1,0,4,-4,-4,8888,69,1,1,False,Unknown,True,False,False,True,True,True
NACC161958,20,6,-4,-4,-4,-4,-4,,-4,-4,-4,-4,-4,-4,-4,119,25,-4,-4,-4,-4,-4,1,1,8,1,1,0,True,True,True,True,0,7,0,0,False,68,20,1,1,1,0,3,-4,-4,2011,-4,-4,-4,False,Unknown,False,True,True,False,True,True
NACC162256,18,14,12,15,29,8,8,,-4,-4,8,13,12,13,12,81,45,17,3,1,23,23,-4,0,8,1,2,0,True,False,True,True,1,1,-4,-4,False,85,18,1,1,1,0,3,-4,-4,-4,85,0,1,False,Unknown,True,False,False,False,False,False
NACC162294,9,12,-4,-4,-4,-4,-4,,-4,-4,-4,-4,-4,-4,-4,256,51,-4,-4,-4,-4,-4,0,0,1,1,1,0,True,True,True,True,1,2,0,1,False,77,12,2,1,1,0,4,-4,-4,8888,-4,-4,-4,False,Unknown,False,False,False,True,True,True
NACC162883,13,4,-4,-4,-4,-4,-4,,-4,-4,-4,-4,-4,-4,-4,996,150,-4,-4,-4,-4,-4,0,0,1,1,1,0,True,True,True,True,0,7,0,0,False,75,16,2,1,1,0,4,-4,-4,8888,-4,-4,-4,False,Unknown,False,False,False,True,True,True
NACC163202,10,4,-4,-4,-4,-4,-4,,-4,-4,-4,-4,-4,-4,-4,218,56,-4,-4,-4,-4,-4,0,0,1,1,1,0,False,True,False,False,0,7,0,0,False,75,12,2,1,1,0,4,-4,-4,8888,-4,-4,-4,False,Unknown,False,False,False,True,True,True
NACC163598,9,7,-4,-4,-4,-4,-4,,-4,-4,-4,-4,-4,-4,-4,300,106,-4,-4,-4,-4,-4,0,0,1,1,2,0,False,False,False,False,1,1,0,1,False,69,18,1,1,1,9,4,-4,-4,8888,-4,-4,-4,False,Unknown,False,False,False,True,True,True
NACC163675,4,5,-4,-4,-4,-4,-4,,-4,-4,-4,-4,-4,-4,-4,997,997,-4,-4,-4,-4,-4,0,0,1,1,1,0,False,True,False,True,0,7,0,0,False,83,16,2,1,1,0,4,-4,-4,8888,-4,-4,-4,False,Unknown,False,False,False,True,True,True
NACC164329,-4,-4,-4,-4,-4,8,8,,-4,-4,8,-4,-4,-4,-4,-4,-4,-4,-4,-4,-4,-4,-4,0,1,1,2,0,False,False,False,False,1,1,-4,-4,False,93,12,2,1,2,0,4,-4,-4,-4,888,-4,-4,False,Unknown,False,False,False,True,True,True
NACC164638,7,0,-4,-4,-4,-4,-4,,-4,-4,-4,-4,-4,-4,-4,996,150,-4,-4,-4,-4,-4,0,0,1,1,2,0,False,False,False,False,1,1,1,0,False,72,11,1,1,1,0,4,-4,-4,8888,-4,-4,-4,False,Unknown,False,False,False,True,True,True
NACC164721,13,5,17,14,30,8,8,,-4,-4,8,10,9,11,11,193,87,17,9,0,22,23,1,1,8,1,2,1,True,True,True,True,0,7,-4,-4,False,80,12,1,1,1,1,3,-4,-4,2019,75,0,1,True,Unknown,True,True,True,False,True,True
NACC165306,12,7,-4,-4,-4,-4,-4,,-4,-4,-4,-4,-4,-4,-4,191,44,-4,-4,-4,-4,-4,0,0,1,1,1,0,False,False,False,True,1,2,1,0,False,64,16,1,1,1,0,4,-4,-4,8888,-4,-4,-4,False,Unknown,False,False,False,True,True,True
NACC165320,14,9,-4,-4,-4,-4,-4,,-4,-4,-4,-4,-4,-4,-4,84,41,-4,-4,-4,-4,-4,0,0,8,1,1,0,True,True,True,True,0,7,0,0,False,77,16,1,1,1,0,3,-4,-4,8888,-4,-4,-4,False,Unknown,False,False,False,False,False,False
NACC165878,11,8,5,2,15,8,8,,-4,-4,8,5,3,2,3,300,90,16,8,1,15,16,0,0,0,1,2,0,True,False,True,True,1,1,-4,-4,False,68,12,2,1,1,0,4,-4,-4,8888,67,1,1,False,Unknown,True,False,False,False,False,False
NACC166227,21,4,7,7,32,8,8,,-4,-4,8,0,0,96,96,998,48,17,12,0,15,16,1,0,8,1,1,1,True,True,True,True,0,7,-4,-4,False,67,12,1,1,1,0,3,-4,-4,9999,63,1,1,True,Unknown,True,True,False,False,True,True
NACC166632,17,15,-4,-4,-4,-4,-4,,-4,-4,-4,-4,-4,-4,-4,300,53,-4,-4,-4,-4,-4,0,0,1,1,1,0,True,True,True,True,0,7,0,0,False,78,12,1,1,1,0,4,-4,-4,8888,-4,-4,-4,True,Unknown,False,False,False,True,True,True
NACC167253,8,4,-4,-4,-4,-4,-4,,-4,-4,-4,-4,-4,-4,-4,300,71,-4,-4,-4,-4,-4,9,0,1,1,1,0,False,True,False,True,0,7,0,0,False,73,11,1,1,1,0,4,-4,-4,8888,-4,-4,-4,False,Unknown,False,False,False,True,True,True
NACC167353,14,4,17,16,22,1,8,,-4,-4,8,8,6,4,4,300,71,16,97,97,19,19,1,0,1,1,1,1,True,True,True,True,1,2,-4,-4,False,76,16,1,1,1,0,4,-4,-4,9999,72,1,1,False,A+,True,True,False,True,True,True
NACC167863,97,97,97,97,97,-4,-4,,-4,-4,-4,97,97,97,97,997,997,97,97,97,88,88,0,-4,8,1,1,0,True,False,True,True,0,8,-4,-4,False,88,20,2,1,-4,0,3,-4,888,-4,-4,-4,1,False,Unknown,False,False,False,False,False,False
NACC168490,20,16,-4,-4,-4,-4,-4,,-4,-4,-4,-4,-4,-4,-4,100,44,-4,-4,-4,-4,-4,1,1,8,8,8,0,True,True,True,True,8,8,8,8,False,72,23,1,1,1,0,1,-4,-4,2003,-4,-4,-4,True,Unknown,False,True,True,False,True,True
NACC168565,7,7,-4,-4,-4,-4,-4,,-4,-4,-4,-4,-4,-4,-4,300,122,-4,-4,-4,-4,-4,9,0,1,1,1,0,False,False,False,True,0,7,0,0,False,68,14,1,1,1,0,4,-4,-4,8888,-4,-4,-4,False,Unknown,False,False,False,True,True,True
NACC168649,7,5,-4,-4,-4,-4,-4,,-4,-4,-4,-4,-4,-4,-4,300,120,-4,-4,-4,-4,-4,0,0,1,1,2,0,False,True,False,False,1,1,1,0,False,76,15,2,1,1,0,4,-4,-4,8888,-4,-4,-4,False,Unknown,False,False,False,True,True,True
NACC168737,14,5,9,6,25,8,8,,-4,-4,8,8,7,2,1,996,73,13,2,0,14,14,0,0,1,1,2,0,False,False,False,True,1,1,-4,-4,False,73,16,1,1,1,0,4,-4,-4,8888,888,0,0,False,Unknown,True,False,False,True,True,True
NACC168878,6,5,95,6,95,1,8,,-4,-4,1,98,98,98,98,995,995,2,2,0,88,88,-4,0,1,1,2,0,True,False,True,True,1,1,-4,-4,False,62,16,2,1,1,0,4,-4,-4,-4,61,0,1,False,A+,False,False,False,True,True,True
NACC169397,-4,-4,-4,-4,-4,8,8,,-4,-4,8,-4,-4,-4,-4,-4,-4,-4,-4,-4,-4,-4,-4,0,1,1,1,0,False,False,False,False,0,7,-4,-4,False,95,18,2,1,2,0,4,-4,-4,-4,888,-4,-4,False,Unknown,False,False,False,True,True,True
NACC169530,97,97,97,97,97,8,8,,-4,-4,8,97,97,97,97,997,997,97,97,97,7,8,-4,1,0,1,2,0,True,False,True,True,1,1,-4,-4,False,70,12,1,1,1,0,4,-4,-4,-4,69,1,1,False,Unknown,False,False,True,False,False,True
NACC169557,20,6,14,17,98,1,-4,elevated,1,1,-4,13,10,0,0,67,32,15,5,0,19,19,0,-4,0,1,3,0,True,False,True,True,1,1,-4,-4,True,73,18,1,1,-4,0,3,1,888,-4,-4,-4,1,False,A+,False,False,False,False,False,False
NACC170278,20,10,9,7,30,0,8,,-4,-4,8,19,14,14,12,193,46,15,7,0,24,24,1,0,8,1,1,1,True,True,True,True,0,7,-4,-4,False,73,18,1,1,1,0,3,-4,-4,2017,68,1,1,False,A-,True,True,False,False,True,True
NACC170549,16,8,11,4,28,8,8,,-4,-4,8,14,11,15,13,178,44,16,97,97,22,22,0,0,8,1,1,1,True,False,True,True,0,7,-4,-4,False,71,18,1,1,1,0,3,-4,-4,8888,888,0,1,False,Unknown,True,False,False,False,False,False
NACC170601,22,11,5,7,32,8,1,,-4,-4,8,18,15,15,11,998,42,14,97,97,16,16,-4,0,8,1,1,0,True,False,True,True,1,2,-4,-4,False,59,14,1,1,1,0,3,-4,-4,-4,57,1,1,False,A+,True,False,False,False,False,False
NACC170704,13,9,11,8,97,8,8,,-4,-4,8,97,97,97,97,248,111,97,97,97,88,88,1,0,8,1,1,1,True,True,True,True,0,7,-4,-4,False,82,14,1,1,1,0,3,-4,-4,2016,80,1,1,True,Unknown,False,True,False,False,True,True
NACC171092,9,6,-4,-4,-4,-4,-4,,-4,-4,-4,-4,-4,-4,-4,995,995,-4,-4,-4,-4,-4,0,0,1,1,1,0,False,False,False,False,0,7,0,0,False,74,16,2,1,1,0,4,-4,-4,8888,-4,-4,-4,False,Unknown,False,False,False,True,True,True
NACC171149,22,12,-4,-4,-4,-4,-4,,-4,-4,-4,-4,-4,-4,-4,128,40,-4,-4,-4,-4,-4,1,1,8,1,1,0,True,True,True,True,0,7,0,0,False,63,20,1,1,1,0,3,-4,-4,2009,-4,-4,-4,True,Unknown,False,True,True,False,True,True
NACC171242,22,14,15,11,32,8,8,,-4,-4,8,16,13,10,11,58,19,13,10,1,28,28,-4,0,8,8,8,1,True,False,False,True,8,8,-4,-4,False,64,19,1,1,1,0,1,-4,-4,-4,64,0,1,False,Unknown,True,False,False,False,False,False
NACC171453,5,3,-4,-4,-4,-4,-4,,-4,-4,-4,-4,-4,-4,-4,235,61,-4,-4,-4,-4,-4,1,0,1,1,1,0,True,True,True,True,0,7,0,0,False,81,16,2,1,1,0,4,-4,-4,2011,-4,-4,-4,False,Unknown,False,True,False,True,True,True
NACC171543,9,1,2,1,19,8,8,,-4,-4,8,4,4,3,2,996,996,12,5,0,8,99,0,0,1,1,1,0,True,False,True,True,1,2,-4,-4,False,81,99,1,2,99,1,4,-4,-4,8888,888,1,1,False,Unknown,True,False,False,True,True,True
NACC171602,4,0,-4,-4,-4,-4,-4,,-4,-4,-4,-4,-4,-4,-4,996,150,-4,-4,-4,-4,-4,1,1,0,1,2,0,True,True,True,True,1,1,1,0,False,83,8,1,1,1,0,4,-4,-4,2007,-4,-4,-4,False,Unknown,False,True,True,False,True,True
NACC172037,16,10,-4,-4,-4,-4,-4,,-4,-4,-4,-4,-4,-4,-4,82,33,-4,-4,-4,-4,-4,0,0,1,1,2,0,False,False,False,False,1,1,0,1,False,73,16,1,1,1,0,4,-4,-4,8888,-4,-4,-4,False,Unknown,False,False,False,True,True,True
NACC172152,11,8,-4,-4,-4,-4,-4,,-4,-4,-4,-4,-4,-4,-4,300,57,-4,-4,-4,-4,-4,1,1,0,1,1,0,True,True,True,True,0,7,0,0,False,71,20,1,1,1,0,4,-4,-4,2004,-4,-4,-4,True,Unknown,False,True,True,False,True,True
NACC172271,14,7,-4,-4,-4,-4,-4,,-4,-4,-4,-4,-4,-4,-4,300,87,-4,-4,-4,-4,-4,0,0,1,1,2,0,False,False,False,False,1,1,1,0,False,79,12,1,1,1,0,4,-4,-4,8888,-4,-4,-4,False,Unknown,False,False,False,True,True,True
NACC172357,97,97,-4,-4,-4,-4,-4,,-4,-4,-4,-4,-4,-4,-4,997,997,-4,-4,-4,-4,-4,0,0,1,1,2,0,False,False,False,False,1,1,1,0,False,80,0,2,3,5,0,4,-4,-4,8888,-4,-4,-4,False,Unknown,False,False,False,True,True,True
NACC173592,26,15,-4,-4,-4,-4,-4,,-4,-4,-4,-4,-4,-4,-4,199,37,-4,-4,-4,-4,-4,1,1,8,1,1,0,True,True,True,True,0,7,0,0,False,67,16,1,1,1,0,3,-4,-4,2005,-4,-4,-4,True,Unknown,False,True,True,False,True,True
NACC173869,13,4,13,11,28,8,8,,-4,-4,8,11,12,17,14,149,47,15,14,1,26,26,0,0,0,0,7,0,True,True,False,True,0,7,-4,-4,False,74,18,1,1,1,0,4,-4,-4,8888,72,1,1,True,Unknown,True,False,False,False,False,False
NACC174146,15,8,-4,-4,-4,-4,-4,,-4,-4,-4,-4,-4,-4,-4,166,70,-4,-4,-4,-4,-4,0,0,8,1,1,0,True,True,True,True,0,7,0,0,False,74,20,1,1,1,0,3,-4,-4,8888,-4,-4,-4,False,Unknown,False,False,False,False,False,False
NACC174318,15,12,18,17,27,0,8,,-4,-4,8,21,16,15,14,178,74,12,98,98,22,22,1,0,8,1,1,1,True,True,True,True,0,7,-4,-4,True,72,16,1,1,1,0,3,-4,-4,2012,65,1,1,False,A-,True,True,False,False,True,True
NACC174440,14,11,11,11,24,8,8,,-4,-4,8,23,16,20,15,109,50,15,13,1,25,25,1,1,8,8,8,0,True,True,True,True,8,8,-4,-4,False,67,15,2,1,5,0,1,-4,-4,2010,63,1,1,True,Unknown,True,True,True,False,True,True
NACC174980,9,5,-4,-4,-4,-4,-4,,-4,-4,-4,-4,-4,-4,-4,996,111,-4,-4,-4,-4,-4,0,0,1,1,2,0,True,False,True,True,1,1,1,0,False,75,12,1,1,1,0,4,-4,-4,8888,-4,-4,-4,False,Unknown,False,False,False,True,True,True
NACC175091,12,4,-4,-4,-4,-4,-4,,-4,-4,-4,-4,-4,-4,-4,300,50,-4,-4,-4,-4,-4,0,0,1,1,1,0,False,False,False,True,1,2,0,1,False,67,14,1,1,2,0,4,-4,-4,8888,-4,-4,-4,False,Unknown,False,False,False,True,True,True
NACC175200,11,5,10,11,19,1,8,,-4,-4,8,3,1,1,2,300,75,6,1,0,16,16,0,0,0,1,2,1,True,False,True,True,1,1,-4,-4,False,80,19,1,1,1,0,4,-4,-4,8888,77,0,1,False,A+,True,False,False,False,False,False
NACC175243,23,18,18,13,28,1,8,,-4,-4,8,18,13,14,11,95,21,12,6,0,26,26,0,1,8,1,1,0,True,False,True,True,0,7,-4,-4,False,72,21,2,1,1,0,3,-4,-4,8888,888,0,1,False,A+,True,False,True,False,False,True
NACC175601,24,6,-4,-4,-4,-4,-4,,-4,-4,-4,-4,-4,-4,-4,50,25,-4,-4,-4,-4,-4,1,1,8,1,1,0,True,True,True,True,0,7,0,0,False,62,18,1,1,1,0,3,-4,-4,2007,-4,-4,-4,True,Unknown,False,True,True,False,True,True
NACC175663,8,4,-4,-4,-4,-4,-4,,-4,-4,-4,-4,-4,-4,-4,996,996,-4,-4,-4,-4,-4,9,0,1,1,1,0,False,True,False,True,0,7,0,0,False,80,12,2,1,1,0,4,-4,-4,8888,-4,-4,-4,False,Unknown,False,False,False,True,True,True
NACC175779,17,5,-4,-4,-4,-4,-4,,-4,-4,-4,-4,-4,-4,-4,996,56,-4,-4,-4,-4,-4,1,1,0,1,2,0,True,True,True,True,1,1,0,1,False,86,16,2,1,1,1,4,-4,-4,2014,-4,-4,-4,True,Unknown,False,True,True,False,True,True
NACC176310,18,15,21,14,30,8,8,,-4,-4,8,9,8,6,7,300,36,15,8,1,26,26,1,1,8,1,1,0,True,True,True,True,0,7,-4,-4,False,74,13,2,2,1,1,3,-4,-4,2012,62,1,1,False,Unknown,True,True,True,False,True,True
NACC176645,21,12,-4,-4,-4,-4,-4,,-4,-4,-4,-4,-4,-4,-4,110,41,-4,-4,-4,-4,-4,0,0,8,1,1,0,True,True,True,True,0,7,0,0,False,70,18,1,1,1,0,2,-4,-4,8888,-4,-4,-4,False,Unknown,False,False,False,False,False,False
NACC176679,5,0,-4,-4,-4,-4,-4,,-4,-4,-4,-4,-4,-4,-4,300,150,-4,-4,-4,-4,-4,0,0,1,1,2,0,False,True,False,False,1,1,1,0,False,82,18,1,1,1,0,4,-4,-4,8888,-4,-4,-4,False,Unknown,False,False,False,True,True,True
NACC176959,18,16,-4,-4,-4,-4,-4,,-4,-4,-4,-4,-4,-4,-4,86,42,-4,-4,-4,-4,-4,0,0,8,1,1,0,True,True,True,True,0,7,0,0,False,73,18,2,1,1,0,3,-4,-4,8888,-4,-4,-4,False,Unknown,False,False,False,False,False,False
NACC176985,3,6,-4,-4,-4,-4,-4,,-4,-4,-4,-4,-4,-4,-4,996,150,-4,-4,-4,-4,-4,1,1,0,1,1,0,True,True,True,True,0,7,0,0,False,69,13,1,1,1,0,4,-4,-4,1998,-4,-4,-4,True,Unknown,False,True,True,False,True,True
NACC177000,2,2,-4,-4,-4,-4,-4,,-4,-4,-4,-4,-4,-4,-4,996,996,-4,-4,-4,-4,-4,0,0,1,1,2,0,False,False,False,False,1,2,0,1,False,79,6,2,1,2,0,4,-4,-4,8888,-4,-4,-4,False,Unknown,False,False,False,True,True,True
NACC177242,5,3,-4,-4,-4,-4,-4,,-4,-4,-4,-4,-4,-4,-4,996,150,-4,-4,-4,-4,-4,0,0,1,1,2,0,False,False,False,False,1,1,1,0,False,60,18,1,1,1,0,4,-4,-4,8888,-4,-4,-4,False,Unknown,False,False,False,True,True,True
NACC177309,5,3,2,3,17,8,8,,-4,-4,8,12,9,6,6,996,150,7,2,0,10,10,0,0,1,1,1,0,True,True,True,True,0,7,-4,-4,False,71,18,1,1,1,0,4,-4,-4,8888,888,0,1,False,Unknown,True,False,False,True,True,True
NACC177463,13,7,-4,-4,-4,-4,-4,,-4,-4,-4,-4,-4,-4,-4,256,42,-4,-4,-4,-4,-4,0,0,1,1,2,0,False,False,False,False,1,1,1,0,False,83,18,1,1,1,0,4,-4,-4,8888,-4,-4,-4,False,Unknown,False,False,False,True,True,True
NACC177740,10,12,11,10,32,8,1,,-4,-4,8,13,11,13,11,105,43,7,8,1,21,21,-4,0,1,1,1,0,True,False,True,True,0,7,-4,-4,False,80,18,1,1,1,0,4,-4,-4,-4,72,1,1,True,A+,True,False,False,True,True,True
NACC178052,14,8,16,16,28,0,8,,-4,-4,8,27,21,21,18,153,25,14,8,1,23,23,1,0,8,1,1,1,True,True,True,True,0,7,-4,-4,True,77,14,1,1,1,0,3,-4,-4,2023,73,1,1,False,A-,True,True,False,False,True,True
NACC178398,25,13,15,12,32,8,8,,-4,-4,8,21,16,18,15,60,38,17,12,1,24,24,-4,1,8,1,1,0,True,False,True,True,1,2,-4,-4,False,63,17,1,1,1,0,3,-4,-4,-4,888,1,1,False,Unknown,True,False,True,False,False,True
NACC178660,18,16,-4,-4,-4,-4,-4,,-4,-4,-4,-4,-4,-4,-4,117,44,-4,-4,-4,-4,-4,0,0,1,1,2,0,False,False,False,False,1,1,0,1,False,58,17,2,1,1,0,4,-4,-4,8888,-4,-4,-4,False,Unknown,False,False,False,True,True,True
NACC178764,18,10,8,11,29,8,8,,-4,-4,8,22,18,15,13,155,123,5,2,0,19,19,0,0,1,1,1,0,True,True,True,True,0,7,-4,-4,True,81,19,1,1,1,0,4,-4,-4,8888,75,1,1,True,Unknown,True,False,False,True,True,True
NACC178961,96,96,-4,-4,-4,-4,-4,,-4,-4,-4,-4,-4,-4,-4,996,996,-4,-4,-4,-4,-4,0,0,1,1,1,0,False,False,False,False,1,2,0,1,False,87,18,2,1,1,0,4,-4,-4,8888,-4,-4,-4,False,Unknown,False,False,False,True,True,True
NACC179187,96,96,-4,-4,-4,-4,-4,,-4,-4,-4,-4,-4,-4,-4,996,996,-4,-4,-4,-4,-4,1,1,1,1,2,0,False,True,False,True,1,1,1,0,False,65,18,1,1,5,0,4,-4,-4,2006,-4,-4,-4,True,Unknown,False,True,True,True,True,True
NACC179234,96,96,-4,-4,-4,-4,-4,,-4,-4,-4,-4,-4,-4,-4,996,996,-4,-4,-4,-4,-4,0,0,1,1,2,0,False,False,False,False,1,1,1,0,False,61,15,1,1,1,0,4,-4,-4,8888,-4,-4,-4,False,Unknown,False,False,False,True,True,True
NACC179266,7,4,-4,-4,-4,-4,-4,,-4,-4,-4,-4,-4,-4,-4,193,59,-4,-4,-4,-4,-4,1,1,0,1,3,0,True,True,True,True,1,1,0,1,False,89,12,1,1,1,0,4,-4,-4,2007,-4,-4,-4,True,Unknown,False,True,True,False,True,True
NACC179518,12,12,-4,-4,-4,-4,-4,,-4,-4,-4,-4,-4,-4,-4,85,53,-4,-4,-4,-4,-4,1,1,8,1,1,0,True,True,True,True,0,7,0,0,False,73,14,1,1,1,0,3,-4,-4,2005,-4,-4,-4,True,Unknown,False,True,True,False,True,True
NACC179604,16,9,5,5,30,1,1,,-4,-4,1,6,6,3,5,996,33,10,0,1,15,16,0,0,1,1,1,1,True,True,True,True,1,2,-4,-4,True,69,12,1,1,1,0,4,-4,-4,8888,67,1,1,True,A+,True,False,False,True,True,True
NACC179732,12,5,-4,-4,-4,-4,-4,,-4,-4,-4,-4,-4,-4,-4,300,68,-4,-4,-4,-4,-4,0,0,1,1,2,0,False,False,False,False,1,1,0,1,False,74,8,2,1,1,0,4,-4,-4,8888,-4,-4,-4,False,Unknown,False,False,False,True,True,True
NACC180208,16,6,-4,-4,-4,-4,-4,,-4,-4,-4,-4,-4,-4,-4,239,66,-4,-4,-4,-4,-4,1,1,0,1,1,0,True,True,True,True,0,7,0,0,False,69,18,1,1,1,0,4,-4,-4,2007,-4,-4,-4,False,Unknown,False,True,True,False,True,True
NACC180353,0,96,96,96,13,1,1,,-4,-4,1,96,96,96,96,996,996,0,0,0,88,88,0,0,0,1,2,0,True,False,True,True,1,1,-4,-4,False,80,19,1,1,1,0,4,-4,-4,8888,76,1,1,False,A+,False,False,False,False,False,False
NACC180401,8,5,-4,-4,-4,-4,-4,,-4,-4,-4,-4,-4,-4,-4,996,996,-4,-4,-4,-4,-4,0,0,1,1,1,0,True,False,True,True,0,7,0,0,False,80,18,1,1,1,0,4,-4,-4,8888,-4,-4,-4,False,Unknown,False,False,False,True,True,True
NACC180663,20,8,8,4,26,8,8,,-4,-4,8,11,9,8,8,116,31,13,8,1,18,19,0,1,8,1,1,0,True,False,True,True,0,7,-4,-4,False,80,12,2,1,1,0,2,-4,-4,8888,78,1,1,False,Unknown,True,False,True,False,False,True
NACC180716,23,12,-4,-4,-4,-4,-4,,-4,-4,-4,-4,-4,-4,-4,300,79,-4,-4,-4,-4,-4,1,1,8,1,1,0,True,True,True,True,0,7,0,0,False,72,18,1,1,1,0,3,-4,-4,1995,-4,-4,-4,True,Unknown,False,True,True,False,True,True
NACC180717,5,4,-4,-4,-4,-4,-4,,-4,-4,-4,-4,-4,-4,-4,996,150,-4,-4,-4,-4,-4,0,1,1,1,1,0,False,True,False,False,0,7,0,0,False,60,16,1,1,1,0,4,-4,-4,8888,-4,-4,-4,False,Unknown,False,False,True,True,True,True
NACC180768,6,1,8,6,24,8,8,,-4,-4,8,4,3,4,2,996,137,10,3,0,13,13,1,1,1,1,2,0,True,True,True,True,1,2,-4,-4,True,82,18,1,1,1,0,4,-4,-4,2019,77,1,1,False,Unknown,True,True,True,True,True,True
NACC180830,9,4,10,14,28,8,8,,-4,-4,8,11,9,0,0,300,58,15,0,0,14,14,0,0,0,1,2,0,True,False,True,True,0,7,-4,-4,False,57,14,1,1,2,0,4,-4,-4,8888,888,0,1,False,Unknown,True,False,False,False,False,False
NACC182156,5,6,9,4,12,8,8,,-4,-4,8,6,4,2,1,996,996,10,5,0,13,13,9,1,1,1,1,1,True,False,True,True,0,7,-4,-4,False,71,18,2,1,1,0,4,-4,-4,8888,65,1,1,True,Unknown,True,False,True,True,True,True
NACC182187,4,3,-4,-4,-4,-4,-4,,-4,-4,-4,-4,-4,-4,-4,996,996,-4,-4,-4,-4,-4,0,0,1,1,2,0,False,False,False,False,1,1,1,0,False,76,8,2,2,1,1,4,-4,-4,8888,-4,-4,-4,False,Unknown,False,False,False,True,True,True
NACC182297,16,9,-4,-4,-4,-4,-4,,-4,-4,-4,-4,-4,-4,-4,300,98,-4,-4,-4,-4,-4,1,1,8,1,1,0,True,True,True,True,0,7,0,0,False,81,12,2,1,1,0,3,-4,-4,2002,-4,-4,-4,True,Unknown,False,True,True,False,True,True
NACC182431,9,4,-4,-4,-4,-4,-4,,-4,-4,-4,-4,-4,-4,-4,996,150,-4,-4,-4,-4,-4,1,0,1,1,1,0,True,True,True,True,0,7,0,0,False,72,16,1,2,1,1,4,-4,-4,2010,-4,-4,-4,False,Unknown,False,True,False,True,True,True
NACC182833,11,6,-4,-4,-4,-4,-4,,-4,-4,-4,-4,-4,-4,-4,996,77,-4,-4,-4,-4,-4,0,0,1,1,2,0,False,False,False,False,1,1,1,0,False,80,20,1,1,1,0,4,-4,-4,8888,-4,-4,-4,False,Unknown,False,False,False,True,True,True
NACC182966,17,9,5,8,31,0,8,,-4,-4,8,4,4,1,3,117,29,17,10,1,24,24,0,1,8,1,2,0,True,False,True,True,1,1,-4,-4,False,68,16,1,1,1,0,3,-4,-4,8888,68,1,1,False,A-,True,False,True,False,False,True
NACC183319,15,8,11,15,29,8,8,,-4,-4,8,13,14,13,12,179,25,16,15,1,21,21,-4,0,8,1,2,0,True,False,True,True,1,1,-4,-4,False,80,20,1,3,5,0,3,-4,-4,-4,888,0,1,False,Unknown,True,False,False,False,False,False
NACC183713,10,8,15,15,31,8,8,,-4,-4,8,7,8,5,5,300,40,17,5,1,21,21,1,1,8,1,1,0,True,True,True,True,0,7,-4,-4,False,83,18,2,1,1,0,3,-4,-4,2010,77,1,1,True,Unknown,True,True,True,False,True,True
NACC184467,6,8,-4,-4,-4,-4,-4,,-4,-4,-4,-4,-4,-4,-4,996,24,-4,-4,-4,-4,-4,0,0,1,1,2,0,True,True,True,True,1,1,1,0,False,64,12,2,1,1,0,4,-4,-4,8888,-4,-4,-4,True,Unknown,False,False,False,True,True,True
NACC184684,7,4,-4,-4,-4,-4,-4,,-4,-4,-4,-4,-4,-4,-4,96,32,-4,-4,-4,-4,-4,0,1,0,1,2,0,True,True,True,True,1,1,1,0,False,81,20,1,1,1,0,4,-4,-4,8888,-4,-4,-4,False,Unknown,False,False,True,False,False,True
NACC185008,8,4,-4,-4,-4,-4,-4,,-4,-4,-4,-4,-4,-4,-4,996,996,-4,-4,-4,-4,-4,0,0,1,1,2,0,False,False,False,True,1,1,0,1,False,66,14,1,1,3,0,4,-4,-4,8888,-4,-4,-4,False,Unknown,False,False,False,True,True,True
NACC185211,95,95,-4,-4,-4,-4,-4,,-4,-4,-4,-4,-4,-4,-4,995,995,-4,-4,-4,-4,-4,1,1,0,1,2,0,True,True,True,True,0,7,0,0,False,69,16,1,1,1,0,4,-4,-4,2009,-4,-4,-4,False,Unknown,False,True,True,False,True,True
NACC185296,10,5,-4,-4,-4,-4,-4,,-4,-4,-4,-4,-4,-4,-4,217,41,-4,-4,-4,-4,-4,1,1,1,1,1,0,True,True,True,True,1,2,0,1,False,78,14,2,1,1,0,4,-4,-4,2009,-4,-4,-4,True,Unknown,False,True,True,True,True,True
NACC185764,4,8,-4,-4,-4,-4,-4,,-4,-4,-4,-4,-4,-4,-4,300,90,-4,-4,-4,-4,-4,0,0,1,1,2,0,False,False,False,True,1,1,1,0,False,79,12,2,1,2,0,4,-4,-4,8888,-4,-4,-4,False,Unknown,False,False,False,True,True,True
NACC185975,24,14,-4,-4,-4,-4,-4,,-4,-4,-4,-4,-4,-4,-4,61,31,-4,-4,-4,-4,-4,1,1,8,1,1,0,True,True,True,True,0,7,0,0,False,65,18,1,1,1,0,3,-4,-4,2007,-4,-4,-4,True,Unknown,False,True,True,False,True,True
NACC186538,-4,-4,-4,-4,-4,-4,-4,,-4,-4,-4,-4,-4,-4,-4,-4,-4,-4,-4,-4,-4,-4,1,1,8,1,1,0,True,True,True,True,0,7,0,0,False,60,99,1,2,1,1,3,-4,-4,2000,-4,-4,-4,True,Unknown,False,True,True,False,True,True
NACC186583,10,5,-4,-4,-4,-4,-4,,-4,-4,-4,-4,-4,-4,-4,294,54,-4,-4,-4,-4,-4,1,1,1,1,1,0,False,True,False,True,0,7,0,0,False,69,20,1,1,1,0,4,-4,-4,2007,-4,-4,-4,True,Unknown,False,True,True,True,True,True
NACC186694,9,8,97,97,25,8,8,,-4,-4,8,25,17,14,11,996,71,14,9,1,17,99,-4,0,0,1,1,0,True,False,True,True,1,2,-4,-4,False,81,99,2,2,99,1,4,-4,-4,-4,77,1,1,False,Unknown,False,False,False,False,False,False
NACC186995,7,5,18,20,29,8,8,,-4,-4,8,96,96,96,96,998,40,14,96,96,17,17,0,0,1,1,2,0,False,False,False,False,1,1,-4,-4,False,72,20,1,1,1,0,4,-4,-4,8888,888,0,0,False,Unknown,True,False,False,True,True,True
NACC187069,19,11,6,10,30,8,8,,-4,-4,8,9,8,10,12,998,26,16,8,1,23,23,0,0,8,1,1,1,True,False,True,True,0,7,-4,-4,False,76,15,1,1,1,0,3,-4,-4,8888,75,0,1,False,Unknown,True,False,False,False,False,False
NACC187478,7,2,10,11,24,8,8,,-4,-4,8,0,0,0,0,996,140,15,0,1,17,17,0,0,8,1,1,1,True,False,True,True,1,2,-4,-4,False,81,18,1,1,1,0,3,-4,-4,8888,78,1,1,False,Unknown,True,False,False,False,False,False
NACC187583,-4,-4,-4,-4,-4,-4,-4,,-4,-4,-4,-4,-4,-4,-4,-4,-4,-4,-4,-4,-4,-4,1,1,0,1,3,0,True,True,True,True,0,7,0,0,False,77,12,1,1,1,0,4,-4,-4,9999,-4,-4,-4,False,Unknown,False,True,True,False,True,True
NACC187762,10,5,-4,-4,-4,-4,-4,,-4,-4,-4,-4,-4,-4,-4,185,38,-4,-4,-4,-4,-4,0,0,1,1,2,0,True,False,True,True,1,1,0,1,False,85,12,2,1,1,0,4,-4,-4,8888,-4,-4,-4,False,Unknown,False,False,False,True,True,True
NACC188049,13,8,9,12,30,8,8,,-4,-4,8,19,13,18,14,203,44,10,7,1,18,18,1,0,1,1,1,1,True,True,True,True,0,7,-4,-4,True,66,14,1,1,1,0,4,-4,-4,2020,64,1,1,True,Unknown,True,True,False,True,True,True
NACC188101,96,96,-4,-4,-4,-4,-4,,-4,-4,-4,-4,-4,-4,-4,996,996,-4,-4,-4,-4,-4,0,0,1,1,1,0,False,True,False,False,0,7,0,0,False,81,20,1,1,1,0,4,-4,-4,8888,-4,-4,-4,True,Unknown,False,False,False,True,True,True
NACC188268,24,10,-4,-4,-4,-4,-4,,-4,-4,-4,-4,-4,-4,-4,138,49,-4,-4,-4,-4,-4,1,1,1,1,1,0,False,True,False,True,0,7,0,0,False,68,17,1,1,1,0,4,-4,-4,2004,-4,-4,-4,True,Unknown,False,True,True,True,True,True
NACC188415,23,8,-4,-4,-4,-4,-4,,-4,-4,-4,-4,-4,-4,-4,49,31,-4,-4,-4,-4,-4,1,1,8,8,8,0,True,True,True,True,8,8,8,8,False,71,20,1,1,1,0,1,-4,-4,2003,-4,-4,-4,True,Unknown,False,True,True,False,True,True
NACC188493,16,8,-4,-4,-4,-4,-4,,-4,-4,-4,-4,-4,-4,-4,180,60,-4,-4,-4,-4,-4,1,1,8,1,1,0,True,True,True,True,1,2,0,1,False,93,1,1,1,1,0,3,-4,-4,9999,-4,-4,-4,True,Unknown,False,True,True,False,True,True
NACC188569,97,97,-4,-4,-4,-4,-4,,-4,-4,-4,-4,-4,-4,-4,997,997,-4,-4,-4,-4,-4,0,0,1,1,1,0,True,True,True,True,0,7,0,0,False,70,14,1,1,1,0,4,-4,-4,8888,-4,-4,-4,True,Unknown,False,False,False,True,True,True
NACC188891,9,4,9,9,28,8,8,,-4,-4,8,2,2,0,0,300,107,15,0,0,14,14,9,0,0,1,2,0,True,False,True,True,1,1,-4,-4,False,85,18,1,1,1,0,4,-4,-4,8888,83,8,1,False,Unknown,True,False,False,False,False,False
NACC189178,7,0,13,15,0,1,8,,-4,-4,8,5,5,1,2,996,996,1,96,96,9,10,-4,1,1,1,2,0,True,False,True,True,1,1,-4,-4,False,77,12,2,1,1,0,4,-4,-4,-4,888,0,1,False,A+,True,False,True,True,True,True
NACC189717,96,96,-4,-4,-4,-4,-4,,-4,-4,-4,-4,-4,-4,-4,996,996,-4,-4,-4,-4,-4,0,0,1,1,1,0,False,True,False,False,1,2,0,1,False,69,12,1,1,1,0,4,-4,-4,8888,-4,-4,-4,True,Unknown,False,False,False,True,True,True
NACC189791,12,15,13,97,26,0,0,,-4,-4,0,7,5,8,4,300,100,17,11,0,24,24,0,0,1,1,1,0,True,False,True,True,0,7,-4,-4,False,75,18,2,1,1,0,4,-4,-4,8888,72,1,1,False,A-,False,False,False,True,True,True
NACC189835,10,10,-4,-4,-4,-4,-4,,-4,-4,-4,-4,-4,-4,-4,997,150,-4,-4,-4,-4,-4,1,1,1,1,1,0,True,True,True,True,0,7,0,0,False,78,12,1,1,1,0,4,-4,-4,1998,-4,-4,-4,True,Unknown,False,True,True,True,True,True
NACC189944,18,11,-4,-4,-4,-4,-4,,-4,-4,-4,-4,-4,-4,-4,300,100,-4,-4,-4,-4,-4,1,1,0,1,1,0,True,True,True,True,0,7,0,0,False,75,17,1,1,1,0,4,-4,-4,2003,-4,-4,-4,True,Unknown,False,True,True,False,True,True
NACC190477,11,3,-4,-4,-4,-4,-4,,-4,-4,-4,-4,-4,-4,-4,232,115,-4,-4,-4,-4,-4,0,0,1,1,1,0,False,True,False,False,1,2,0,1,False,82,12,1,1,1,0,4,-4,-4,8888,-4,-4,-4,True,Unknown,False,False,False,True,True,True
NACC190521,11,12,6,7,26,1,8,,-4,-4,1,12,8,10,7,92,34,16,11,1,20,20,-4,0,8,1,2,0,True,False,True,True,1,1,-4,-4,False,67,16,1,8,1,0,3,-4,-4,-4,67,0,1,False,A+,True,False,False,False,False,False
NACC190713,11,8,-4,-4,-4,-4,-4,,-4,-4,-4,-4,-4,-4,-4,996,87,-4,-4,-4,-4,-4,1,1,1,1,1,0,False,True,False,True,0,7,0,0,False,81,15,2,1,1,9,4,-4,-4,9999,-4,-4,-4,True,Unknown,False,True,True,True,True,True
NACC191081,11,8,9,11,30,8,8,,-4,-4,8,8,7,10,9,300,115,15,10,1,24,25,1,1,8,1,1,1,True,True,True,True,0,7,-4,-4,False,78,12,2,1,1,0,3,-4,-4,2019,69,1,1,True,Unknown,True,True,True,False,True,True
NACC191578,11,9,-4,-4,-4,-4,-4,,-4,-4,-4,-4,-4,-4,-4,207,41,-4,-4,-4,-4,-4,0,0,1,1,1,0,False,True,False,True,0,7,0,0,False,61,16,1,1,1,0,4,-4,-4,8888,-4,-4,-4,False,Unknown,False,False,False,True,True,True
NACC191671,10,8,7,13,30,1,8,,-4,-4,8,17,16,14,16,300,65,10,6,0,20,20,0,0,1,1,1,1,True,True,True,True,0,7,-4,-4,True,77,16,1,1,1,0,4,-4,-4,8888,76,1,1,True,A+,True,False,False,True,True,True
NACC192474,9,6,-4,-4,-4,-4,-4,,-4,-4,-4,-4,-4,-4,-4,300,77,-4,-4,-4,-4,-4,0,0,1,1,1,0,False,False,False,False,0,7,0,0,False,77,12,1,1,2,0,4,-4,-4,8888,-4,-4,-4,False,Unknown,False,False,False,True,True,True
NACC193061,9,4,-4,-4,-4,-4,-4,,-4,-4,-4,-4,-4,-4,-4,995,995,-4,-4,-4,-4,-4,0,0,1,1,1,0,True,False,True,True,1,2,0,1,False,77,8,2,1,1,0,4,-4,-4,8888,-4,-4,-4,False,Unknown,False,False,False,True,True,True
NACC194267,12,5,-4,-4,-4,-4,-4,,-4,-4,-4,-4,-4,-4,-4,996,121,-4,-4,-4,-4,-4,0,1,1,1,1,0,False,True,False,True,0,7,0,0,False,69,12,1,1,1,0,4,-4,-4,8888,-4,-4,-4,False,Unknown,False,False,True,True,True,True
NACC194347,96,96,96,96,96,-4,-4,,-4,-4,-4,96,96,96,96,996,996,96,96,96,22,22,0,-4,0,1,2,0,True,False,True,True,1,1,-4,-4,False,83,16,2,1,-4,0,4,10,888,-4,-4,-4,1,True,Unknown,False,False,False,False,False,False
NACC194916,11,12,-4,-4,-4,-4,-4,,-4,-4,-4,-4,-4,-4,-4,182,86,-4,-4,-4,-4,-4,1,1,0,1,1,0,True,True,True,True,0,7,0,0,False,79,16,1,1,1,0,4,-4,-4,1995,-4,-4,-4,True,Unknown,False,True,True,False,True,True
NACC195467,23,20,-4,-4,-4,-4,-4,,-4,-4,-4,-4,-4,-4,-4,68,36,-4,-4,-4,-4,-4,1,1,8,8,8,0,True,True,True,True,8,8,8,8,False,61,18,2,1,1,0,1,-4,-4,2009,-4,-4,-4,True,Unknown,False,True,True,False,True,True
NACC195477,10,0,6,5,26,8,8,,-4,-4,8,17,14,9,9,996,150,12,4,0,6,6,0,0,1,1,1,1,True,True,True,True,1,2,-4,-4,False,77,20,1,1,50,0,4,-4,-4,8888,76,1,1,False,Unknown,True,False,False,True,True,True
NACC196280,14,14,10,9,29,0,0,,-4,-4,8,17,20,20,19,85,45,17,9,1,26,26,-4,1,8,1,1,0,True,False,True,True,0,7,-4,-4,False,66,18,1,1,1,0,3,-4,-4,-4,65,0,1,True,A-,True,False,True,False,False,True
NACC196415,8,5,-4,-4,-4,-4,-4,,-4,-4,-4,-4,-4,-4,-4,996,56,-4,-4,-4,-4,-4,0,0,1,1,1,1,True,False,True,True,0,7,0,0,False,68,18,1,1,1,0,4,-4,-4,8888,-4,-4,-4,False,Unknown,False,False,False,True,True,True
NACC196758,4,2,4,0,16,8,8,,-4,-4,8,97,97,97,97,997,997,10,1,0,9,10,-4,0,0,1,2,0,True,False,True,True,1,1,-4,-4,False,80,12,2,1,1,0,4,-4,-4,-4,15,0,1,False,Unknown,True,False,False,False,False,False
NACC196810,12,9,5,9,29,0,8,,-4,-4,8,22,18,19,15,300,89,13,2,1,20,20,-4,0,1,1,1,0,False,False,False,True,0,7,-4,-4,False,72,13,2,1,1,1,4,-4,-4,-4,888,0,0,False,A-,True,False,False,True,True,True
NACC197088,14,5,14,15,28,8,8,elevated,-4,-4,8,9,9,0,0,996,84,13,2,1,17,17,0,0,8,1,2,1,True,False,True,True,1,1,-4,-4,False,73,19,1,1,1,0,3,-4,-4,8888,888,0,1,False,A+,True,False,False,False,False,False
NACC197139,6,5,-4,-4,-4,-4,-4,,-4,-4,-4,-4,-4,-4,-4,996,76,-4,-4,-4,-4,-4,1,1,0,1,2,0,True,True,True,True,0,7,0,0,False,69,18,1,1,1,0,4,-4,-4,2013,-4,-4,-4,False,Unknown,False,True,True,False,True,True
NACC199200,4,4,-4,-4,-4,-4,-4,,-4,-4,-4,-4,-4,-4,-4,300,150,-4,-4,-4,-4,-4,0,0,1,1,1,0,True,True,True,True,0,7,0,0,False,74,20,1,1,1,0,4,-4,-4,8888,-4,-4,-4,False,Unknown,False,False,False,True,True,True
NACC199440,10,5,6,7,-4,8,8,,-4,-4,8,13,9,10,10,-4,-4,-4,-4,-4,-4,-4,-4,1,0,1,2,0,True,False,True,True,1,1,-4,-4,False,85,19,1,1,1,0,4,-4,-4,-4,80,-4,-4,False,Unknown,False,False,True,False,False,True
NACC199809,8,3,-4,-4,-4,-4,-4,,-4,-4,-4,-4,-4,-4,-4,998,150,-4,-4,-4,-4,-4,0,0,1,1,1,0,True,True,True,True,0,7,0,0,False,78,28,1,1,1,0,4,-4,-4,8888,-4,-4,-4,False,Unknown,False,False,False,True,True,True
NACC200518,12,9,4,6,29,8,8,,-4,-4,8,18,17,16,16,996,62,14,11,1,20,20,0,0,8,1,1,0,True,False,True,True,0,7,-4,-4,False,66,14,1,1,1,0,3,-4,-4,8888,63,1,1,True,Unknown,True,False,False,False,False,False
NACC200590,10,5,-4,-4,-4,-4,-4,,-4,-4,-4,-4,-4,-4,-4,300,82,-4,-4,-4,-4,-4,0,0,1,1,1,0,False,False,False,True,0,7,0,0,False,78,20,1,1,1,0,4,-4,-4,8888,-4,-4,-4,False,Unknown,False,False,False,True,True,True
NACC200847,17,9,-4,-4,-4,-4,-4,,-4,-4,-4,-4,-4,-4,-4,292,96,-4,-4,-4,-4,-4,0,0,1,1,1,0,True,False,True,True,0,7,0,0,False,83,16,1,1,1,0,4,-4,-4,8888,-4,-4,-4,False,Unknown,False,False,False,True,True,True
NACC201236,20,14,12,13,32,8,8,,-4,-4,8,14,11,12,10,80,33,15,12,1,27,27,-4,1,8,1,1,0,True,False,True,True,0,7,-4,-4,False,56,18,2,1,1,0,3,-4,-4,-4,52,1,1,True,Unknown,True,False,True,False,False,True
NACC201267,31,26,13,11,32,8,8,,-4,-4,8,22,17,23,17,81,37,13,8,1,28,28,-4,0,0,0,7,0,True,False,False,True,0,7,-4,-4,False,65,20,2,1,1,0,4,-4,-4,-4,64,1,1,False,Unknown,True,False,False,False,False,False
NACC201603,1,1,4,4,0,1,1,,-4,-4,8,2,1,3,2,995,995,2,0,0,10,10,-4,0,0,1,2,0,True,False,True,True,1,1,-4,-4,False,73,20,1,2,1,1,4,-4,-4,-4,73,1,1,False,A+,True,False,False,False,False,False
NACC201898,96,96,-4,-4,-4,-4,-4,,-4,-4,-4,-4,-4,-4,-4,996,996,-4,-4,-4,-4,-4,0,0,1,1,1,0,False,False,False,False,0,7,0,0,False,72,16,2,1,1,0,4,-4,-4,8888,-4,-4,-4,False,Unknown,False,False,False,True,True,True
NACC201970,97,97,-4,-4,-4,-4,-4,,-4,-4,-4,-4,-4,-4,-4,997,997,-4,-4,-4,-4,-4,0,0,1,1,2,0,False,False,False,False,1,1,0,1,False,74,12,1,8,1,0,4,-4,-4,8888,-4,-4,-4,False,Unknown,False,False,False,True,True,True
NACC202177,15,10,8,12,27,8,8,,-4,-4,8,11,10,11,11,123,44,14,8,1,23,23,-4,0,1,1,1,1,True,False,True,True,0,7,-4,-4,True,62,20,1,1,1,0,4,-4,-4,-4,62,0,1,False,Unknown,True,False,False,True,True,True
NACC202392,96,96,-4,-4,-4,-4,-4,,-4,-4,-4,-4,-4,-4,-4,996,996,-4,-4,-4,-4,-4,0,0,1,1,2,0,False,False,False,False,1,1,1,0,False,66,18,2,1,1,0,4,-4,-4,8888,-4,-4,-4,False,Unknown,False,False,False,True,True,True
NACC202494,13,8,-4,-4,-4,-4,-4,,-4,-4,-4,-4,-4,-4,-4,155,42,-4,-4,-4,-4,-4,9,0,8,1,1,0,True,True,True,True,0,7,0,0,False,82,16,1,1,1,9,3,-4,-4,8888,-4,-4,-4,True,Unknown,False,False,False,False,False,False
NACC202819,9,8,-4,-4,-4,-4,-4,,-4,-4,-4,-4,-4,-4,-4,300,54,-4,-4,-4,-4,-4,0,0,1,1,1,0,False,False,False,True,1,2,0,1,False,63,12,1,1,1,0,4,-4,-4,8888,-4,-4,-4,False,Unknown,False,False,False,True,True,True
NACC203641,22,13,17,20,31,8,8,,-4,-4,8,22,15,19,15,49,21,14,11,1,26,26,0,0,8,8,8,1,True,False,False,True,8,8,-4,-4,False,73,16,1,1,1,0,1,-4,-4,8888,72,0,1,False,Unknown,True,False,False,False,False,False
NACC203742,18,12,9,7,32,8,8,,-4,-4,8,5,5,3,3,90,35,17,12,1,28,28,-4,1,8,1,1,1,True,False,True,True,0,7,-4,-4,False,66,16,1,1,1,0,2,-4,-4,-4,55,1,1,True,Unknown,True,False,True,False,False,True
NACC204215,98,98,10,98,98,8,8,,-4,-4,8,9,6,98,98,998,998,98,98,98,21,21,0,0,8,1,1,0,True,False,True,True,0,7,-4,-4,False,57,18,1,1,2,0,3,-4,-4,8888,56,0,1,False,Unknown,False,False,False,False,False,False
NACC204232,96,96,-4,-4,-4,-4,-4,,-4,-4,-4,-4,-4,-4,-4,996,996,-4,-4,-4,-4,-4,0,0,1,1,2,0,True,False,True,True,1,1,1,0,False,89,8,2,1,2,0,4,-4,-4,8888,-4,-4,-4,True,Unknown,False,False,False,True,True,True
NACC204702,16,10,11,6,23,8,8,,-4,-4,8,15,11,11,11,127,36,17,13,1,27,27,0,1,1,1,1,0,True,False,True,True,0,7,-4,-4,False,57,18,2,1,1,0,4,-4,-4,8888,55,0,1,False,Unknown,True,False,True,True,True,True
NACC204707,4,0,-4,-4,-4,-4,-4,,-4,-4,-4,-4,-4,-4,-4,996,996,-4,-4,-4,-4,-4,0,0,1,1,2,0,True,False,True,True,1,1,0,1,False,80,16,1,1,1,0,4,-4,-4,8888,-4,-4,-4,False,Unknown,False,False,False,True,True,True
NACC205018,11,3,-4,-4,-4,-4,-4,,-4,-4,-4,-4,-4,-4,-4,996,140,-4,-4,-4,-4,-4,0,0,1,1,1,0,False,True,False,False,0,7,0,0,False,74,12,1,1,1,0,4,-4,-4,8888,-4,-4,-4,True,Unknown,False,False,False,True,True,True
NACC205330,96,96,96,96,96,8,8,,-4,-4,8,96,96,96,96,996,996,96,96,96,22,22,0,0,8,1,1,1,True,False,True,True,0,7,-4,-4,False,72,16,1,1,1,0,3,-4,-4,8888,69,1,1,False,Unknown,False,False,False,False,False,False
NACC205815,11,5,-4,-4,-4,-4,-4,,-4,-4,-4,-4,-4,-4,-4,300,60,-4,-4,-4,-4,-4,0,1,0,1,2,0,True,True,True,True,1,1,1,0,False,71,16,1,1,1,0,4,-4,-4,8888,-4,-4,-4,False,Unknown,False,False,True,False,False,True
NACC205973,4,5,-4,-4,-4,-4,-4,,-4,-4,-4,-4,-4,-4,-4,995,995,-4,-4,-4,-4,-4,0,0,1,1,2,0,False,False,False,False,1,1,1,0,False,77,4,1,2,99,1,4,-4,-4,8888,-4,-4,-4,False,Unknown,False,False,False,True,True,True
NACC205991,9,97,-4,-4,-4,-4,-4,,-4,-4,-4,-4,-4,-4,-4,300,33,-4,-4,-4,-4,-4,0,0,1,1,1,0,True,False,True,True,0,7,0,0,False,73,17,1,1,1,0,4,-4,-4,8888,-4,-4,-4,False,Unknown,False,False,False,True,True,True
NACC206002,5,3,9,9,19,0,0,,-4,-4,8,0,0,0,0,71,35,16,0,0,18,18,-4,0,0,1,2,0,True,False,True,True,0,7,-4,-4,False,87,16,1,1,1,0,4,-4,-4,-4,86,1,1,False,A-,True,False,False,False,False,False
NACC206417,23,20,20,18,29,8,8,,-4,-4,8,36,23,29,19,128,36,14,9,1,22,22,0,1,8,0,7,0,True,False,True,True,1,1,-4,-4,False,85,18,2,1,1,0,3,-4,-4,8888,80,1,1,True,Unknown,True,False,True,False,False,True
NACC206725,12,11,19,14,31,8,8,,-4,-4,8,9,5,4,3,996,89,13,97,97,17,17,0,0,1,1,1,1,False,False,False,False,1,2,-4,-4,False,56,13,1,1,1,0,4,-4,-4,8888,888,0,0,False,Unknown,True,False,False,True,True,True
NACC206917,13,8,-4,-4,-4,-4,-4,,-4,-4,-4,-4,-4,-4,-4,300,135,-4,-4,-4,-4,-4,0,0,1,1,1,0,False,True,False,True,0,7,0,0,False,80,18,1,1,1,0,4,-4,-4,8888,-4,-4,-4,False,Unknown,False,False,False,True,True,True
NACC207966,20,10,14,16,29,8,8,,-4,-4,8,21,14,13,11,127,74,14,5,1,23,23,0,0,1,1,2,0,True,False,True,True,1,1,-4,-4,False,76,19,1,1,1,0,4,-4,-4,8888,888,0,1,False,Unknown,True,False,False,True,True,True
NACC208026,17,6,11,12,29,1,8,,-4,-4,8,21,18,14,16,169,56,12,10,1,24,24,1,0,8,1,1,1,True,True,True,True,1,2,-4,-4,True,70,16,1,1,1,0,3,-4,-4,2019,68,1,1,False,A+,True,True,False,False,True,True
NACC208061,13,8,9,7,32,-4,-4,,-4,-4,-4,26,18,21,19,300,103,15,6,0,22,22,0,-4,0,1,1,0,True,False,True,True,0,8,-4,-4,False,71,19,1,1,-4,0,4,15,888,-4,-4,-4,1,False,Unknown,True,False,False,False,False,False
NACC208518,11,7,-4,-4,-4,-4,-4,,-4,-4,-4,-4,-4,-4,-4,131,31,-4,-4,-4,-4,-4,0,0,8,1,1,0,True,True,True,True,0,7,0,0,False,71,16,1,1,1,0,3,-4,-4,8888,-4,-4,-4,False,Unknown,False,False,False,False,False,False
NACC208765,16,9,16,17,-4,8,8,,-4,-4,8,13,11,12,9,-4,-4,-4,-4,-4,-4,-4,-4,0,8,1,2,0,True,False,True,True,1,1,-4,-4,False,74,18,1,1,1,0,3,-4,-4,-4,72,-4,-4,True,Unknown,False,False,False,False,False,False
NACC209009,7,10,17,17,31,1,8,elevated,-4,-4,8,16,14,12,12,300,115,12,8,1,25,25,0,0,1,1,1,1,True,True,True,True,0,7,-4,-4,False,80,18,2,1,1,0,4,-4,-4,8888,72,1,1,False,A+,True,False,False,True,True,True
NACC209044,8,3,-4,-4,-4,-4,-4,,-4,-4,-4,-4,-4,-4,-4,253,89,-4,-4,-4,-4,-4,1,1,0,1,1,0,True,True,True,True,1,2,0,1,False,82,19,1,1,1,0,4,-4,-4,1998,-4,-4,-4,True,Unknown,False,True,True,False,True,True
NACC209259,96,96,-4,-4,-4,-4,-4,,-4,-4,-4,-4,-4,-4,-4,996,996,-4,-4,-4,-4,-4,0,0,1,1,2,0,True,False,True,True,1,1,1,0,False,78,20,1,1,1,0,4,-4,-4,8888,-4,-4,-4,True,Unknown,False,False,False,True,True,True
NACC209479,27,12,12,11,25,8,8,,-4,-4,8,97,97,97,97,119,27,14,11,1,21,22,0,0,8,0,7,0,True,True,False,True,0,7,-4,-4,False,77,12,1,1,1,0,3,-4,-4,8888,72,0,1,False,Unknown,True,False,False,False,False,False
NACC209668,16,3,17,15,30,8,8,,-4,-4,8,1,3,0,0,132,78,16,10,1,88,88,0,0,8,1,2,0,True,True,True,True,1,1,-4,-4,False,74,18,1,1,1,0,3,-4,-4,8888,67,0,1,False,Unknown,True,False,False,False,False,False
NACC210601,18,8,-4,-4,-4,-4,-4,,-4,-4,-4,-4,-4,-4,-4,44,24,-4,-4,-4,-4,-4,0,0,8,1,1,1,True,True,True,True,0,7,0,0,False,56,12,1,1,1,0,2,-4,-4,8888,-4,-4,-4,False,Unknown,False,False,False,False,False,False
NACC211081,13,10,14,8,25,8,8,,-4,-4,8,20,15,19,12,996,45,11,6,1,21,22,-4,0,1,1,1,0,False,False,False,False,0,7,-4,-4,False,75,12,2,1,2,0,4,-4,-4,-4,888,0,0,False,Unknown,True,False,False,True,True,True
NACC211095,12,6,-4,-4,-4,-4,-4,,-4,-4,-4,-4,-4,-4,-4,96,48,-4,-4,-4,-4,-4,0,1,1,1,1,0,False,False,False,True,1,2,1,0,False,80,18,1,1,1,1,4,-4,-4,8888,-4,-4,-4,False,Unknown,False,False,True,True,True,True
NACC211151,0,0,-4,-4,-4,-4,-4,,-4,-4,-4,-4,-4,-4,-4,996,996,-4,-4,-4,-4,-4,0,0,1,1,2,0,True,True,True,True,1,1,1,0,False,67,99,1,1,1,0,4,-4,-4,8888,-4,-4,-4,False,Unknown,False,False,False,True,True,True
NACC211155,8,2,11,8,10,8,8,,-4,-4,8,5,6,2,2,300,47,15,6,0,13,13,-4,0,0,1,1,1,True,False,True,True,0,7,-4,-4,False,64,16,1,1,1,0,4,-4,-4,-4,57,0,1,False,Unknown,True,False,False,False,False,False
NACC211256,5,4,6,3,30,8,1,,-4,-4,8,9,7,4,5,996,150,13,0,1,8,8,0,0,0,1,1,0,True,False,True,True,1,2,-4,-4,True,79,15,1,1,1,0,4,-4,-4,8888,78,1,1,False,A+,True,False,False,False,False,False
NACC211338,96,96,-4,-4,-4,-4,-4,,-4,-4,-4,-4,-4,-4,-4,996,996,-4,-4,-4,-4,-4,0,0,1,1,2,0,False,False,False,False,1,1,0,1,False,67,13,1,1,1,0,4,-4,-4,8888,-4,-4,-4,False,Unknown,False,False,False,True,True,True
NACC211380,96,96,96,96,-4,-4,-4,,-4,-4,-4,96,96,96,96,-4,-4,-4,-4,-4,-4,-4,0,-4,0,1,2,0,True,False,True,True,1,1,-4,-4,False,83,18,1,1,-4,0,4,-4,888,-4,-4,-4,-4,False,Unknown,False,False,False,False,False,False
NACC211935,20,6,-4,-4,-4,-4,-4,,-4,-4,-4,-4,-4,-4,-4,300,37,-4,-4,-4,-4,-4,0,1,8,1,1,0,True,True,True,True,0,7,0,0,False,81,20,1,1,1,0,3,-4,-4,8888,-4,-4,-4,False,Unknown,False,False,True,False,False,True
NACC211993,13,0,-4,-4,-4,-4,-4,,-4,-4,-4,-4,-4,-4,-4,997,997,-4,-4,-4,-4,-4,0,0,1,1,2,0,True,False,True,True,1,1,1,0,False,63,16,2,1,1,0,4,-4,-4,8888,-4,-4,-4,False,Unknown,False,False,False,True,True,True
NACC212495,5,6,4,7,26,0,8,,-4,-4,0,21,15,21,15,156,61,15,13,1,27,27,0,0,1,1,1,1,True,True,True,True,0,7,-4,-4,True,71,20,1,1,1,0,4,-4,-4,8888,70,0,1,False,A-,True,False,False,True,True,True
NACC212559,20,12,-4,-4,-4,-4,-4,,-4,-4,-4,-4,-4,-4,-4,73,36,-4,-4,-4,-4,-4,1,1,8,1,1,0,True,True,True,True,1,2,0,1,False,64,18,2,1,1,0,3,-4,-4,2013,-4,-4,-4,True,Unknown,False,True,True,False,True,True
NACC212850,-4,-4,-4,-4,-4,8,8,,-4,-4,8,-4,-4,-4,-4,-4,-4,-4,-4,-4,-4,-4,-4,0,0,1,2,0,True,False,True,True,1,1,-4,-4,False,78,14,2,1,1,0,4,-4,-4,-4,74,-4,-4,False,Unknown,False,False,False,False,False,False
NACC212915,0,0,-4,-4,-4,-4,-4,,-4,-4,-4,-4,-4,-4,-4,996,996,-4,-4,-4,-4,-4,0,0,1,1,2,0,True,True,True,True,1,1,0,1,False,82,6,2,1,1,0,4,-4,-4,8888,-4,-4,-4,False,Unknown,False,False,False,True,True,True
NACC213181,6,3,7,5,23,1,8,,-4,-4,8,9,8,10,7,300,150,11,0,1,7,7,0,0,1,1,1,1,True,False,True,True,1,2,-4,-4,False,79,19,1,1,1,0,4,-4,-4,8888,74,1,1,False,A+,True,False,False,True,True,True
NACC213239,29,22,24,24,31,8,8,,-4,-4,8,29,21,24,20,46,21,17,12,1,29,29,1,1,8,8,8,0,True,True,True,True,8,8,-4,-4,False,63,18,2,1,1,0,1,-4,-4,2010,57,1,1,True,Unknown,True,True,True,False,True,True
NACC213240,-4,-4,-4,-4,-4,-4,-4,,-4,-4,-4,-4,-4,-4,-4,-4,-4,-4,-4,-4,-4,-4,1,1,8,1,1,0,True,True,True,True,0,7,0,0,False,66,12,2,8,1,0,3,-4,-4,2008,-4,-4,-4,True,Unknown,False,True,True,False,True,True
NACC213308,12,8,-4,-4,-4,-4,-4,,-4,-4,-4,-4,-4,-4,-4,996,143,-4,-4,-4,-4,-4,1,1,0,1,1,0,True,True,True,True,0,7,0,0,False,69,12,1,1,1,0,4,-4,-4,2001,-4,-4,-4,True,Unknown,False,True,True,False,True,True
NACC213321,14,97,-4,-4,-4,-4,-4,,-4,-4,-4,-4,-4,-4,-4,997,997,-4,-4,-4,-4,-4,0,0,1,1,2,0,False,False,False,False,1,1,0,1,False,56,14,1,1,1,0,4,-4,-4,8888,-4,-4,-4,False,Unknown,False,False,False,True,True,True
NACC213579,-4,-4,-4,-4,-4,8,0,,-4,-4,8,-4,-4,-4,-4,-4,-4,-4,-4,-4,-4,-4,-4,1,8,8,8,0,True,False,True,True,8,8,-4,-4,False,82,20,1,1,1,0,1,-4,-4,-4,76,-4,-4,True,A-,False,False,True,False,False,True
NACC213913,10,4,-4,-4,-4,-4,-4,,-4,-4,-4,-4,-4,-4,-4,996,150,-4,-4,-4,-4,-4,0,0,1,1,1,0,False,False,False,False,0,7,0,0,False,91,19,1,1,1,0,4,-4,-4,8888,-4,-4,-4,False,Unknown,False,False,False,True,True,True
NACC213960,14,10,9,13,32,1,8,,-4,-4,0,8,7,12,10,207,38,12,8,1,22,22,-4,0,0,1,2,0,True,False,True,True,1,1,-4,-4,False,79,16,1,1,1,0,4,-4,-4,-4,888,1,1,False,A+,True,False,False,False,False,False
NACC214218,7,7,-4,-4,-4,-4,-4,,-4,-4,-4,-4,-4,-4,-4,300,67,-4,-4,-4,-4,-4,0,0,1,1,1,0,True,True,True,True,0,7,0,0,False,76,8,1,1,1,0,4,-4,-4,8888,-4,-4,-4,False,Unknown,False,False,False,True,True,True
NACC214284,14,8,13,12,30,8,1,,-4,-4,8,15,10,0,0,260,53,11,0,0,17,17,-4,0,1,1,1,0,True,False,True,True,0,7,-4,-4,False,88,19,1,1,1,0,4,-4,-4,-4,82,1,1,True,A+,True,False,False,True,True,True
NACC215530,10,1,-4,-4,-4,-4,-4,,-4,-4,-4,-4,-4,-4,-4,996,101,-4,-4,-4,-4,-4,0,0,1,1,1,0,False,False,False,True,0,7,0,0,False,78,18,1,1,1,0,4,-4,-4,8888,-4,-4,-4,False,Unknown,False,False,False,True,True,True
NACC215759,17,8,15,16,-4,8,8,,-4,-4,8,-4,-4,-4,-4,97,46,17,8,0,-4,-4,-4,1,8,8,8,0,True,False,True,True,8,8,-4,-4,False,71,14,2,1,1,0,1,-4,-4,-4,70,1,1,False,Unknown,False,False,True,False,False,True
NACC215831,-4,-4,-4,-4,-4,-4,-4,,-4,-4,-4,-4,-4,-4,-4,-4,-4,-4,-4,-4,-4,-4,1,1,8,1,1,0,True,True,True,True,0,7,0,0,False,78,16,1,1,1,0,3,-4,-4,2009,-4,-4,-4,False,Unknown,False,True,True,False,True,True
NACC215880,12,6,-4,-4,-4,-4,-4,,-4,-4,-4,-4,-4,-4,-4,283,47,-4,-4,-4,-4,-4,0,0,1,1,1,0,False,True,False,True,0,7,0,0,False,78,12,1,1,1,0,4,-4,-4,8888,-4,-4,-4,False,Unknown,False,False,False,True,True,True
NACC216121,28,18,23,17,32,8,8,,-4,-4,8,27,17,22,16,66,22,17,13,1,28,28,1,1,8,8,8,1,True,True,True,True,8,8,-4,-4,False,66,18,2,1,1,0,1,-4,-4,2017,62,1,1,False,Unknown,True,True,True,False,True,True
NACC217454,7,4,-4,-4,-4,-4,-4,,-4,-4,-4,-4,-4,-4,-4,300,105,-4,-4,-4,-4,-4,1,0,1,1,1,0,False,True,False,False,0,7,0,0,False,81,24,1,1,1,0,4,-4,-4,2005,-4,-4,-4,False,Unknown,False,True,False,True,True,True
NACC217510,25,6,19,16,27,8,8,,-4,-4,8,14,12,8,7,131,41,17,1,1,21,21,1,0,8,1,1,0,True,True,True,True,0,7,-4,-4,False,80,18,2,1,1,0,3,-4,-4,2014,75,1,1,False,Unknown,True,True,False,False,True,True
NACC217652,14,8,8,8,30,8,8,,-4,-4,8,14,12,16,15,149,44,15,0,0,22,22,0,0,8,1,1,0,True,False,True,True,0,7,-4,-4,False,76,16,1,1,1,0,3,-4,-4,8888,76,1,1,False,Unknown,True,False,False,False,False,False
NACC217948,-4,-4,-4,-4,-4,-4,-4,,-4,-4,-4,-4,-4,-4,-4,-4,-4,-4,-4,-4,-4,-4,0,0,1,1,2,0,False,False,False,True,1,1,1,0,False,60,14,2,1,1,0,4,-4,-4,8888,-4,-4,-4,False,Unknown,False,False,False,True,True,True
NACC218120,5,6,3,3,29,8,8,,-4,-4,8,15,13,9,10,300,112,15,5,1,17,17,0,0,0,1,2,0,True,True,True,True,0,7,-4,-4,True,76,18,1,1,1,0,4,-4,-4,8888,75,1,1,False,Unknown,True,False,False,False,False,False
NACC218660,13,4,-4,-4,-4,-4,-4,,-4,-4,-4,-4,-4,-4,-4,122,80,-4,-4,-4,-4,-4,0,0,8,1,1,0,True,False,True,True,0,7,0,0,False,83,20,1,1,1,0,3,-4,-4,8888,-4,-4,-4,False,Unknown,False,False,False,False,False,False
NACC218831,9,6,-4,-4,-4,-4,-4,,-4,-4,-4,-4,-4,-4,-4,996,53,-4,-4,-4,-4,-4,0,0,1,1,2,0,True,False,True,True,1,1,1,0,False,87,14,2,1,1,0,4,-4,-4,8888,-4,-4,-4,False,Unknown,False,False,False,True,True,True
NACC218846,19,9,-4,-4,-4,-4,-4,,-4,-4,-4,-4,-4,-4,-4,183,58,-4,-4,-4,-4,-4,0,0,1,1,1,0,True,True,True,True,0,7,0,0,False,73,18,1,1,1,0,4,-4,-4,8888,-4,-4,-4,False,Unknown,False,False,False,True,True,True
NACC218963,14,11,12,13,31,8,8,,-4,-4,8,8,6,3,4,69,43,17,12,1,22,22,1,0,0,1,1,1,True,True,True,True,1,2,-4,-4,False,68,16,2,1,1,0,4,-4,-4,2020,64,0,1,True,Unknown,True,True,False,False,True,True
NACC219126,15,7,15,13,32,8,8,,-4,-4,8,2,3,3,2,300,63,14,7,1,21,21,0,0,8,1,1,1,True,False,True,True,0,7,-4,-4,False,87,16,1,1,1,0,3,-4,-4,8888,83,1,1,False,Unknown,True,False,False,False,False,False
NACC220238,96,96,-4,-4,-4,-4,-4,,-4,-4,-4,-4,-4,-4,-4,996,996,-4,-4,-4,-4,-4,0,0,1,1,1,0,False,False,False,False,1,2,0,1,False,83,18,2,1,1,0,4,-4,-4,8888,-4,-4,-4,False,Unknown,False,False,False,True,True,True
NACC221163,17,11,11,11,29,0,8,,-4,-4,8,9,9,13,12,106,36,12,8,1,23,23,1,1,8,1,1,1,True,True,True,True,0,7,-4,-4,True,64,16,1,1,1,0,3,-4,-4,9999,59,0,1,True,A-,True,True,True,False,True,True
NACC221561,6,1,-4,-4,-4,-4,-4,,-4,-4,-4,-4,-4,-4,-4,996,150,-4,-4,-4,-4,-4,0,0,1,1,2,0,False,False,False,False,1,1,1,0,False,85,8,1,1,3,0,4,-4,-4,8888,-4,-4,-4,False,Unknown,False,False,False,True,True,True
NACC221757,25,8,17,18,31,0,8,,-4,-4,8,14,12,14,12,86,18,16,12,1,24,24,-4,0,1,1,1,0,False,False,False,False,0,7,-4,-4,False,73,20,1,1,1,0,4,-4,-4,-4,888,0,0,False,A-,True,False,False,True,True,True
NACC222054,22,9,13,12,29,8,8,,-4,-4,8,15,11,8,7,102,49,10,7,1,24,24,0,0,1,1,1,0,False,False,False,False,0,7,-4,-4,False,78,16,1,1,1,0,4,-4,-4,8888,888,0,0,True,Unknown,True,False,False,True,True,True
NACC222819,16,12,9,10,25,8,8,,-4,-4,8,17,13,17,12,121,76,15,12,1,22,22,0,0,8,1,2,0,True,True,True,True,0,7,-4,-4,False,71,16,1,1,1,0,3,-4,-4,8888,67,1,1,True,Unknown,True,False,False,False,False,False
NACC222927,13,11,-4,-4,-4,-4,-4,,-4,-4,-4,-4,-4,-4,-4,300,39,-4,-4,-4,-4,-4,0,0,1,1,1,0,False,False,False,False,1,2,1,0,False,73,12,2,1,1,0,4,-4,-4,8888,-4,-4,-4,False,Unknown,False,False,False,True,True,True
NACC223264,10,8,-4,-4,-4,-4,-4,,-4,-4,-4,-4,-4,-4,-4,998,118,-4,-4,-4,-4,-4,0,0,1,1,2,0,False,False,False,True,1,1,1,0,False,80,12,1,1,2,0,4,-4,-4,8888,-4,-4,-4,False,Unknown,False,False,False,True,True,True
NACC223492,12,10,12,14,27,8,8,,-4,-4,8,27,19,21,16,184,43,15,6,1,25,25,-4,1,8,1,1,0,True,False,True,True,0,7,-4,-4,False,80,19,2,1,2,0,3,-4,-4,-4,77,1,1,True,Unknown,True,False,True,False,False,True
NACC223603,0,1,-4,-4,-4,-4,-4,,-4,-4,-4,-4,-4,-4,-4,996,996,-4,-4,-4,-4,-4,1,1,0,1,2,0,True,True,True,True,1,1,1,0,False,73,16,1,1,1,0,4,-4,-4,9999,-4,-4,-4,False,Unknown,False,True,True,False,True,True
NACC223693,13,9,12,7,31,8,8,,-4,-4,8,5,7,5,8,76,26,14,8,1,22,22,1,1,8,1,1,0,True,True,True,True,0,7,-4,-4,False,74,18,1,1,1,1,3,-4,-4,2019,71,0,1,True,Unknown,True,True,True,False,True,True
NACC223700,10,8,-4,-4,-4,-4,-4,,-4,-4,-4,-4,-4,-4,-4,996,150,-4,-4,-4,-4,-4,9,0,1,1,1,0,False,True,False,False,0,7,0,0,False,89,99,1,1,1,0,4,-4,-4,8888,-4,-4,-4,False,Unknown,False,False,False,True,True,True
NACC224250,10,3,-4,-4,-4,-4,-4,,-4,-4,-4,-4,-4,-4,-4,998,90,-4,-4,-4,-4,-4,0,0,1,1,2,0,False,False,False,False,1,1,0,1,False,78,18,1,1,1,0,4,-4,-4,8888,-4,-4,-4,False,Unknown,False,False,False,True,True,True
NACC224742,3,2,-4,-4,-4,-4,-4,,-4,-4,-4,-4,-4,-4,-4,996,996,-4,-4,-4,-4,-4,0,0,1,1,2,0,False,False,False,False,1,1,1,0,False,67,18,1,1,1,0,4,-4,-4,8888,-4,-4,-4,False,Unknown,False,False,False,True,True,True
NACC224794,5,0,-4,-4,-4,-4,-4,,-4,-4,-4,-4,-4,-4,-4,996,150,-4,-4,-4,-4,-4,0,0,1,1,2,0,True,False,True,True,1,1,1,0,False,77,20,2,1,1,0,4,-4,-4,8888,-4,-4,-4,False,Unknown,False,False,False,True,True,True
NACC224885,11,97,-4,-4,-4,-4,-4,,-4,-4,-4,-4,-4,-4,-4,996,150,-4,-4,-4,-4,-4,0,0,1,1,1,0,True,False,True,True,0,7,0,0,False,77,9,1,1,2,0,4,-4,-4,8888,-4,-4,-4,False,Unknown,False,False,False,True,True,True
NACC224889,17,15,10,9,-4,8,8,,-4,-4,8,15,15,11,9,-4,-4,-4,-4,-4,-4,-4,0,0,8,1,1,0,True,False,True,True,0,7,-4,-4,False,63,18,1,1,1,0,3,-4,-4,8888,62,0,1,False,Unknown,False,False,False,False,False,False
NACC225307,97,97,97,97,97,8,8,,-4,-4,8,97,97,97,97,997,997,97,97,97,88,88,1,1,8,1,1,0,True,True,True,True,0,7,-4,-4,False,81,18,1,1,1,0,3,-4,-4,2015,81,1,1,False,Unknown,False,True,True,False,True,True
NACC225702,96,96,2,96,96,8,8,,-4,-4,8,96,96,96,96,996,996,96,96,96,5,5,0,0,1,1,1,0,True,False,True,True,1,2,-4,-4,False,68,16,2,1,1,1,4,-4,-4,8888,68,1,1,False,Unknown,False,False,False,True,True,True
NACC225703,19,10,-4,-4,-4,-4,-4,,-4,-4,-4,-4,-4,-4,-4,275,64,-4,-4,-4,-4,-4,0,0,1,1,1,0,False,False,False,True,0,7,0,0,False,82,18,1,8,5,0,4,-4,-4,8888,-4,-4,-4,True,Unknown,False,False,False,True,True,True
NACC225841,9,8,14,15,25,8,8,,-4,-4,8,17,14,20,15,240,112,14,3,1,20,20,-4,1,8,1,2,0,True,False,True,True,1,1,-4,-4,False,89,18,2,1,1,0,3,-4,-4,-4,82,1,1,False,Unknown,True,False,True,False,False,True
NACC226435,10,11,9,10,25,8,8,,-4,-4,8,14,6,13,6,300,149,7,10,1,15,15,0,0,1,1,1,0,False,False,False,True,0,7,-4,-4,False,84,18,2,1,1,0,4,-4,-4,8888,888,0,0,False,Unknown,True,False,False,True,True,True
NACC226577,16,10,-4,-4,-4,-4,-4,,-4,-4,-4,-4,-4,-4,-4,93,28,-4,-4,-4,-4,-4,0,0,1,1,2,0,False,False,False,True,1,1,1,0,False,79,20,1,1,1,0,4,-4,-4,8888,-4,-4,-4,False,Unknown,False,False,False,True,True,True
NACC226690,13,97,97,97,97,1,8,,-4,-4,8,97,97,97,97,997,997,16,2,0,88,88,0,1,1,1,2,0,True,False,True,True,1,1,-4,-4,False,79,16,1,1,1,1,4,-4,-4,8888,75,1,1,False,A+,False,False,True,True,True,True
NACC226758,11,7,-4,-4,-4,-4,-4,,-4,-4,-4,-4,-4,-4,-4,235,65,-4,-4,-4,-4,-4,1,1,0,1,2,0,True,True,True,True,1,1,1,0,False,92,20,1,1,1,0,4,-4,-4,2009,-4,-4,-4,False,Unknown,False,True,True,False,True,True
NACC226843,0,0,-4,-4,-4,-4,-4,,-4,-4,-4,-4,-4,-4,-4,996,996,-4,-4,-4,-4,-4,1,1,0,1,2,0,True,True,True,True,1,1,0,1,False,78,16,2,2,50,0,4,-4,-4,9999,-4,-4,-4,False,Unknown,False,True,True,False,True,True
NACC226881,97,97,-4,-4,-4,-4,-4,,-4,-4,-4,-4,-4,-4,-4,997,997,-4,-4,-4,-4,-4,0,0,1,1,1,0,True,True,True,True,1,2,0,1,False,78,13,2,1,1,0,4,-4,-4,8888,-4,-4,-4,False,Unknown,False,False,False,True,True,True
NACC226897,6,2,-4,-4,-4,-4,-4,,-4,-4,-4,-4,-4,-4,-4,300,118,-4,-4,-4,-4,-4,0,0,1,1,2,0,True,False,True,True,1,1,1,0,False,82,13,2,1,1,0,4,-4,-4,8888,-4,-4,-4,False,Unknown,False,False,False,True,True,True
NACC227248,15,8,13,17,27,8,8,,-4,-4,8,13,11,17,12,121,55,14,5,1,24,24,0,0,8,1,1,0,True,True,True,True,0,7,-4,-4,False,72,16,1,1,1,0,3,-4,-4,8888,68,0,1,False,Unknown,True,False,False,False,False,False
NACC228336,15,9,-4,-4,-4,-4,-4,,-4,-4,-4,-4,-4,-4,-4,117,31,-4,-4,-4,-4,-4,0,1,0,1,2,0,True,True,True,True,1,1,0,1,False,85,16,1,2,1,1,4,-4,-4,8888,-4,-4,-4,False,Unknown,False,False,True,False,False,True
NACC228561,96,96,96,96,96,8,8,,-4,-4,8,96,96,96,96,996,996,96,96,96,88,88,-4,1,0,1,3,0,True,False,True,True,1,3,-4,-4,False,76,20,1,1,1,0,4,-4,-4,-4,74,1,1,False,Unknown,False,False,True,False,False,True
NACC230815,14,10,13,12,32,8,8,,-4,-4,8,25,18,25,18,175,60,15,7,1,28,28,0,0,1,1,1,0,False,True,False,True,0,7,-4,-4,True,64,16,1,1,1,0,4,-4,-4,8888,888,0,0,False,Unknown,True,False,False,True,True,True
NACC231864,96,96,-4,-4,-4,-4,-4,,-4,-4,-4,-4,-4,-4,-4,996,996,-4,-4,-4,-4,-4,0,1,0,1,2,0,True,True,True,True,0,7,0,0,False,73,16,1,1,1,0,4,-4,-4,8888,-4,-4,-4,False,Unknown,False,False,True,False,False,True
NACC231907,-4,-4,-4,-4,-4,-4,-4,,-4,-4,-4,-4,-4,-4,-4,-4,-4,-4,-4,-4,-4,-4,0,0,8,1,1,0,True,False,True,True,0,7,0,0,False,82,12,2,1,1,0,2,-4,-4,8888,-4,-4,-4,False,Unknown,False,False,False,False,False,False
NACC232870,9,2,-4,-4,-4,-4,-4,,-4,-4,-4,-4,-4,-4,-4,300,80,-4,-4,-4,-4,-4,0,0,1,1,1,0,False,True,False,False,1,2,1,0,False,62,18,1,1,1,0,4,-4,-4,8888,-4,-4,-4,False,Unknown,False,False,False,True,True,True
NACC232915,17,14,-4,-4,-4,-4,-4,,-4,-4,-4,-4,-4,-4,-4,179,37,-4,-4,-4,-4,-4,1,1,8,1,1,0,True,True,True,True,0,7,0,0,False,61,14,1,1,1,0,3,-4,-4,1996,-4,-4,-4,True,Unknown,False,True,True,False,True,True
NACC233166,11,7,-4,-4,-4,-4,-4,,-4,-4,-4,-4,-4,-4,-4,300,105,-4,-4,-4,-4,-4,0,0,1,1,2,0,False,False,False,True,1,1,1,0,False,78,14,1,1,1,0,4,-4,-4,8888,-4,-4,-4,False,Unknown,False,False,False,True,True,True
NACC233585,11,6,-4,-4,-4,-4,-4,,-4,-4,-4,-4,-4,-4,-4,260,75,-4,-4,-4,-4,-4,0,0,1,1,1,0,False,True,False,True,0,7,0,0,False,74,18,1,1,99,0,4,-4,-4,8888,-4,-4,-4,False,Unknown,False,False,False,True,True,True
NACC233683,19,14,9,6,30,8,8,,-4,-4,8,20,13,13,8,137,33,14,12,1,21,21,1,1,8,8,8,1,True,True,True,True,8,8,-4,-4,False,69,14,1,1,1,0,1,-4,-4,2017,68,1,1,True,Unknown,True,True,True,False,True,True
NACC234043,13,4,-4,-4,-4,-4,-4,,-4,-4,-4,-4,-4,-4,-4,144,34,-4,-4,-4,-4,-4,0,0,1,1,2,0,False,False,False,False,1,1,1,0,False,82,19,1,1,1,0,4,-4,-4,8888,-4,-4,-4,True,Unknown,False,False,False,True,True,True
NACC234281,10,7,-4,-4,-4,-4,-4,,-4,-4,-4,-4,-4,-4,-4,300,110,-4,-4,-4,-4,-4,0,0,1,1,2,0,True,False,True,True,1,1,1,0,False,66,10,1,1,1,0,4,-4,-4,8888,-4,-4,-4,False,Unknown,False,False,False,True,True,True
NACC234810,15,9,-4,-4,-4,-4,-4,,-4,-4,-4,-4,-4,-4,-4,996,82,-4,-4,-4,-4,-4,9,1,8,1,1,0,True,False,True,True,1,2,0,1,False,86,16,1,1,1,0,3,-4,-4,8888,-4,-4,-4,False,Unknown,False,False,True,False,False,True
NACC235583,8,2,-4,-4,-4,-4,-4,,-4,-4,-4,-4,-4,-4,-4,996,996,-4,-4,-4,-4,-4,0,0,1,1,1,0,False,True,False,False,0,7,0,0,False,71,18,1,1,1,0,4,-4,-4,8888,-4,-4,-4,True,Unknown,False,False,False,True,True,True
NACC235878,10,1,7,6,28,8,8,,-4,-4,8,6,5,0,0,995,995,0,0,0,8,8,0,0,1,1,1,1,True,True,True,True,0,7,-4,-4,False,76,20,1,1,2,0,4,-4,-4,8888,75,1,1,True,Unknown,True,False,False,True,True,True
NACC235935,10,7,-4,-4,-4,-4,-4,,-4,-4,-4,-4,-4,-4,-4,115,39,-4,-4,-4,-4,-4,1,1,0,1,2,0,True,True,True,True,1,1,1,0,False,85,16,1,1,1,0,4,-4,-4,2006,-4,-4,-4,True,Unknown,False,True,True,False,True,True
NACC236454,14,9,2,4,28,8,8,,-4,-4,8,14,10,0,0,995,995,0,0,1,20,21,-4,0,0,0,7,0,True,False,False,True,0,7,-4,-4,False,52,12,1,1,1,0,4,-4,-4,-4,47,1,1,True,Unknown,True,False,False,False,False,False
NACC236755,6,3,-4,-4,-4,-4,-4,,-4,-4,-4,-4,-4,-4,-4,300,67,-4,-4,-4,-4,-4,0,0,1,1,1,0,False,False,False,False,0,7,0,0,False,91,20,1,1,1,0,4,-4,-4,8888,-4,-4,-4,False,Unknown,False,False,False,True,True,True
NACC237012,96,96,96,96,96,1,8,,-4,-4,8,96,96,96,96,996,996,96,96,96,3,4,0,0,1,1,1,0,True,False,True,True,1,2,-4,-4,False,57,12,1,1,1,0,4,-4,-4,8888,55,1,1,False,A+,False,False,False,True,True,True
NACC237082,14,9,15,13,31,8,8,,-4,-4,8,22,13,10,8,132,49,14,2,1,21,21,0,0,0,1,2,0,True,False,True,True,0,7,-4,-4,False,68,18,1,1,1,0,4,-4,-4,8888,60,1,1,False,Unknown,True,False,False,False,False,False
NACC237267,14,6,-4,-4,-4,-4,-4,,-4,-4,-4,-4,-4,-4,-4,300,40,-4,-4,-4,-4,-4,0,0,1,1,1,0,False,False,False,False,0,7,0,0,False,58,14,1,1,1,0,4,-4,-4,8888,-4,-4,-4,False,Unknown,False,False,False,True,True,True
NACC237560,12,4,-4,-4,-4,-4,-4,,-4,-4,-4,-4,-4,-4,-4,996,150,-4,-4,-4,-4,-4,0,0,1,1,2,0,False,True,False,False,1,1,1,0,False,64,99,1,1,1,0,4,-4,-4,8888,-4,-4,-4,False,Unknown,False,False,False,True,True,True
NACC237989,97,97,97,97,97,0,0,,-4,-4,0,97,97,97,97,997,997,97,97,97,88,88,0,0,1,1,1,0,True,True,True,True,0,7,-4,-4,False,86,12,2,1,1,0,4,-4,-4,8888,80,1,1,True,A-,False,False,False,True,True,True
NACC239024,9,6,-4,-4,-4,-4,-4,,-4,-4,-4,-4,-4,-4,-4,300,120,-4,-4,-4,-4,-4,0,0,1,1,1,0,False,True,False,True,0,7,0,0,False,82,18,2,1,1,0,4,-4,-4,8888,-4,-4,-4,True,Unknown,False,False,False,True,True,True
NACC240103,-4,-4,-4,-4,-4,-4,-4,,-4,-4,-4,-4,-4,-4,-4,-4,-4,-4,-4,-4,-4,-4,1,1,8,1,1,0,True,True,True,True,0,7,0,0,False,74,18,1,1,1,0,3,-4,-4,9999,-4,-4,-4,True,Unknown,False,True,True,False,True,True
NACC240145,15,10,-4,-4,-4,-4,-4,,-4,-4,-4,-4,-4,-4,-4,157,75,-4,-4,-4,-4,-4,1,1,8,1,1,0,True,True,True,True,0,7,0,0,False,68,16,1,1,1,0,3,-4,-4,2007,-4,-4,-4,True,Unknown,False,True,True,False,True,True
NACC240266,8,7,-4,-4,-4,-4,-4,,-4,-4,-4,-4,-4,-4,-4,996,150,-4,-4,-4,-4,-4,1,1,1,1,1,0,False,True,False,False,0,7,0,0,False,74,18,1,1,1,0,4,-4,-4,2001,-4,-4,-4,False,Unknown,False,True,True,True,True,True
NACC240662,19,18,15,15,23,8,8,,-4,-4,8,12,12,9,12,280,43,16,10,1,20,21,-4,1,8,1,1,0,True,False,True,True,0,7,-4,-4,False,74,10,2,2,1,1,3,-4,-4,-4,71,0,1,False,Unknown,True,False,True,False,False,True
NACC240902,5,9,-4,-4,-4,-4,-4,,-4,-4,-4,-4,-4,-4,-4,996,135,-4,-4,-4,-4,-4,1,0,1,1,1,0,True,True,True,True,0,7,0,0,False,68,18,2,1,1,0,4,-4,-4,2008,-4,-4,-4,True,Unknown,False,True,False,True,True,True
NACC240928,16,17,-4,-4,-4,-4,-4,,-4,-4,-4,-4,-4,-4,-4,92,38,-4,-4,-4,-4,-4,0,0,1,1,2,0,False,False,False,True,1,1,1,0,False,85,13,2,1,1,0,4,-4,-4,8888,-4,-4,-4,False,Unknown,False,False,False,True,True,True
NACC241376,96,96,96,96,96,8,8,,-4,-4,8,96,96,96,96,996,996,96,96,96,88,88,0,0,1,1,2,0,True,False,True,True,1,1,-4,-4,False,74,18,2,1,2,0,4,-4,-4,8888,888,1,1,False,Unknown,False,False,False,True,True,True
NACC241516,-4,-4,-4,-4,-4,-4,-4,,-4,-4,-4,-4,-4,-4,-4,-4,-4,-4,-4,-4,-4,-4,0,0,1,1,2,0,True,False,True,True,0,7,0,0,False,67,20,1,1,1,1,4,-4,-4,8888,-4,-4,-4,False,Unknown,False,False,False,True,True,True
NACC241553,2,0,-4,-4,-4,-4,-4,,-4,-4,-4,-4,-4,-4,-4,996,996,-4,-4,-4,-4,-4,0,0,1,1,2,0,True,False,True,True,1,1,0,1,False,83,22,1,1,1,0,4,-4,-4,8888,-4,-4,-4,False,Unknown,False,False,False,True,True,True
NACC241586,13,12,-4,-4,-4,-4,-4,,-4,-4,-4,-4,-4,-4,-4,179,51,-4,-4,-4,-4,-4,0,0,8,1,1,0,True,True,True,True,0,7,0,0,False,76,18,1,1,1,0,3,-4,-4,8888,-4,-4,-4,False,Unknown,False,False,False,False,False,False
NACC241663,97,97,-4,-4,-4,-4,-4,,-4,-4,-4,-4,-4,-4,-4,997,997,-4,-4,-4,-4,-4,0,0,1,1,1,0,False,False,False,False,1,2,0,1,False,79,12,2,1,1,0,4,-4,-4,8888,-4,-4,-4,False,Unknown,False,False,False,True,True,True
NACC241912,7,6,-4,-4,-4,-4,-4,,-4,-4,-4,-4,-4,-4,-4,996,69,-4,-4,-4,-4,-4,0,0,1,1,2,0,False,False,False,False,1,1,1,0,False,82,16,1,1,1,0,4,-4,-4,8888,-4,-4,-4,False,Unknown,False,False,False,True,True,True
NACC242235,0,2,-4,-4,-4,-4,-4,,-4,-4,-4,-4,-4,-4,-4,996,150,-4,-4,-4,-4,-4,0,0,1,1,2,0,False,False,False,False,1,1,1,0,False,77,20,2,1,1,0,4,-4,-4,8888,-4,-4,-4,False,Unknown,False,False,False,True,True,True
NACC242371,97,97,-4,-4,-4,-4,-4,,-4,-4,-4,-4,-4,-4,-4,997,997,-4,-4,-4,-4,-4,0,0,1,1,1,0,True,True,True,True,1,2,0,1,False,73,9,2,1,2,0,4,-4,-4,8888,-4,-4,-4,False,Unknown,False,False,False,True,True,True
NACC242848,14,18,15,13,30,8,8,,-4,-4,8,7,7,6,6,110,36,15,10,1,26,26,-4,0,8,1,1,1,True,False,True,True,0,7,-4,-4,False,79,18,1,1,1,0,3,-4,-4,-4,74,0,0,True,Unknown,True,False,False,False,False,False
NACC243092,4,0,-4,-4,-4,-4,-4,,-4,-4,-4,-4,-4,-4,-4,300,150,-4,-4,-4,-4,-4,0,0,1,1,1,0,True,False,True,True,0,7,0,0,False,67,20,1,1,1,0,4,-4,-4,8888,-4,-4,-4,False,Unknown,False,False,False,True,True,True
NACC243720,13,5,15,10,24,8,8,,-4,-4,8,17,12,16,12,996,150,9,10,0,18,18,0,0,1,1,1,0,False,False,False,True,1,2,-4,-4,False,68,19,1,1,1,0,4,-4,-4,8888,888,0,0,False,Unknown,True,False,False,True,True,True
NACC244136,10,4,-4,-4,-4,-4,-4,,-4,-4,-4,-4,-4,-4,-4,300,70,-4,-4,-4,-4,-4,0,0,1,1,1,0,True,False,True,True,0,7,0,0,False,74,16,1,1,1,0,4,-4,-4,8888,-4,-4,-4,False,Unknown,False,False,False,True,True,True
NACC244172,2,1,0,0,11,1,8,,-4,-4,1,0,1,1,3,996,996,0,0,1,0,0,-4,0,1,1,2,0,True,False,True,True,1,1,-4,-4,False,62,16,1,1,1,0,4,-4,-4,-4,58,1,1,False,A+,True,False,False,True,True,True
NACC244198,9,2,8,9,16,1,8,,-4,-4,8,8,7,1,2,996,90,10,2,0,9,9,0,0,1,1,2,0,True,False,True,True,1,1,-4,-4,False,66,18,2,1,1,0,4,-4,-4,8888,65,0,1,False,A+,True,False,False,True,True,True
NACC244308,13,8,-4,-4,-4,-4,-4,,-4,-4,-4,-4,-4,-4,-4,121,59,-4,-4,-4,-4,-4,0,0,8,1,1,1,True,False,True,True,0,7,0,0,False,55,20,2,1,1,0,3,-4,-4,8888,-4,-4,-4,False,Unknown,False,False,False,False,False,False
NACC244487,6,10,6,8,22,8,8,,-4,-4,8,1,1,1,1,996,64,12,0,1,10,11,0,0,1,1,2,0,True,False,True,True,1,1,-4,-4,False,72,12,2,1,1,0,4,-4,-4,8888,888,0,1,False,Unknown,True,False,False,True,True,True
NACC245013,23,15,10,14,32,8,8,,-4,-4,8,18,15,18,13,60,22,17,12,1,28,28,0,0,8,1,1,0,True,False,True,True,0,7,-4,-4,False,71,15,1,1,1,0,2,-4,-4,8888,69,0,1,False,Unknown,True,False,False,False,False,False
NACC245048,13,17,-4,-4,-4,-4,-4,,-4,-4,-4,-4,-4,-4,-4,77,27,-4,-4,-4,-4,-4,1,1,8,1,3,0,True,True,True,True,0,7,0,0,False,74,12,2,1,1,0,3,-4,-4,2012,-4,-4,-4,True,Unknown,False,True,True,False,True,True
NACC245819,14,7,-4,-4,-4,-4,-4,,-4,-4,-4,-4,-4,-4,-4,996,50,-4,-4,-4,-4,-4,0,0,1,1,2,0,False,False,False,False,1,1,1,0,False,74,16,1,1,1,0,4,-4,-4,8888,-4,-4,-4,True,Unknown,False,False,False,True,True,True
NACC245844,-4,-4,-4,-4,-4,-4,-4,,-4,-4,-4,-4,-4,-4,-4,-4,-4,-4,-4,-4,-4,-4,0,0,1,1,2,0,True,False,True,True,1,1,1,0,False,71,14,2,1,1,0,4,-4,-4,8888,-4,-4,-4,False,Unknown,False,False,False,True,True,True
NACC246878,96,96,-4,-4,-4,-4,-4,,-4,-4,-4,-4,-4,-4,-4,996,996,-4,-4,-4,-4,-4,0,0,1,1,1,0,False,False,False,False,0,7,0,0,False,77,12,2,1,1,0,4,-4,-4,8888,-4,-4,-4,True,Unknown,False,False,False,True,True,True
NACC246992,14,6,21,13,31,1,8,,-4,-4,8,17,12,12,12,113,31,15,10,1,23,23,1,1,8,1,2,1,True,True,True,True,1,1,-4,-4,False,76,16,1,1,1,1,3,-4,-4,2021,76,1,1,True,A+,True,True,True,False,True,True
NACC247096,4,5,4,6,27,8,8,,-4,-4,8,4,4,4,4,996,150,4,5,0,14,15,1,0,1,1,1,0,True,True,True,True,0,7,-4,-4,False,76,12,1,1,1,0,4,-4,-4,2018,74,1,1,False,Unknown,True,True,False,True,True,True
NACC247496,15,19,-4,-4,-4,-4,-4,,-4,-4,-4,-4,-4,-4,-4,122,53,-4,-4,-4,-4,-4,0,0,1,1,2,0,False,False,False,False,1,1,0,1,False,59,17,2,1,1,0,4,-4,-4,8888,-4,-4,-4,False,Unknown,False,False,False,True,True,True
NACC248105,13,10,12,9,31,8,0,,-4,-4,8,32,22,30,21,143,37,17,13,1,25,25,0,0,8,1,1,0,True,False,True,True,0,7,-4,-4,False,76,19,1,1,1,0,3,-4,-4,8888,888,1,1,False,A-,True,False,False,False,False,False
NACC248338,2,2,-4,-4,-4,-4,-4,,-4,-4,-4,-4,-4,-4,-4,996,150,-4,-4,-4,-4,-4,0,0,1,1,1,0,False,True,False,True,0,7,0,0,False,60,20,1,1,1,0,4,-4,-4,8888,-4,-4,-4,False,Unknown,False,False,False,True,True,True
NACC248443,16,9,-4,-4,-4,-4,-4,,-4,-4,-4,-4,-4,-4,-4,203,33,-4,-4,-4,-4,-4,0,0,1,1,1,0,False,True,False,False,1,2,0,1,False,79,20,1,1,1,0,4,-4,-4,8888,-4,-4,-4,True,Unknown,False,False,False,True,True,True
NACC248883,10,13,-4,-4,-4,-4,-4,,-4,-4,-4,-4,-4,-4,-4,82,28,-4,-4,-4,-4,-4,1,1,8,8,8,0,True,True,True,True,8,8,8,8,False,51,14,1,1,1,1,1,-4,-4,2006,-4,-4,-4,True,Unknown,False,True,True,False,True,True
NACC249069,15,10,-4,-4,-4,8,8,,-4,-4,8,-4,-4,-4,-4,996,26,-4,-4,-4,-4,-4,0,1,0,1,2,0,True,False,True,True,1,1,-4,-4,False,58,12,2,2,1,1,4,-4,-4,8888,51,1,1,False,Unknown,False,False,True,False,False,True
NACC249525,13,2,12,12,22,8,8,,-4,-4,8,2,2,0,0,254,34,16,0,1,12,12,-4,0,1,1,2,0,False,False,False,False,1,1,-4,-4,False,72,15,1,1,1,0,4,-4,-4,-4,888,0,0,True,Unknown,True,False,False,True,True,True
NACC249662,15,10,18,13,31,8,8,,-4,-4,0,23,19,14,16,73,34,15,13,1,26,26,-4,0,8,1,1,0,True,False,True,True,0,7,-4,-4,False,77,16,1,1,1,0,3,-4,-4,-4,76,1,1,False,Unknown,True,False,False,False,False,False
NACC250805,-4,-4,-4,-4,-4,-4,-4,,-4,-4,-4,-4,-4,-4,-4,-4,-4,-4,-4,-4,-4,-4,0,0,1,1,1,0,False,True,False,True,0,7,0,0,False,82,14,2,1,1,0,4,-4,-4,8888,-4,-4,-4,False,Unknown,False,False,False,True,True,True
NACC250829,13,9,8,12,32,8,8,,-4,-4,8,9,7,0,0,300,34,13,0,0,19,19,-4,0,0,1,2,0,True,False,True,True,1,1,-4,-4,False,90,18,1,1,1,0,4,-4,-4,-4,89,1,1,False,Unknown,True,False,False,False,False,False
NACC250927,97,97,-4,-4,-4,-4,-4,,-4,-4,-4,-4,-4,-4,-4,997,997,-4,-4,-4,-4,-4,0,0,1,1,1,0,False,True,False,False,0,7,0,0,False,73,20,2,1,1,0,4,-4,-4,8888,-4,-4,-4,False,Unknown,False,False,False,True,True,True
NACC250984,3,3,-4,-4,-4,-4,-4,,-4,-4,-4,-4,-4,-4,-4,998,998,-4,-4,-4,-4,-4,0,0,1,1,2,0,False,False,False,False,1,1,0,1,False,85,12,2,1,1,0,4,-4,-4,8888,-4,-4,-4,False,Unknown,False,False,False,True,True,True
NACC251279,96,96,96,96,96,8,8,,-4,-4,8,96,96,96,96,996,996,96,96,96,88,88,1,1,0,1,1,0,True,True,True,True,0,7,-4,-4,False,86,20,1,1,1,0,4,-4,-4,2014,83,1,1,False,Unknown,False,True,True,False,True,True
NACC251310,18,5,13,98,98,8,8,,-4,-4,8,12,9,98,98,171,83,16,98,98,23,23,0,1,8,1,1,1,True,False,True,True,0,7,-4,-4,False,72,18,1,1,1,0,3,-4,-4,8888,64,1,1,True,Unknown,False,False,True,False,False,True
NACC252209,97,97,97,97,-4,8,8,,-4,-4,8,97,97,97,97,-4,-4,-4,-4,-4,-4,-4,0,0,0,1,2,0,True,False,True,True,1,1,-4,-4,False,92,8,2,1,1,0,4,-4,-4,8888,91,0,1,False,Unknown,False,False,False,False,False,False
NACC252445,17,8,-4,-4,-4,-4,-4,,-4,-4,-4,-4,-4,-4,-4,996,27,-4,-4,-4,-4,-4,0,0,1,1,2,0,False,False,False,False,0,7,0,0,False,71,10,1,1,1,0,4,-4,-4,8888,-4,-4,-4,False,Unknown,False,False,False,True,True,True
NACC252658,96,96,96,96,-4,8,8,,-4,-4,8,96,96,96,96,-4,-4,-4,-4,-4,-4,-4,0,0,1,1,2,0,False,False,False,False,1,1,-4,-4,False,81,12,2,1,1,0,4,-4,-4,8888,888,0,0,False,Unknown,False,False,False,True,True,True
NACC252852,96,96,96,96,96,8,8,,-4,-4,8,96,96,96,96,996,996,96,96,96,88,88,-4,0,0,1,2,0,True,False,True,True,1,1,-4,-4,False,76,18,1,1,5,0,4,-4,-4,-4,888,0,1,False,Unknown,False,False,False,False,False,False
NACC253315,12,9,11,8,25,1,8,,-4,-4,8,8,4,6,5,996,996,12,5,0,10,10,1,0,1,1,1,1,True,True,True,True,0,7,-4,-4,True,59,16,1,1,1,0,4,-4,-4,2020,57,1,1,True,A+,True,True,False,True,True,True
NACC253389,12,13,12,13,29,8,8,,-4,-4,8,27,20,24,20,120,50,17,7,1,26,26,0,0,1,1,1,1,True,True,True,True,0,7,-4,-4,False,77,16,1,1,1,0,4,-4,-4,8888,76,1,1,True,Unknown,True,False,False,True,True,True
NACC253577,14,9,-4,-4,-4,-4,-4,,-4,-4,-4,-4,-4,-4,-4,300,90,-4,-4,-4,-4,-4,1,1,0,1,1,0,True,True,True,True,0,7,0,0,False,76,15,1,1,1,0,4,-4,-4,2008,-4,-4,-4,False,Unknown,False,True,True,False,True,True
NACC253627,11,8,-4,-4,-4,-4,-4,,-4,-4,-4,-4,-4,-4,-4,300,66,-4,-4,-4,-4,-4,1,0,1,1,1,0,True,True,True,True,0,7,0,0,False,59,18,2,1,1,1,4,-4,-4,2003,-4,-4,-4,True,Unknown,False,True,False,True,True,True
NACC253787,19,8,10,11,31,8,8,,-4,-4,8,24,17,27,18,73,43,16,15,0,27,27,0,0,8,1,1,1,True,False,True,True,0,7,-4,-4,False,65,14,1,1,1,0,3,-4,-4,8888,65,0,1,False,Unknown,True,False,False,False,False,False
NACC254276,14,11,17,14,28,8,8,,-4,-4,8,11,8,11,8,44,24,16,9,1,23,23,-4,0,1,1,1,0,False,False,False,False,0,7,-4,-4,False,72,18,1,1,1,0,4,-4,-4,-4,888,0,0,False,Unknown,True,False,False,True,True,True
NACC254770,6,3,2,5,10,8,8,,-4,-4,8,96,96,96,96,996,996,3,97,97,7,8,0,0,1,1,1,0,False,False,False,False,0,7,-4,-4,False,72,12,1,1,1,0,4,-4,-4,8888,888,0,0,False,Unknown,True,False,False,True,True,True
NACC254822,23,12,11,14,32,8,8,,-4,-4,8,15,13,12,10,46,19,17,6,0,26,26,1,1,8,0,7,1,True,True,True,True,1,1,-4,-4,False,73,18,1,1,1,0,3,-4,-4,2011,66,1,1,True,Unknown,True,True,True,False,True,True
NACC255047,16,12,3,2,27,0,-4,,-4,8,-4,11,10,10,9,168,40,16,12,1,20,20,0,-4,8,1,1,0,True,False,True,True,0,8,-4,-4,False,77,17,1,1,-4,0,3,10,888,-4,-4,-4,1,False,A-,True,False,False,False,False,False
NACC255168,9,12,-4,-4,-4,-4,-4,,-4,-4,-4,-4,-4,-4,-4,996,150,-4,-4,-4,-4,-4,0,0,1,1,2,0,True,False,True,True,1,1,1,0,False,81,8,2,2,50,1,4,-4,-4,8888,-4,-4,-4,False,Unknown,False,False,False,True,True,True
NACC255180,11,9,13,6,31,8,8,,-4,-4,8,13,10,9,7,996,106,10,8,0,18,18,0,0,1,1,1,1,True,False,True,True,0,7,-4,-4,True,72,20,1,1,1,0,4,-4,-4,8888,62,0,1,False,Unknown,True,False,False,True,True,True
NACC256279,31,12,-4,-4,-4,-4,-4,,-4,-4,-4,-4,-4,-4,-4,71,70,-4,-4,-4,-4,-4,1,1,8,1,1,0,True,True,True,True,0,7,0,0,False,65,16,1,1,1,0,3,-4,-4,2006,-4,-4,-4,True,Unknown,False,True,True,False,True,True
NACC256344,6,6,-4,-4,-4,-4,-4,,-4,-4,-4,-4,-4,-4,-4,996,150,-4,-4,-4,-4,-4,1,1,1,1,1,0,False,True,False,False,0,7,0,0,False,84,12,1,1,1,0,4,-4,-4,2006,-4,-4,-4,False,Unknown,False,True,True,True,True,True
NACC256432,96,96,-4,-4,-4,8,8,,-4,-4,8,-4,-4,-4,-4,996,996,-4,-4,-4,-4,-4,0,0,1,1,1,0,True,True,True,True,0,7,-4,-4,False,75,16,1,2,1,1,4,-4,-4,8888,73,1,1,False,Unknown,False,False,False,True,True,True
NACC256695,26,15,12,11,31,8,8,,-4,-4,8,15,13,11,11,996,35,13,13,1,25,25,0,1,8,8,8,0,True,False,True,True,8,8,-4,-4,False,72,18,2,1,1,0,1,-4,-4,8888,888,0,1,False,Unknown,True,False,True,False,False,True
NACC257086,96,96,-4,-4,-4,-4,-4,,-4,-4,-4,-4,-4,-4,-4,996,996,-4,-4,-4,-4,-4,0,0,1,1,1,0,False,False,False,True,0,7,0,0,False,96,16,2,1,1,0,4,-4,-4,8888,-4,-4,-4,False,Unknown,False,False,False,True,True,True
NACC258429,23,12,16,15,32,0,8,,-4,-4,8,25,18,30,19,120,58,17,13,1,29,29,0,0,8,1,1,0,True,True,True,True,0,7,-4,-4,False,60,16,1,1,1,0,3,-4,-4,8888,59,1,1,True,A-,True,False,False,False,False,False
NACC259019,8,5,8,9,28,8,8,,-4,-4,8,23,14,14,11,300,107,15,6,1,24,24,-4,0,0,1,1,0,True,False,True,True,1,2,-4,-4,False,77,18,2,1,1,0,4,-4,-4,-4,77,0,1,True,Unknown,True,False,False,False,False,False
NACC259260,7,4,-4,-4,-4,-4,-4,,-4,-4,-4,-4,-4,-4,-4,300,71,-4,-4,-4,-4,-4,0,0,1,1,1,0,False,True,False,True,1,2,0,1,False,76,16,1,1,1,0,4,-4,-4,8888,-4,-4,-4,False,Unknown,False,False,False,True,True,True
NACC259376,17,12,10,7,31,8,8,,-4,-4,8,32,17,29,16,122,47,15,11,1,25,25,-4,1,8,8,8,0,True,False,True,True,8,8,-4,-4,False,86,16,1,1,1,0,1,-4,-4,-4,82,8,1,True,Unknown,True,False,True,False,False,True
NACC259681,6,4,-4,-4,-4,-4,-4,,-4,-4,-4,-4,-4,-4,-4,996,150,-4,-4,-4,-4,-4,0,0,1,1,1,0,True,False,True,True,0,7,0,0,False,77,11,2,1,3,0,4,-4,-4,8888,-4,-4,-4,False,Unknown,False,False,False,True,True,True
NACC259731,18,11,13,9,32,1,8,,-4,-4,8,26,17,23,17,57,23,13,10,1,25,25,-4,0,8,1,2,0,True,False,True,True,1,1,-4,-4,False,81,20,1,1,1,0,3,-4,-4,-4,888,0,1,False,A+,True,False,False,False,False,False
NACC260466,96,96,96,96,96,1,8,,-4,-4,8,96,96,96,96,996,996,96,96,96,88,88,0,1,0,1,3,0,True,False,True,True,1,1,-4,-4,False,82,16,2,1,1,0,4,-4,-4,8888,76,1,1,False,A+,False,False,True,False,False,True
NACC260516,22,17,7,10,27,8,8,,-4,-4,8,17,13,17,15,125,33,12,9,0,17,17,0,1,8,8,8,0,True,False,True,True,8,8,-4,-4,False,87,18,2,1,1,0,1,-4,-4,8888,80,1,1,False,Unknown,True,False,True,False,False,True
NACC260605,20,13,-4,-4,-4,-4,-4,,-4,-4,-4,-4,-4,-4,-4,62,34,-4,-4,-4,-4,-4,1,1,8,1,1,0,True,True,True,True,0,7,0,0,False,66,16,2,1,1,0,3,-4,-4,2012,-4,-4,-4,True,Unknown,False,True,True,False,True,True
NACC261028,96,96,-4,-4,-4,-4,-4,,-4,-4,-4,-4,-4,-4,-4,996,996,-4,-4,-4,-4,-4,0,0,1,1,1,0,False,False,False,False,1,2,0,1,False,90,10,2,1,1,0,4,-4,-4,8888,-4,-4,-4,False,Unknown,False,False,False,True,True,True
NACC261293,8,3,4,4,27,8,8,,-4,-4,8,0,0,1,1,996,61,8,0,1,11,11,0,0,1,1,1,1,True,True,True,True,0,7,-4,-4,False,64,19,1,1,1,0,4,-4,-4,8888,60,1,1,True,Unknown,True,False,False,True,True,True
NACC262033,14,3,17,14,27,8,8,,-4,-4,8,13,10,9,7,996,125,12,4,1,16,17,0,0,1,1,2,0,True,False,True,True,1,1,-4,-4,False,86,12,1,2,1,1,4,-4,-4,8888,888,0,1,False,Unknown,True,False,False,True,True,True
NACC262181,96,96,4,96,21,8,8,,-4,-4,8,6,6,9,8,996,150,96,96,96,8,8,-4,0,1,1,1,1,False,False,False,True,0,7,-4,-4,False,79,16,1,8,1,0,4,-4,-4,-4,888,0,0,False,Unknown,False,False,False,True,True,True
NACC262388,19,15,9,9,28,8,8,,-4,-4,8,14,13,11,9,300,72,14,6,0,24,24,0,0,1,1,1,0,True,True,True,True,0,7,-4,-4,False,66,18,2,1,1,0,4,-4,-4,8888,64,1,1,True,Unknown,True,False,False,True,True,True
NACC262523,9,3,8,1,27,1,8,,-4,-4,8,12,8,96,96,996,150,9,8,1,7,7,-4,0,0,1,2,0,True,False,True,True,1,1,-4,-4,False,75,14,2,1,1,0,4,-4,-4,-4,888,1,1,False,A+,True,False,False,False,False,False
NACC262590,7,8,-4,-4,-4,-4,-4,,-4,-4,-4,-4,-4,-4,-4,300,150,-4,-4,-4,-4,-4,0,0,1,1,1,0,True,True,True,True,0,7,0,0,False,74,20,1,1,1,0,4,-4,-4,8888,-4,-4,-4,False,Unknown,False,False,False,True,True,True
NACC262664,9,8,-4,-4,-4,-4,-4,,-4,-4,-4,-4,-4,-4,-4,300,90,-4,-4,-4,-4,-4,0,0,1,1,2,0,False,False,False,False,1,1,1,0,False,83,12,1,1,1,0,4,-4,-4,8888,-4,-4,-4,False,Unknown,False,False,False,True,True,True
NACC263036,16,12,-4,-4,-4,-4,-4,,-4,-4,-4,-4,-4,-4,-4,300,37,-4,-4,-4,-4,-4,1,1,1,1,1,0,True,True,True,True,0,7,0,0,False,71,18,2,1,1,0,4,-4,-4,2008,-4,-4,-4,False,Unknown,False,True,True,True,True,True
NACC263752,6,6,-4,-4,-4,-4,-4,,-4,-4,-4,-4,-4,-4,-4,300,127,-4,-4,-4,-4,-4,0,0,1,1,1,0,True,False,True,True,1,2,0,1,False,85,20,1,1,1,0,4,-4,-4,8888,-4,-4,-4,False,Unknown,False,False,False,True,True,True
NACC263951,96,96,-4,-4,-4,-4,-4,,-4,-4,-4,-4,-4,-4,-4,996,996,-4,-4,-4,-4,-4,0,0,1,1,1,0,True,False,True,True,0,7,0,0,False,73,18,2,1,2,0,4,-4,-4,8888,-4,-4,-4,False,Unknown,False,False,False,True,True,True
NACC264364,98,98,-4,-4,-4,-4,-4,,-4,-4,-4,-4,-4,-4,-4,998,998,-4,-4,-4,-4,-4,1,1,8,1,1,0,True,True,True,True,0,7,0,0,False,86,18,1,1,1,0,2,-4,-4,2006,-4,-4,-4,False,Unknown,False,True,True,False,True,True
NACC264389,8,0,-4,-4,-4,-4,-4,,-4,-4,-4,-4,-4,-4,-4,240,87,-4,-4,-4,-4,-4,0,0,1,1,2,0,False,True,False,False,1,1,0,1,False,76,19,1,1,1,0,4,-4,-4,8888,-4,-4,-4,False,Unknown,False,False,False,True,True,True
NACC264704,14,10,-4,-4,-4,-4,-4,,-4,-4,-4,-4,-4,-4,-4,278,43,-4,-4,-4,-4,-4,0,0,1,1,2,0,False,False,False,True,1,1,1,0,False,77,8,1,1,1,0,4,-4,-4,8888,-4,-4,-4,False,Unknown,False,False,False,True,True,True
NACC265335,23,17,9,7,29,8,8,,-4,-4,8,24,17,20,15,97,48,17,14,1,25,25,-4,1,8,1,1,0,True,False,True,True,0,7,-4,-4,False,68,18,2,1,1,1,3,-4,-4,-4,888,0,1,False,Unknown,True,False,True,False,False,True
NACC265442,4,6,-4,-4,-4,-4,-4,,-4,-4,-4,-4,-4,-4,-4,996,24,-4,-4,-4,-4,-4,1,1,0,1,2,0,True,True,True,True,0,7,0,0,False,58,16,1,1,1,0,4,-4,-4,2009,-4,-4,-4,True,Unknown,False,True,True,False,True,True
NACC265547,12,7,-4,-4,-4,-4,-4,,-4,-4,-4,-4,-4,-4,-4,230,43,-4,-4,-4,-4,-4,0,0,1,1,1,0,True,True,True,True,0,7,0,0,False,74,12,1,1,1,0,4,-4,-4,8888,-4,-4,-4,True,Unknown,False,False,False,True,True,True
NACC265835,96,96,96,96,96,-4,-4,,-4,-4,-4,96,96,96,96,996,996,96,96,96,21,21,0,-4,0,1,1,0,True,False,True,True,0,8,-4,-4,False,83,15,2,1,-4,0,4,11,888,-4,-4,-4,1,False,Unknown,False,False,False,False,False,False
NACC265988,22,9,12,8,31,8,8,,-4,-4,8,18,14,12,10,96,37,13,10,0,25,25,1,1,8,1,1,1,True,True,True,True,0,7,-4,-4,True,73,20,1,1,1,0,3,-4,-4,2017,69,1,1,False,Unknown,True,True,True,False,True,True
NACC266040,38,17,-4,-4,-4,-4,-4,,-4,-4,-4,-4,-4,-4,-4,87,24,-4,-4,-4,-4,-4,1,1,8,1,1,0,True,True,True,True,0,7,0,0,False,39,16,1,1,1,0,2,-4,-4,2006,-4,-4,-4,True,Unknown,False,True,True,False,True,True
NACC266045,5,5,-4,-4,-4,-4,-4,,-4,-4,-4,-4,-4,-4,-4,187,95,-4,-4,-4,-4,-4,0,0,1,1,2,0,False,False,False,True,1,1,0,1,False,77,16,1,1,1,0,4,-4,-4,8888,-4,-4,-4,False,Unknown,False,False,False,True,True,True
NACC266451,14,15,-4,-4,-4,-4,-4,,-4,-4,-4,-4,-4,-4,-4,126,45,-4,-4,-4,-4,-4,1,1,8,8,8,0,True,True,True,True,8,8,8,8,False,75,18,1,1,1,0,1,-4,-4,2007,-4,-4,-4,True,Unknown,False,True,True,False,True,True
NACC266701,17,15,12,16,32,8,8,,-4,-4,8,23,15,20,15,88,32,17,97,97,27,27,0,1,8,8,8,1,True,False,True,True,8,8,-4,-4,True,66,15,2,1,1,0,1,-4,-4,8888,65,1,1,False,Unknown,True,False,True,False,False,True
NACC266834,8,8,9,6,29,8,8,,-4,-4,8,97,97,97,97,997,997,97,97,97,17,17,-4,1,1,1,2,0,True,False,True,True,1,1,-4,-4,False,88,18,2,1,1,0,4,-4,-4,-4,888,0,1,False,Unknown,True,False,True,True,True,True
NACC266869,97,97,-4,-4,-4,-4,-4,,-4,-4,-4,-4,-4,-4,-4,997,997,-4,-4,-4,-4,-4,0,0,1,1,1,0,False,False,False,False,1,2,0,1,False,78,12,2,1,1,0,4,-4,-4,8888,-4,-4,-4,False,Unknown,False,False,False,True,True,True
NACC266969,96,96,-4,-4,-4,-4,-4,,-4,-4,-4,-4,-4,-4,-4,995,995,-4,-4,-4,-4,-4,1,1,1,1,1,0,False,True,False,False,0,7,0,0,False,81,6,1,1,5,0,4,-4,-4,2000,-4,-4,-4,True,Unknown,False,True,True,True,True,True
NACC266981,7,6,-4,-4,-4,-4,-4,,-4,-4,-4,-4,-4,-4,-4,996,100,-4,-4,-4,-4,-4,0,0,1,1,2,0,True,False,True,True,1,1,1,0,False,59,16,1,1,2,0,4,-4,-4,8888,-4,-4,-4,False,Unknown,False,False,False,True,True,True
NACC267032,11,9,-4,-4,-4,-4,-4,,-4,-4,-4,-4,-4,-4,-4,996,105,-4,-4,-4,-4,-4,1,1,0,1,1,0,True,True,True,True,1,2,0,1,False,83,12,2,1,1,0,4,-4,-4,1980,-4,-4,-4,True,Unknown,False,True,True,False,True,True
NACC267195,10,8,-4,-4,-4,-4,-4,,-4,-4,-4,-4,-4,-4,-4,300,59,-4,-4,-4,-4,-4,0,0,1,1,2,0,False,True,False,False,1,1,0,1,False,88,12,1,1,1,0,4,-4,-4,8888,-4,-4,-4,False,Unknown,False,False,False,True,True,True
NACC267359,11,8,4,2,29,8,8,,-4,-4,8,7,9,6,7,165,58,13,12,1,13,13,0,1,1,1,1,0,True,False,True,True,0,7,-4,-4,False,72,14,1,1,2,0,4,-4,-4,8888,888,0,1,False,Unknown,True,False,True,True,True,True
NACC267383,5,8,-4,-4,-4,-4,-4,,-4,-4,-4,-4,-4,-4,-4,996,150,-4,-4,-4,-4,-4,1,1,1,1,1,0,True,True,True,True,0,7,0,0,False,74,16,1,1,1,0,4,-4,-4,2009,-4,-4,-4,False,Unknown,False,True,True,True,True,True
NACC267508,14,8,-4,-4,-4,-4,-4,,-4,-4,-4,-4,-4,-4,-4,225,43,-4,-4,-4,-4,-4,1,1,1,1,1,0,True,True,True,True,0,7,0,0,False,61,14,1,1,1,0,4,-4,-4,1999,-4,-4,-4,True,Unknown,False,True,True,True,True,True
NACC267562,14,5,7,11,29,8,8,,-4,-4,8,7,6,5,4,184,91,14,8,0,24,24,0,0,1,1,1,1,True,False,True,True,0,7,-4,-4,False,60,14,1,1,1,0,4,-4,-4,8888,55,0,1,False,Unknown,True,False,False,True,True,True
NACC267908,12,8,24,18,32,1,8,,-4,-4,8,11,10,0,0,133,38,15,0,0,23,23,1,1,0,1,2,0,True,True,True,True,1,1,-4,-4,False,75,20,1,1,1,0,4,-4,-4,2017,72,0,1,True,A+,True,True,True,False,True,True
NACC268033,9,7,-4,-4,-4,-4,-4,,-4,-4,-4,-4,-4,-4,-4,995,995,-4,-4,-4,-4,-4,0,0,1,1,1,0,False,True,False,True,1,2,0,1,False,76,18,1,1,1,0,4,-4,-4,8888,-4,-4,-4,False,Unknown,False,False,False,True,True,True
NACC268160,13,7,5,9,-4,8,8,,-4,-4,8,11,10,10,9,-4,-4,-4,-4,-4,-4,-4,-4,0,1,1,1,0,True,False,True,True,0,7,-4,-4,False,79,18,1,1,1,0,4,-4,-4,-4,78,-4,-4,True,Unknown,False,False,False,True,True,True
NACC268166,16,10,6,6,32,0,8,,-4,-4,8,9,11,10,10,74,42,17,15,1,21,21,1,1,8,1,1,1,True,True,True,True,0,7,-4,-4,True,71,13,1,1,1,9,3,-4,-4,2023,68,1,1,True,A-,True,True,True,False,True,True
NACC268247,13,8,-4,-4,-4,-4,-4,,-4,-4,-4,-4,-4,-4,-4,300,98,-4,-4,-4,-4,-4,9,0,1,1,1,0,True,True,True,True,0,7,0,0,False,72,16,1,1,1,0,4,-4,-4,8888,-4,-4,-4,False,Unknown,False,False,False,True,True,True
NACC268257,97,97,-4,-4,-4,-4,-4,,-4,-4,-4,-4,-4,-4,-4,997,997,-4,-4,-4,-4,-4,0,0,1,1,2,0,False,False,False,False,1,1,1,0,False,88,12,2,1,1,0,4,-4,-4,8888,-4,-4,-4,False,Unknown,False,False,False,True,True,True
NACC268447,18,14,15,12,31,8,8,,-4,-4,8,9,9,8,8,95,20,13,6,1,22,23,-4,1,8,8,8,0,True,False,True,True,8,8,-4,-4,False,78,12,2,1,1,0,1,-4,-4,-4,77,0,1,False,Unknown,True,False,True,False,False,True
NACC269350,23,14,10,15,30,8,8,,-4,-4,8,20,15,17,14,49,15,15,13,1,26,26,1,1,8,8,8,1,True,True,True,True,8,8,-4,-4,False,67,18,1,1,1,0,1,-4,-4,2014,64,0,1,True,Unknown,True,True,True,False,True,True
NACC270376,13,7,8,7,28,8,8,,-4,-4,8,3,3,3,3,996,52,11,5,1,13,14,1,0,1,1,1,1,True,True,True,True,0,7,-4,-4,True,51,9,1,1,1,0,4,-4,-4,2015,49,1,1,True,Unknown,True,True,False,True,True,True
NACC270424,14,5,6,6,28,0,0,,-4,-4,0,13,14,20,15,300,34,15,7,1,18,18,1,0,1,1,1,1,True,True,True,True,0,7,-4,-4,False,66,16,1,1,1,0,4,-4,-4,2012,63,1,1,True,A-,True,True,False,True,True,True
NACC270570,10,8,-4,-4,-4,-4,-4,,-4,-4,-4,-4,-4,-4,-4,996,135,-4,-4,-4,-4,-4,0,0,1,1,1,0,True,False,True,True,0,7,0,0,False,73,12,1,1,1,0,4,-4,-4,8888,-4,-4,-4,False,Unknown,False,False,False,True,True,True
NACC271803,25,5,-4,-4,-4,-4,-4,,-4,-4,-4,-4,-4,-4,-4,88,31,-4,-4,-4,-4,-4,1,1,8,1,1,0,True,True,True,True,1,2,0,1,False,94,18,1,1,1,0,3,-4,-4,9999,-4,-4,-4,False,Unknown,False,True,True,False,True,True
NACC271980,13,11,8,6,25,8,8,,-4,-4,8,19,14,19,15,80,31,14,12,1,25,25,-4,0,8,1,1,0,True,False,True,True,0,7,-4,-4,False,64,13,2,1,1,0,3,-4,-4,-4,61,1,1,True,Unknown,True,False,False,False,False,False
NACC272257,11,4,2,1,25,8,8,,-4,-4,8,10,7,3,3,995,995,95,95,95,88,88,-4,0,0,0,7,0,True,False,False,True,0,7,-4,-4,False,70,14,1,2,3,1,4,-4,-4,-4,68,1,1,False,Unknown,True,False,False,False,False,False
NACC272457,17,7,12,13,32,8,8,,-4,-4,8,20,13,15,12,216,85,13,8,1,19,19,-4,0,8,1,2,0,True,False,True,True,1,1,-4,-4,False,84,20,1,1,1,0,3,-4,-4,-4,77,0,1,False,Unknown,True,False,False,False,False,False
NACC273114,12,8,-4,-4,-4,-4,-4,,-4,-4,-4,-4,-4,-4,-4,996,49,-4,-4,-4,-4,-4,1,1,0,1,3,0,True,True,True,True,1,1,1,0,False,79,15,2,1,1,0,4,-4,-4,2009,-4,-4,-4,False,Unknown,False,True,True,False,True,True
NACC273355,12,7,12,13,26,8,8,,-4,-4,8,6,4,1,1,996,104,15,0,0,13,13,0,0,1,1,2,0,False,False,False,False,1,1,-4,-4,False,78,18,2,1,1,0,4,-4,-4,8888,888,0,0,False,Unknown,True,False,False,True,True,True
NACC273378,23,7,14,18,29,0,-4,,-4,0,-4,14,14,15,14,59,38,11,10,0,21,21,0,-4,0,1,1,0,True,False,True,True,0,8,-4,-4,False,51,13,1,1,-4,1,4,17,888,-4,-4,-4,1,False,A-,True,False,False,False,False,False
NACC273428,6,3,-4,-4,-4,-4,-4,,-4,-4,-4,-4,-4,-4,-4,996,150,-4,-4,-4,-4,-4,0,0,1,1,2,0,True,False,True,True,1,1,0,1,False,92,9,1,1,1,0,4,-4,-4,8888,-4,-4,-4,False,Unknown,False,False,False,True,True,True
NACC273662,10,5,-4,-4,-4,-4,-4,,-4,-4,-4,-4,-4,-4,-4,116,37,-4,-4,-4,-4,-4,0,0,1,1,2,0,False,False,False,True,1,1,1,0,False,71,16,1,1,1,0,4,-4,-4,8888,-4,-4,-4,False,Unknown,False,False,False,True,True,True
NACC273819,21,9,-4,-4,-4,-4,-4,,-4,-4,-4,-4,-4,-4,-4,87,87,-4,-4,-4,-4,-4,1,1,1,1,1,0,False,True,False,True,1,2,1,0,False,74,13,1,1,1,0,4,-4,-4,2005,-4,-4,-4,False,Unknown,False,True,True,True,True,True
NACC273835,19,16,15,15,29,8,8,,-4,-4,8,19,18,16,13,70,30,15,8,1,25,25,1,1,8,8,8,0,True,True,True,True,8,8,-4,-4,False,69,18,1,1,1,0,1,-4,-4,2012,66,1,1,True,Unknown,True,True,True,False,True,True
NACC273893,16,11,-4,-4,-4,-4,-4,,-4,-4,-4,-4,-4,-4,-4,996,87,-4,-4,-4,-4,-4,1,1,0,1,1,0,True,True,True,True,0,7,0,0,False,74,19,1,1,1,0,4,-4,-4,9999,-4,-4,-4,True,Unknown,False,True,True,False,True,True
NACC273954,20,15,16,10,32,8,8,,-4,-4,8,28,17,23,15,102,35,15,12,1,29,29,1,1,8,8,8,0,True,True,True,True,8,8,-4,-4,False,71,16,2,1,1,0,1,-4,-4,2013,65,1,1,True,Unknown,True,True,True,False,True,True
NACC275036,96,96,96,96,96,8,0,,-4,-4,8,96,96,96,96,996,996,96,96,96,88,88,-4,1,0,1,3,0,True,False,True,True,0,7,-4,-4,False,71,14,1,1,1,0,4,-4,-4,-4,66,1,1,True,A-,False,False,True,False,False,True
NACC275124,2,4,-4,-4,-4,-4,-4,,-4,-4,-4,-4,-4,-4,-4,300,20,-4,-4,-4,-4,-4,0,0,1,1,2,0,False,False,False,False,1,1,0,1,False,69,18,1,8,2,0,4,-4,-4,8888,-4,-4,-4,False,Unknown,False,False,False,True,True,True
NACC275399,23,18,10,8,32,8,8,,-4,-4,8,15,11,16,11,84,31,16,9,1,25,26,0,0,8,1,1,0,True,False,True,True,0,7,-4,-4,True,62,12,1,1,1,0,3,-4,-4,8888,60,0,1,False,Unknown,True,False,False,False,False,False
NACC275703,16,5,-4,-4,-4,-4,-4,,-4,-4,-4,-4,-4,-4,-4,300,150,-4,-4,-4,-4,-4,1,1,8,1,1,0,True,True,True,True,0,7,0,0,False,70,12,1,2,1,1,3,-4,-4,9999,-4,-4,-4,True,Unknown,False,True,True,False,True,True
NACC276138,97,97,97,97,-4,8,8,,-4,-4,8,97,97,97,97,-4,-4,-4,-4,-4,-4,-4,-4,0,0,1,1,0,True,False,True,True,0,7,-4,-4,False,88,18,2,1,1,0,4,-4,-4,-4,87,-4,-4,False,Unknown,False,False,False,False,False,False
NACC276725,7,10,-4,-4,-4,-4,-4,,-4,-4,-4,-4,-4,-4,-4,106,36,-4,-4,-4,-4,-4,1,1,8,1,1,0,True,True,True,True,0,7,0,0,False,67,16,1,1,1,0,3,-4,-4,1984,-4,-4,-4,True,Unknown,False,True,True,False,True,True
NACC276767,22,18,-4,-4,-4,-4,-4,,-4,-4,-4,-4,-4,-4,-4,121,30,-4,-4,-4,-4,-4,1,1,8,1,1,0,True,True,True,True,0,7,0,0,False,68,17,2,1,1,0,3,-4,-4,2007,-4,-4,-4,False,Unknown,False,True,True,False,True,True
NACC277158,24,18,17,19,32,8,8,,-4,-4,8,32,21,31,20,88,29,14,12,1,29,29,-4,1,8,1,1,0,True,False,True,True,0,7,-4,-4,False,82,25,2,1,1,0,3,-4,-4,-4,81,1,1,False,Unknown,True,False,True,False,False,True
NACC277540,18,9,-4,-4,-4,-4,-4,,-4,-4,-4,-4,-4,-4,-4,135,51,-4,-4,-4,-4,-4,1,1,8,1,2,0,True,True,True,True,0,7,0,0,False,88,13,1,1,1,0,2,-4,-4,2009,-4,-4,-4,False,Unknown,False,True,True,False,True,True
NACC278128,24,13,18,15,28,8,8,,-4,-4,8,28,19,26,19,43,28,16,10,1,29,29,1,1,8,8,8,0,True,True,True,True,8,8,-4,-4,False,65,18,2,1,1,0,1,-4,-4,2014,61,1,1,True,Unknown,True,True,True,False,True,True
NACC278172,96,96,-4,-4,-4,-4,-4,,-4,-4,-4,-4,-4,-4,-4,996,996,-4,-4,-4,-4,-4,1,1,1,1,1,0,True,True,True,True,0,7,0,0,False,69,18,1,1,1,0,4,-4,-4,1995,-4,-4,-4,True,Unknown,False,True,True,True,True,True
NACC278291,12,8,-4,-4,-4,-4,-4,,-4,-4,-4,-4,-4,-4,-4,296,86,-4,-4,-4,-4,-4,0,0,1,1,2,0,True,False,True,True,0,7,0,0,False,84,20,2,1,1,0,4,-4,-4,8888,-4,-4,-4,False,Unknown,False,False,False,True,True,True
NACC278398,7,7,8,9,28,8,8,,-4,-4,8,7,9,5,6,996,92,12,7,1,19,19,0,0,1,1,2,0,True,False,True,True,1,1,-4,-4,False,72,16,2,1,1,0,4,-4,-4,8888,71,0,0,False,Unknown,True,False,False,True,True,True
NACC279744,5,4,-4,-4,-4,-4,-4,,-4,-4,-4,-4,-4,-4,-4,996,107,-4,-4,-4,-4,-4,1,1,0,1,1,0,True,True,True,True,0,7,0,0,False,77,15,1,1,1,0,4,-4,-4,1991,-4,-4,-4,True,Unknown,False,True,True,False,True,True
NACC279991,17,8,18,9,24,8,8,,-4,-4,8,18,12,12,9,175,24,13,4,0,19,19,0,0,1,1,1,1,False,False,False,False,1,2,-4,-4,False,71,18,1,1,1,0,4,-4,-4,8888,888,0,0,False,Unknown,True,False,False,True,True,True
NACC280126,16,9,10,7,30,8,8,,-4,-4,8,33,22,26,19,164,67,15,11,1,24,25,1,1,8,1,1,0,True,True,True,True,0,7,-4,-4,False,69,12,1,1,1,0,3,-4,-4,9999,66,0,1,True,Unknown,True,True,True,False,True,True
NACC280318,16,15,10,9,27,8,8,,-4,-4,8,3,4,8,9,300,37,14,11,1,19,19,1,1,8,1,2,0,True,True,True,True,1,1,-4,-4,False,67,15,1,2,1,1,3,-4,-4,2014,57,0,1,True,Unknown,True,True,True,False,True,True
NACC280403,96,96,-4,-4,-4,-4,-4,,-4,-4,-4,-4,-4,-4,-4,996,996,-4,-4,-4,-4,-4,0,0,1,1,2,0,False,False,False,False,1,2,0,1,False,60,18,2,1,2,0,4,-4,-4,8888,-4,-4,-4,False,Unknown,False,False,False,True,True,True
NACC281480,25,14,-4,-4,-4,-4,-4,,-4,-4,-4,-4,-4,-4,-4,155,73,-4,-4,-4,-4,-4,0,0,8,1,1,0,True,False,True,True,0,7,0,0,False,65,19,1,1,1,0,3,-4,-4,8888,-4,-4,-4,False,Unknown,False,False,False,False,False,False
NACC282352,5,3,-4,-4,-4,-4,-4,,-4,-4,-4,-4,-4,-4,-4,997,997,-4,-4,-4,-4,-4,9,0,1,1,1,0,True,True,True,True,0,7,0,0,False,70,15,1,1,1,0,4,-4,-4,8888,-4,-4,-4,False,Unknown,False,False,False,True,True,True
NACC282522,22,15,15,11,32,0,8,,-4,-4,1,29,21,26,19,77,40,12,12,1,27,27,1,0,8,1,1,0,True,True,True,True,0,7,-4,-4,False,67,18,1,1,1,1,3,-4,-4,2017,60,1,1,False,A-,True,True,False,False,True,True
NACC282590,14,13,-4,-4,-4,-4,-4,,-4,-4,-4,-4,-4,-4,-4,996,150,-4,-4,-4,-4,-4,0,0,1,1,1,0,True,False,True,True,1,2,0,1,False,76,11,2,1,2,0,4,-4,-4,8888,-4,-4,-4,False,Unknown,False,False,False,True,True,True
NACC283338,13,4,15,11,28,8,8,,-4,-4,8,19,14,19,16,300,56,13,97,97,17,18,1,0,1,1,1,1,True,True,True,True,0,7,-4,-4,False,77,12,1,1,1,0,4,-4,-4,9999,72,1,1,True,Unknown,True,True,False,True,True,True
NACC283605,18,12,-4,-4,-4,-4,-4,,-4,-4,-4,-4,-4,-4,-4,300,49,-4,-4,-4,-4,-4,0,0,1,1,1,0,True,True,True,True,1,2,1,0,False,69,12,1,1,1,0,4,-4,-4,8888,-4,-4,-4,False,Unknown,False,False,False,True,True,True
NACC284003,24,10,-4,-4,-4,-4,-4,,-4,-4,-4,-4,-4,-4,-4,82,42,-4,-4,-4,-4,-4,0,0,1,1,2,0,False,False,False,True,1,2,0,1,False,78,18,1,1,1,0,4,-4,-4,8888,-4,-4,-4,False,Unknown,False,False,False,True,True,True
NACC284211,15,17,7,10,31,8,8,,-4,-4,8,25,18,19,16,94,38,16,12,1,28,28,1,1,8,1,1,0,True,True,True,True,0,7,-4,-4,False,65,20,1,1,1,0,3,-4,-4,2019,50,1,1,True,Unknown,True,True,True,False,True,True
NACC284213,12,13,-4,-4,-4,-4,-4,,-4,-4,-4,-4,-4,-4,-4,132,47,-4,-4,-4,-4,-4,1,1,8,1,1,0,True,True,True,True,0,7,0,0,False,67,12,2,1,1,0,3,-4,-4,2002,-4,-4,-4,True,Unknown,False,True,True,False,True,True
NACC284236,14,8,10,9,26,8,8,,-4,-4,8,24,16,23,15,300,96,14,8,0,18,18,0,0,8,1,1,0,True,False,True,True,0,7,-4,-4,False,82,16,2,1,1,0,3,-4,-4,8888,81,1,1,False,Unknown,True,False,False,False,False,False
NACC284264,14,9,-4,-4,-4,-4,-4,,-4,-4,-4,-4,-4,-4,-4,300,35,-4,-4,-4,-4,-4,0,0,1,1,1,0,False,True,False,False,0,7,0,0,False,78,12,2,1,1,0,4,-4,-4,8888,-4,-4,-4,False,Unknown,False,False,False,True,True,True
NACC284787,17,11,-4,-4,-4,-4,-4,,-4,-4,-4,-4,-4,-4,-4,151,39,-4,-4,-4,-4,-4,1,1,8,8,8,0,True,True,True,True,8,8,8,8,False,79,16,1,1,1,0,1,-4,-4,2000,-4,-4,-4,True,Unknown,False,True,True,False,True,True
NACC285083,17,8,8,10,97,8,8,,-4,-4,8,26,15,30,20,36,10,6,97,97,88,88,1,0,1,1,1,1,True,True,True,True,0,7,-4,-4,False,69,18,1,1,1,0,4,-4,-4,2020,67,1,1,False,Unknown,False,True,False,True,True,True
NACC285400,21,5,13,12,29,8,8,,-4,-4,8,25,18,22,17,70,18,17,12,1,18,18,-4,0,8,1,2,1,True,False,True,True,0,7,-4,-4,False,60,17,1,1,1,0,3,-4,-4,-4,53,0,1,False,Unknown,True,False,False,False,False,False
NACC285409,22,14,-4,-4,-4,-4,-4,,-4,-4,-4,-4,-4,-4,-4,169,71,-4,-4,-4,-4,-4,1,1,8,1,1,0,True,True,True,True,1,2,0,1,False,86,20,1,1,1,0,3,-4,-4,2010,-4,-4,-4,True,Unknown,False,True,True,False,True,True
NACC285430,8,9,-4,-4,-4,-4,-4,,-4,-4,-4,-4,-4,-4,-4,300,150,-4,-4,-4,-4,-4,0,0,1,1,1,0,True,False,True,True,0,7,0,0,False,63,16,1,1,1,0,4,-4,-4,8888,-4,-4,-4,False,Unknown,False,False,False,True,True,True
NACC285497,13,11,10,9,-4,8,8,,-4,-4,8,-4,-4,-4,-4,116,45,15,8,0,-4,-4,-4,1,8,1,3,0,True,False,True,True,0,7,-4,-4,False,87,18,1,1,1,0,2,-4,-4,-4,85,1,1,False,Unknown,False,False,True,False,False,True
NACC285811,16,7,17,16,31,8,8,,-4,-4,8,10,7,7,6,191,65,16,8,0,21,21,0,0,8,1,1,1,True,False,True,True,1,2,-4,-4,False,78,16,1,1,1,0,3,-4,-4,8888,75,0,1,False,Unknown,True,False,False,False,False,False
NACC285874,-4,-4,-4,-4,-4,-4,-4,,-4,-4,-4,-4,-4,-4,-4,-4,-4,-4,-4,-4,-4,-4,1,1,0,1,3,0,True,True,True,True,1,1,1,0,False,68,12,2,1,1,0,4,-4,-4,2014,-4,-4,-4,False,Unknown,False,True,True,False,True,True
NACC286233,8,4,11,8,20,8,8,,-4,-4,8,2,1,0,0,996,109,11,0,0,10,10,-4,0,1,1,2,0,True,False,True,True,1,1,-4,-4,False,81,16,2,1,1,0,4,-4,-4,-4,888,0,1,False,Unknown,True,False,False,True,True,True
NACC286431,6,3,0,98,25,8,8,,-4,-4,8,4,5,2,3,996,150,7,1,0,8,8,1,1,1,1,1,0,True,True,True,True,0,7,-4,-4,False,87,16,1,1,1,0,4,-4,-4,2021,84,1,1,True,Unknown,False,True,True,True,True,True
NACC286777,12,7,11,10,-4,8,8,,-4,-4,8,6,4,1,0,-4,-4,-4,-4,-4,-4,-4,0,0,0,1,1,0,True,True,True,True,1,2,-4,-4,False,78,20,2,1,1,0,4,-4,-4,8888,74,1,1,True,Unknown,False,False,False,False,False,False
NACC287092,97,97,-4,-4,-4,-4,-4,,-4,-4,-4,-4,-4,-4,-4,997,997,-4,-4,-4,-4,-4,0,0,1,1,1,0,True,True,True,True,0,7,0,0,False,74,16,1,1,1,0,4,-4,-4,8888,-4,-4,-4,False,Unknown,False,False,False,True,True,True
NACC287366,4,4,-4,-4,-4,-4,-4,,-4,-4,-4,-4,-4,-4,-4,161,31,-4,-4,-4,-4,-4,0,0,1,1,1,0,True,True,True,True,1,2,0,1,False,74,16,2,1,1,0,4,-4,-4,8888,-4,-4,-4,False,Unknown,False,False,False,True,True,True
NACC287384,11,8,11,10,26,1,0,,-4,-4,1,0,0,0,0,196,57,13,0,0,17,17,-4,0,0,1,2,0,True,False,True,True,1,1,-4,-4,False,72,16,1,1,1,0,4,-4,-4,-4,70,1,1,False,A+,True,False,False,False,False,False
NACC287444,8,5,-4,-4,-4,-4,-4,,-4,-4,-4,-4,-4,-4,-4,996,49,-4,-4,-4,-4,-4,0,0,1,1,1,0,False,False,False,False,0,7,0,0,False,77,12,1,1,1,0,4,-4,-4,8888,-4,-4,-4,False,Unknown,False,False,False,True,True,True
NACC287780,12,5,10,6,30,8,8,,-4,-4,8,0,0,0,0,300,150,2,0,1,11,11,0,0,1,1,1,0,True,False,True,True,0,7,-4,-4,False,73,16,1,1,1,0,4,-4,-4,8888,69,1,1,True,Unknown,True,False,False,True,True,True
NACC288132,16,9,9,13,28,8,8,,-4,-4,8,3,4,2,3,278,37,16,9,1,15,15,0,0,1,1,2,1,True,False,True,True,1,1,-4,-4,False,75,16,1,1,1,0,4,-4,-4,8888,72,1,1,False,Unknown,True,False,False,True,True,True
NACC288186,10,5,-4,-4,-4,-4,-4,,-4,-4,-4,-4,-4,-4,-4,998,49,-4,-4,-4,-4,-4,1,1,0,1,3,0,True,True,True,True,1,1,1,0,False,92,17,1,1,1,0,4,-4,-4,9999,-4,-4,-4,False,Unknown,False,True,True,False,True,True
NACC288322,9,4,10,15,29,8,8,,-4,-4,8,8,7,8,7,300,86,14,97,97,19,19,0,0,8,1,1,1,True,False,True,True,0,7,-4,-4,False,78,14,1,1,1,0,3,-4,-4,8888,75,1,1,False,Unknown,True,False,False,False,False,False
NACC288370,19,9,11,8,30,8,8,,-4,-4,8,31,21,27,18,99,39,16,11,1,26,27,0,1,8,1,1,0,True,False,True,True,0,7,-4,-4,False,76,12,1,1,1,0,3,-4,-4,8888,888,0,1,False,Unknown,True,False,True,False,False,True
NACC288576,16,9,-4,-4,-4,-4,-4,,-4,-4,-4,-4,-4,-4,-4,996,123,-4,-4,-4,-4,-4,0,0,1,1,2,0,False,False,False,False,1,1,1,0,False,85,12,2,1,1,0,4,-4,-4,8888,-4,-4,-4,False,Unknown,False,False,False,True,True,True
NACC288637,29,25,20,18,32,8,8,,-4,-4,8,34,21,32,21,41,26,15,12,1,29,29,-4,1,8,8,8,0,True,False,True,True,8,8,-4,-4,False,83,16,2,1,1,0,1,-4,-4,-4,888,1,1,True,Unknown,True,False,True,False,False,True
NACC289183,14,7,8,4,31,8,8,,-4,-4,8,10,10,9,10,105,67,15,11,1,25,25,0,0,8,1,1,0,True,False,True,True,1,2,-4,-4,False,73,18,1,1,1,0,3,-4,-4,8888,71,1,1,False,Unknown,True,False,False,False,False,False
NACC289220,23,12,10,5,-4,8,8,,-4,-4,8,30,21,18,16,-4,-4,-4,-4,-4,-4,-4,1,1,8,8,8,1,True,True,True,True,8,8,-4,-4,False,72,20,1,1,1,0,1,-4,-4,2017,66,0,1,True,Unknown,False,True,True,False,True,True
NACC289267,8,5,-4,-4,-4,-4,-4,,-4,-4,-4,-4,-4,-4,-4,128,70,-4,-4,-4,-4,-4,0,0,1,1,2,0,False,False,False,False,1,1,1,0,False,85,13,2,1,1,0,4,-4,-4,8888,-4,-4,-4,False,Unknown,False,False,False,True,True,True
NACC289456,98,98,98,98,98,8,8,,-4,-4,8,98,98,98,98,998,998,98,98,98,23,23,0,0,1,1,1,1,True,False,True,True,0,7,-4,-4,False,65,16,1,1,1,0,4,-4,-4,8888,64,1,1,False,Unknown,False,False,False,True,True,True
NACC289485,14,10,10,10,-4,8,8,,-4,-4,8,-4,-4,-4,-4,84,50,16,4,0,-4,-4,-4,1,8,1,2,0,True,False,True,True,1,1,-4,-4,False,81,18,1,1,1,0,3,-4,-4,-4,81,1,1,False,Unknown,False,False,True,False,False,True
NACC289968,15,7,14,6,29,8,8,,-4,-4,8,15,13,13,12,194,37,13,10,1,26,26,0,0,8,1,1,1,True,False,True,True,0,7,-4,-4,False,77,19,1,1,1,0,3,-4,-4,8888,888,0,1,False,Unknown,True,False,False,False,False,False
NACC290290,10,7,-4,-4,-4,-4,-4,,-4,-4,-4,-4,-4,-4,-4,117,70,-4,-4,-4,-4,-4,0,0,1,1,1,0,False,True,False,False,0,7,0,0,False,68,18,1,1,1,0,4,-4,-4,8888,-4,-4,-4,False,Unknown,False,False,False,True,True,True
NACC290598,9,6,-4,-4,-4,-4,-4,,-4,-4,-4,-4,-4,-4,-4,300,64,-4,-4,-4,-4,-4,1,1,0,1,1,0,True,True,True,True,0,7,0,0,False,61,20,1,8,1,0,4,-4,-4,1986,-4,-4,-4,True,Unknown,False,True,True,False,True,True
NACC290602,17,13,-4,-4,-4,-4,-4,,-4,-4,-4,-4,-4,-4,-4,64,44,-4,-4,-4,-4,-4,1,1,8,1,1,0,True,True,True,True,0,7,0,0,False,62,13,2,1,1,0,3,-4,-4,2000,-4,-4,-4,True,Unknown,False,True,True,False,True,True
NACC291239,12,9,5,10,30,8,8,,-4,-4,8,20,15,20,14,85,25,13,6,1,19,19,0,0,1,1,1,0,False,False,False,True,0,7,-4,-4,False,66,19,1,1,1,0,4,-4,-4,8888,888,0,0,False,Unknown,True,False,False,True,True,True
NACC291812,14,11,-4,-4,-4,-4,-4,,-4,-4,-4,-4,-4,-4,-4,996,77,-4,-4,-4,-4,-4,0,0,1,1,1,0,False,False,False,False,1,2,0,1,False,71,18,1,1,1,0,4,-4,-4,8888,-4,-4,-4,False,Unknown,False,False,False,True,True,True
NACC292034,0,0,-4,-4,-4,-4,-4,,-4,-4,-4,-4,-4,-4,-4,996,996,-4,-4,-4,-4,-4,0,0,1,1,1,0,True,True,True,True,1,2,0,1,False,91,20,1,1,1,0,4,-4,-4,8888,-4,-4,-4,False,Unknown,False,False,False,True,True,True
NACC293057,2,96,-4,-4,-4,-4,-4,,-4,-4,-4,-4,-4,-4,-4,996,996,-4,-4,-4,-4,-4,1,1,0,1,2,0,True,True,True,True,1,1,1,0,False,81,18,2,8,1,0,4,-4,-4,2012,-4,-4,-4,False,Unknown,False,True,True,False,True,True
NACC293198,13,15,16,12,28,1,8,,-4,-4,8,18,14,16,15,300,112,7,5,1,22,22,0,0,0,1,1,0,True,False,True,True,1,2,-4,-4,False,65,18,2,1,1,0,4,-4,-4,8888,63,0,1,False,A+,True,False,False,False,False,False
NACC293401,15,14,16,12,30,8,8,,-4,-4,8,11,7,11,7,153,106,13,12,1,27,28,0,0,1,1,1,1,True,False,True,True,0,7,-4,-4,True,64,12,1,1,1,0,4,-4,-4,8888,63,1,1,False,Unknown,True,False,False,True,True,True
NACC293455,19,9,13,21,27,8,8,,-4,-4,8,24,14,22,15,300,144,11,5,0,19,19,-4,0,1,1,1,0,False,False,False,False,1,2,-4,-4,False,78,18,1,1,1,0,4,-4,-4,-4,888,0,0,False,Unknown,True,False,False,True,True,True
NACC293674,17,10,15,13,28,8,8,,-4,-4,8,13,11,10,8,246,47,16,97,97,22,22,1,0,8,1,1,1,True,True,True,True,0,7,-4,-4,False,77,20,1,1,1,0,3,-4,-4,2014,75,0,1,False,Unknown,True,True,False,False,True,True
NACC293997,18,15,19,14,27,0,8,,-4,-4,8,13,11,11,10,79,38,14,13,1,27,27,1,1,8,8,8,1,True,True,True,True,8,8,-4,-4,False,55,20,1,1,5,0,1,-4,-4,2000,47,0,1,True,A-,True,True,True,False,True,True
NACC294218,21,13,15,14,29,8,8,,-4,-4,8,12,12,13,12,141,49,17,12,1,24,24,1,1,8,1,1,1,True,True,True,True,0,7,-4,-4,True,59,18,1,1,1,0,3,-4,-4,2014,55,1,1,True,Unknown,True,True,True,False,True,True
NACC294360,9,4,9,11,-4,8,8,,-4,-4,8,-4,-4,-4,-4,300,47,13,3,1,-4,-4,-4,1,1,1,2,0,True,False,True,True,1,1,-4,-4,False,87,12,1,1,1,0,4,-4,-4,-4,83,0,1,True,Unknown,False,False,True,True,True,True
NACC294409,9,4,-4,-4,-4,-4,-4,,-4,-4,-4,-4,-4,-4,-4,300,129,-4,-4,-4,-4,-4,1,1,1,1,1,0,False,True,False,True,0,7,0,0,False,85,8,1,1,1,1,4,-4,-4,2005,-4,-4,-4,True,Unknown,False,True,True,True,True,True
NACC294553,8,5,4,6,24,-4,-4,,-4,-4,-4,17,9,11,7,121,63,12,6,1,19,19,0,-4,8,1,1,0,True,False,True,True,0,8,-4,-4,False,82,18,1,1,-4,0,4,888,888,-4,-4,-4,1,False,Unknown,True,False,False,False,False,False
NACC294631,-4,-4,-4,-4,-4,8,8,,-4,-4,8,-4,-4,-4,-4,-4,-4,-4,-4,-4,-4,-4,-4,0,1,1,1,0,True,False,True,True,0,7,-4,-4,False,92,20,1,1,1,0,4,-4,-4,-4,89,-4,-4,False,Unknown,False,False,False,True,True,True
NACC297092,22,15,-4,-4,-4,-4,-4,,-4,-4,-4,-4,-4,-4,-4,209,88,-4,-4,-4,-4,-4,1,1,1,1,2,0,True,True,True,True,1,1,0,1,False,84,19,1,1,1,0,4,-4,-4,9999,-4,-4,-4,False,Unknown,False,True,True,True,True,True
NACC297587,8,4,13,13,24,8,8,,-4,-4,8,31,20,22,18,93,37,14,12,1,27,27,0,0,8,1,1,1,True,True,True,True,0,7,-4,-4,False,75,16,1,1,1,0,3,-4,-4,8888,73,0,1,False,Unknown,True,False,False,False,False,False
NACC297769,96,96,-4,-4,-4,-4,-4,,-4,-4,-4,-4,-4,-4,-4,996,996,-4,-4,-4,-4,-4,0,0,1,1,1,0,True,True,True,True,0,7,0,0,False,74,20,1,1,1,0,4,-4,-4,8888,-4,-4,-4,False,Unknown,False,False,False,True,True,True
NACC297785,5,2,-4,-4,-4,-4,-4,,-4,-4,-4,-4,-4,-4,-4,300,150,-4,-4,-4,-4,-4,0,0,1,1,2,0,False,True,False,False,1,1,0,1,False,72,20,1,1,1,0,4,-4,-4,8888,-4,-4,-4,False,Unknown,False,False,False,True,True,True
NACC297820,13,10,-4,-4,-4,-4,-4,,-4,-4,-4,-4,-4,-4,-4,235,74,-4,-4,-4,-4,-4,1,1,0,1,2,0,True,True,True,True,1,1,0,1,False,73,14,2,1,1,0,4,-4,-4,2011,-4,-4,-4,False,Unknown,False,True,True,False,True,True
NACC298642,9,6,5,8,25,8,8,,-4,-4,8,11,10,11,7,300,52,13,9,0,17,18,0,0,1,1,1,0,True,True,True,True,0,7,-4,-4,False,78,12,2,1,1,0,4,-4,-4,8888,75,0,1,False,Unknown,True,False,False,True,True,True
NACC299159,14,9,-4,-4,-4,-4,-4,,-4,-4,-4,-4,-4,-4,-4,179,49,-4,-4,-4,-4,-4,0,0,8,1,1,0,True,True,True,True,0,7,0,0,False,74,16,2,1,1,0,3,-4,-4,8888,-4,-4,-4,False,Unknown,False,False,False,False,False,False
NACC299343,6,2,-4,-4,-4,8,8,,-4,-4,8,-4,-4,-4,-4,996,150,-4,-4,-4,-4,-4,1,1,1,1,1,0,True,True,True,True,1,2,-4,-4,False,73,8,1,2,50,1,4,-4,-4,2016,71,1,1,False,Unknown,False,True,True,True,True,True
NACC299671,17,8,16,19,-4,8,8,,-4,-4,8,7,8,8,9,-4,-4,-4,-4,-4,-4,-4,-4,1,8,1,1,1,True,False,True,True,0,7,-4,-4,False,78,20,2,1,1,0,3,-4,-4,-4,68,-4,-4,True,Unknown,False,False,True,False,False,True
NACC301347,10,8,-4,-4,-4,-4,-4,,-4,-4,-4,-4,-4,-4,-4,199,56,-4,-4,-4,-4,-4,0,0,1,1,1,0,True,True,True,True,0,7,0,0,False,76,16,1,1,1,0,4,-4,-4,8888,-4,-4,-4,False,Unknown,False,False,False,True,True,True
NACC301692,9,3,5,1,25,0,8,,-4,-4,8,8,10,8,8,300,121,15,8,0,15,15,0,0,1,1,1,1,True,False,True,True,0,7,-4,-4,False,72,14,1,1,1,0,4,-4,-4,8888,71,1,1,False,A-,True,False,False,True,True,True
NACC302140,-4,-4,-4,-4,-4,-4,-4,,-4,-4,-4,-4,-4,-4,-4,-4,-4,-4,-4,-4,-4,-4,0,0,1,1,2,0,True,False,True,True,1,1,1,0,False,75,18,1,1,1,0,4,-4,-4,8888,-4,-4,-4,False,Unknown,False,False,False,True,True,True
NACC302386,96,96,96,96,-4,8,8,,-4,-4,8,96,96,96,96,-4,-4,-4,-4,-4,-4,-4,1,0,0,1,2,0,True,True,True,True,1,1,-4,-4,False,62,12,2,1,2,1,4,-4,-4,2017,53,0,0,False,Unknown,False,True,False,False,True,True
NACC302491,18,7,6,8,28,8,8,,-4,-4,8,3,4,4,4,104,53,16,8,1,24,24,0,0,8,1,2,0,True,False,True,True,1,1,-4,-4,False,70,16,1,1,1,0,3,-4,-4,8888,69,1,1,False,Unknown,True,False,False,False,False,False
NACC302700,18,14,14,16,31,8,8,,-4,-4,8,21,16,18,15,225,62,16,11,1,21,21,-4,1,8,1,1,0,True,False,True,True,0,7,-4,-4,False,83,18,2,1,1,0,2,-4,-4,-4,79,1,1,False,Unknown,True,False,True,False,False,True
NACC303411,8,4,-4,-4,-4,-4,-4,,-4,-4,-4,-4,-4,-4,-4,996,103,-4,-4,-4,-4,-4,0,0,1,1,1,0,True,True,True,True,0,7,0,0,False,67,12,1,1,1,0,4,-4,-4,8888,-4,-4,-4,False,Unknown,False,False,False,True,True,True
NACC303521,20,12,-4,-4,-4,-4,-4,,-4,-4,-4,-4,-4,-4,-4,113,37,-4,-4,-4,-4,-4,0,0,1,1,2,0,False,False,False,True,0,7,0,0,False,68,18,1,1,1,0,4,-4,-4,8888,-4,-4,-4,False,Unknown,False,False,False,True,True,True
NACC303920,3,0,-4,-4,-4,-4,-4,,-4,-4,-4,-4,-4,-4,-4,996,996,-4,-4,-4,-4,-4,1,1,1,1,1,0,False,True,False,False,0,7,0,0,False,76,16,1,1,1,0,4,-4,-4,2003,-4,-4,-4,False,Unknown,False,True,True,True,True,True
NACC304021,96,96,-4,-4,-4,-4,-4,,-4,-4,-4,-4,-4,-4,-4,996,996,-4,-4,-4,-4,-4,0,0,1,1,1,0,False,False,False,False,0,7,0,0,False,78,11,2,1,1,0,4,-4,-4,8888,-4,-4,-4,False,Unknown,False,False,False,True,True,True
NACC304054,7,1,-4,-4,-4,-4,-4,,-4,-4,-4,-4,-4,-4,-4,300,150,-4,-4,-4,-4,-4,0,0,1,1,1,0,True,False,True,True,0,7,0,0,False,88,11,1,1,1,0,4,-4,-4,8888,-4,-4,-4,False,Unknown,False,False,False,True,True,True
NACC304538,17,11,-4,-4,-4,-4,-4,,-4,-4,-4,-4,-4,-4,-4,57,26,-4,-4,-4,-4,-4,1,1,8,8,8,0,True,True,True,True,8,8,8,8,False,62,16,1,1,1,0,1,-4,-4,9999,-4,-4,-4,True,Unknown,False,True,True,False,True,True
NACC304539,2,4,-4,-4,-4,-4,-4,,-4,-4,-4,-4,-4,-4,-4,300,107,-4,-4,-4,-4,-4,0,0,1,1,1,0,False,True,False,False,0,7,0,0,False,80,16,1,1,1,0,4,-4,-4,8888,-4,-4,-4,True,Unknown,False,False,False,True,True,True
NACC305376,18,10,-4,-4,-4,-4,-4,,-4,-4,-4,-4,-4,-4,-4,166,37,-4,-4,-4,-4,-4,0,0,1,1,1,0,False,True,False,True,0,7,0,0,False,72,12,1,1,1,0,4,-4,-4,8888,-4,-4,-4,False,Unknown,False,False,False,True,True,True
NACC305508,21,16,-4,-4,-4,-4,-4,,-4,-4,-4,-4,-4,-4,-4,64,44,-4,-4,-4,-4,-4,1,1,8,1,1,0,True,True,True,True,0,7,0,0,False,65,20,2,1,1,0,2,-4,-4,2000,-4,-4,-4,True,Unknown,False,True,True,False,True,True
NACC305731,96,96,-4,-4,-4,-4,-4,,-4,-4,-4,-4,-4,-4,-4,996,996,-4,-4,-4,-4,-4,0,0,1,1,1,0,True,False,True,True,1,2,0,1,False,75,12,2,1,2,0,4,-4,-4,8888,-4,-4,-4,False,Unknown,False,False,False,True,True,True
NACC305992,4,9,7,8,24,8,8,,-4,-4,8,20,13,15,12,996,92,15,13,1,18,19,0,1,8,0,7,0,True,False,True,True,0,7,-4,-4,False,69,12,2,1,2,0,2,-4,-4,8888,66,0,1,False,Unknown,True,False,True,False,False,True
NACC306688,11,11,-4,-4,-4,-4,-4,,-4,-4,-4,-4,-4,-4,-4,294,114,-4,-4,-4,-4,-4,0,0,1,1,1,0,False,True,False,True,0,7,0,0,False,75,18,1,1,1,0,4,-4,-4,8888,-4,-4,-4,False,Unknown,False,False,False,True,True,True
NACC308149,10,5,4,5,26,8,8,,-4,-4,8,11,9,0,0,300,117,13,1,1,14,15,0,0,0,1,2,0,True,False,True,True,1,1,-4,-4,True,76,12,2,1,1,0,4,-4,-4,8888,71,1,1,False,Unknown,True,False,False,False,False,False
NACC308303,14,11,-4,-4,-4,-4,-4,,-4,-4,-4,-4,-4,-4,-4,78,44,-4,-4,-4,-4,-4,1,0,8,1,2,0,True,True,True,True,1,1,0,1,False,76,14,1,1,1,0,3,-4,-4,2008,-4,-4,-4,True,Unknown,False,True,False,False,True,True
NACC309064,5,3,-4,-4,-4,-4,-4,,-4,-4,-4,-4,-4,-4,-4,996,996,-4,-4,-4,-4,-4,1,1,1,1,1,0,False,True,False,False,0,7,0,0,False,75,11,1,1,1,0,4,-4,-4,2002,-4,-4,-4,True,Unknown,False,True,True,True,True,True
NACC309090,20,10,-4,-4,-4,-4,-4,,-4,-4,-4,-4,-4,-4,-4,80,39,-4,-4,-4,-4,-4,1,1,8,1,1,1,True,True,True,True,0,7,0,0,False,52,14,1,1,1,0,2,-4,-4,2003,-4,-4,-4,True,Unknown,False,True,True,False,True,True
NACC309426,12,3,-4,-4,-4,-4,-4,,-4,-4,-4,-4,-4,-4,-4,300,81,-4,-4,-4,-4,-4,0,0,1,1,1,0,True,False,True,True,0,7,0,0,False,78,20,1,1,1,0,4,-4,-4,8888,-4,-4,-4,False,Unknown,False,False,False,True,True,True
NACC309536,11,13,7,8,31,1,8,,-4,-4,8,25,18,19,16,300,92,11,8,0,22,23,1,1,8,1,1,1,True,True,True,True,0,7,-4,-4,True,74,12,1,1,1,0,3,-4,-4,9999,64,1,1,True,A+,True,True,True,False,True,True
NACC309595,11,12,-4,-4,-4,-4,-4,,-4,-4,-4,-4,-4,-4,-4,121,48,-4,-4,-4,-4,-4,0,0,1,1,1,0,False,False,False,True,0,7,0,0,False,62,14,1,1,1,0,4,-4,-4,8888,-4,-4,-4,False,Unknown,False,False,False,True,True,True
NACC309830,12,7,11,6,29,1,8,elevated,-4,-4,8,16,12,13,11,129,40,15,3,0,21,21,1,1,8,1,1,1,True,True,True,True,1,2,-4,-4,False,75,18,1,1,1,0,3,-4,-4,2021,70,1,1,True,A+,True,True,True,False,True,True
NACC310162,-4,-4,-4,-4,-4,8,8,,-4,-4,8,-4,-4,-4,-4,-4,-4,-4,-4,-4,-4,-4,-4,1,0,1,1,0,True,False,True,True,1,2,-4,-4,False,85,14,2,1,1,0,4,-4,-4,-4,80,-4,-4,False,Unknown,False,False,True,False,False,True
NACC310623,25,11,9,12,30,8,8,,-4,-4,8,23,17,20,17,66,19,16,11,1,28,28,-4,1,8,8,8,0,True,False,True,True,8,8,-4,-4,False,70,18,1,1,1,0,1,-4,-4,-4,68,1,1,True,Unknown,True,False,True,False,False,True
NACC310656,96,96,-4,-4,-4,-4,-4,,-4,-4,-4,-4,-4,-4,-4,996,996,-4,-4,-4,-4,-4,0,0,1,1,1,0,False,False,False,False,0,7,0,0,False,91,16,1,1,1,0,4,-4,-4,8888,-4,-4,-4,False,Unknown,False,False,False,True,True,True
NACC311043,25,13,-4,-4,-4,-4,-4,,-4,-4,-4,-4,-4,-4,-4,58,38,-4,-4,-4,-4,-4,1,1,8,1,1,0,True,True,True,True,0,7,0,0,False,62,20,1,1,5,0,3,-4,-4,2005,-4,-4,-4,True,Unknown,False,True,True,False,True,True
NACC311300,12,12,-4,-4,-4,-4,-4,,-4,-4,-4,-4,-4,-4,-4,112,58,-4,-4,-4,-4,-4,0,0,8,1,2,0,True,False,True,True,1,2,0,1,False,88,17,1,1,1,0,2,-4,-4,8888,-4,-4,-4,False,Unknown,False,False,False,False,False,False
NACC311418,96,96,-4,-4,-4,-4,-4,,-4,-4,-4,-4,-4,-4,-4,996,996,-4,-4,-4,-4,-4,0,0,1,1,1,0,False,False,False,False,0,7,0,0,False,84,18,1,1,1,0,4,-4,-4,8888,-4,-4,-4,False,Unknown,False,False,False,True,True,True
NACC311773,10,9,-4,-4,-4,-4,-4,,-4,-4,-4,-4,-4,-4,-4,995,995,-4,-4,-4,-4,-4,0,0,1,1,2,0,False,False,False,True,1,1,0,1,False,60,16,1,1,1,0,4,-4,-4,8888,-4,-4,-4,False,Unknown,False,False,False,True,True,True
NACC312277,23,10,-4,-4,-4,-4,-4,,-4,-4,-4,-4,-4,-4,-4,40,18,-4,-4,-4,-4,-4,1,1,8,8,8,0,True,True,True,True,8,8,8,8,False,54,18,2,1,1,0,1,-4,-4,2008,-4,-4,-4,True,Unknown,False,True,True,False,True,True
NACC312312,9,5,6,6,16,8,8,,-4,-4,8,4,4,0,0,996,119,16,0,1,10,11,0,0,0,1,2,0,True,False,True,True,1,1,-4,-4,False,89,12,2,5,5,0,4,-4,-4,8888,86,8,1,False,Unknown,True,False,False,False,False,False
NACC312704,5,2,-4,-4,-4,-4,-4,,-4,-4,-4,-4,-4,-4,-4,996,100,-4,-4,-4,-4,-4,0,0,1,1,1,0,True,True,True,True,0,7,0,0,False,80,12,2,2,1,1,4,-4,-4,8888,-4,-4,-4,False,Unknown,False,False,False,True,True,True
NACC312789,13,10,11,11,31,8,8,,-4,-4,8,23,16,25,18,298,90,13,6,0,24,25,0,1,8,1,1,0,True,False,True,True,0,7,-4,-4,False,87,12,2,1,1,0,3,-4,-4,8888,888,1,1,False,Unknown,True,False,True,False,False,True
NACC312856,12,11,-4,-4,-4,-4,-4,,-4,-4,-4,-4,-4,-4,-4,156,36,-4,-4,-4,-4,-4,0,0,8,1,1,0,True,False,True,True,1,2,0,1,False,60,12,1,1,1,0,3,-4,-4,8888,-4,-4,-4,True,Unknown,False,False,False,False,False,False
NACC312969,15,11,-4,-4,-4,-4,-4,,-4,-4,-4,-4,-4,-4,-4,155,24,-4,-4,-4,-4,-4,0,0,1,1,2,0,True,False,True,True,1,1,0,1,False,77,13,1,1,2,0,4,-4,-4,8888,-4,-4,-4,False,Unknown,False,False,False,True,True,True
NACC313097,96,96,-4,-4,-4,-4,-4,,-4,-4,-4,-4,-4,-4,-4,996,996,-4,-4,-4,-4,-4,0,0,1,1,1,0,False,True,False,False,0,7,0,0,False,68,12,1,1,1,0,4,-4,-4,8888,-4,-4,-4,False,Unknown,False,False,False,True,True,True
NACC313298,4,3,-4,-4,-4,-4,-4,,-4,-4,-4,-4,-4,-4,-4,996,996,-4,-4,-4,-4,-4,0,0,1,1,1,0,False,True,False,False,0,7,0,0,False,63,20,2,1,1,0,4,-4,-4,8888,-4,-4,-4,True,Unknown,False,False,False,True,True,True
NACC313360,11,9,7,9,27,8,1,,-4,-4,8,13,8,8,7,138,42,12,6,0,18,18,0,0,8,0,7,0,True,True,False,True,0,7,-4,-4,False,65,16,2,1,1,0,3,-4,-4,8888,58,0,1,False,A+,True,False,False,False,False,False
NACC313459,12,11,21,14,32,8,8,,-4,-4,8,18,15,19,16,165,65,13,11,1,27,27,-4,1,8,1,1,1,True,False,True,True,0,7,-4,-4,False,70,18,1,1,1,0,3,-4,-4,-4,61,0,1,True,Unknown,True,False,True,False,False,True
NACC314352,21,11,17,15,27,8,8,,-4,-4,8,18,13,11,11,89,29,15,2,0,23,23,0,0,1,1,1,1,True,False,True,True,0,7,-4,-4,False,70,18,2,1,1,0,4,-4,-4,8888,68,1,1,False,Unknown,True,False,False,True,True,True
NACC314973,15,5,-4,-4,-4,-4,-4,,-4,-4,-4,-4,-4,-4,-4,300,67,-4,-4,-4,-4,-4,1,1,0,1,2,0,True,True,True,True,1,1,1,0,False,80,18,1,1,1,0,4,-4,-4,2012,-4,-4,-4,False,Unknown,False,True,True,False,True,True
NACC315045,6,5,4,1,20,0,0,,-4,-4,0,7,4,1,1,998,146,14,97,97,12,12,0,0,1,1,1,0,True,True,True,True,0,7,-4,-4,False,78,16,1,1,1,0,4,-4,-4,8888,75,1,1,True,A-,True,False,False,True,True,True
NACC315086,15,9,15,13,-4,8,8,,-4,-4,8,17,12,1,2,-4,-4,-4,-4,-4,-4,-4,-4,0,1,1,2,0,False,False,False,False,1,1,-4,-4,False,78,16,1,1,1,0,4,-4,-4,-4,-4,-4,-4,False,Unknown,False,False,False,True,True,True
NACC315713,2,0,-4,-4,-4,-4,-4,,-4,-4,-4,-4,-4,-4,-4,996,150,-4,-4,-4,-4,-4,0,0,1,1,2,0,True,False,True,True,1,1,1,0,False,76,16,2,1,1,0,4,-4,-4,8888,-4,-4,-4,True,Unknown,False,False,False,True,True,True
NACC315869,20,10,-4,-4,-4,-4,-4,,-4,-4,-4,-4,-4,-4,-4,96,23,-4,-4,-4,-4,-4,1,1,8,8,8,0,True,True,True,True,8,8,8,8,False,71,12,1,1,1,0,1,-4,-4,2008,-4,-4,-4,True,Unknown,False,True,True,False,True,True
NACC316021,8,6,-4,-4,-4,-4,-4,,-4,-4,-4,-4,-4,-4,-4,995,150,-4,-4,-4,-4,-4,0,0,1,1,1,0,False,True,False,False,0,7,0,0,False,70,14,2,1,1,0,4,-4,-4,8888,-4,-4,-4,True,Unknown,False,False,False,True,True,True
NACC316200,12,11,-4,-4,-4,-4,-4,,-4,-4,-4,-4,-4,-4,-4,153,68,-4,-4,-4,-4,-4,0,1,8,8,8,0,True,False,True,True,8,8,8,8,False,78,12,2,1,5,0,1,-4,-4,8888,-4,-4,-4,False,Unknown,False,False,True,False,False,True
NACC316957,12,7,-4,-4,-4,-4,-4,,-4,-4,-4,-4,-4,-4,-4,158,32,-4,-4,-4,-4,-4,1,1,8,1,1,0,True,True,True,True,0,7,0,0,False,59,20,2,1,2,0,3,-4,-4,2003,-4,-4,-4,True,Unknown,False,True,True,False,True,True
NACC317095,4,2,-4,-4,-4,-4,-4,,-4,-4,-4,-4,-4,-4,-4,996,150,-4,-4,-4,-4,-4,1,1,1,1,1,0,False,True,False,False,0,7,0,0,False,71,13,1,1,1,0,4,-4,-4,1999,-4,-4,-4,False,Unknown,False,True,True,True,True,True
NACC317344,9,4,-4,-4,-4,-4,-4,,-4,-4,-4,-4,-4,-4,-4,300,79,-4,-4,-4,-4,-4,0,0,1,1,1,0,False,False,False,False,0,7,0,0,False,88,16,2,1,1,0,4,-4,-4,8888,-4,-4,-4,False,Unknown,False,False,False,True,True,True
NACC318082,8,5,-4,-4,-4,-4,-4,,-4,-4,-4,-4,-4,-4,-4,300,39,-4,-4,-4,-4,-4,0,0,1,1,1,0,True,False,True,True,0,7,0,0,False,69,99,1,1,1,0,4,-4,-4,8888,-4,-4,-4,False,Unknown,False,False,False,True,True,True
NACC318126,8,8,-4,-4,-4,-4,-4,,-4,-4,-4,-4,-4,-4,-4,998,107,-4,-4,-4,-4,-4,0,0,1,1,1,0,True,False,True,True,1,2,0,1,False,65,14,2,1,2,0,4,-4,-4,8888,-4,-4,-4,False,Unknown,False,False,False,True,True,True
NACC318349,14,15,-4,-4,-4,-4,-4,,-4,-4,-4,-4,-4,-4,-4,79,48,-4,-4,-4,-4,-4,1,1,8,1,1,0,True,True,True,True,0,7,0,0,False,67,20,2,1,1,0,3,-4,-4,2011,-4,-4,-4,True,Unknown,False,True,True,False,True,True
NACC318432,14,9,-4,-4,-4,-4,-4,,-4,-4,-4,-4,-4,-4,-4,996,88,-4,-4,-4,-4,-4,0,0,1,1,1,0,True,False,True,True,1,2,1,0,False,76,12,2,1,1,0,4,-4,-4,8888,-4,-4,-4,False,Unknown,False,False,False,True,True,True
NACC318565,24,17,20,17,32,8,8,,-4,-4,8,22,16,24,17,52,32,14,10,1,28,28,-4,1,8,8,8,0,True,False,True,True,8,8,-4,-4,False,80,19,1,1,1,0,1,-4,-4,-4,78,1,1,True,Unknown,True,False,True,False,False,True
NACC319339,16,10,-4,-4,-4,-4,-4,,-4,-4,-4,-4,-4,-4,-4,104,38,-4,-4,-4,-4,-4,0,0,8,1,1,1,True,True,True,True,0,7,0,0,False,55,16,1,1,1,0,3,-4,-4,8888,-4,-4,-4,True,Unknown,False,False,False,False,False,False
NACC319509,14,6,10,9,30,8,8,,-4,-4,8,17,14,18,14,300,49,16,3,1,22,22,0,0,1,1,1,1,True,False,True,True,0,7,-4,-4,False,63,18,1,1,1,0,4,-4,-4,8888,62,1,1,False,Unknown,True,False,False,True,True,True
NACC319823,14,9,-4,-4,-4,-4,-4,,-4,-4,-4,-4,-4,-4,-4,300,78,-4,-4,-4,-4,-4,0,0,1,1,2,0,True,False,True,True,1,1,1,0,False,79,16,1,1,1,0,4,-4,-4,8888,-4,-4,-4,False,Unknown,False,False,False,True,True,True
NACC319913,3,4,-4,-4,-4,-4,-4,,-4,-4,-4,-4,-4,-4,-4,997,149,-4,-4,-4,-4,-4,0,0,1,1,1,0,True,True,True,True,1,2,0,1,False,84,16,1,1,1,0,4,-4,-4,8888,-4,-4,-4,False,Unknown,False,False,False,True,True,True
NACC320111,6,6,-4,-4,-4,-4,-4,,-4,-4,-4,-4,-4,-4,-4,300,144,-4,-4,-4,-4,-4,0,0,1,1,1,0,True,True,True,True,0,7,0,0,False,76,12,2,1,2,0,4,-4,-4,8888,-4,-4,-4,False,Unknown,False,False,False,True,True,True
NACC320190,96,96,-4,-4,-4,-4,-4,,-4,-4,-4,-4,-4,-4,-4,996,996,-4,-4,-4,-4,-4,0,0,1,1,1,0,False,True,False,False,0,7,0,0,False,85,8,1,1,1,0,4,-4,-4,8888,-4,-4,-4,False,Unknown,False,False,False,True,True,True
NACC320321,-4,-4,-4,-4,-4,8,8,,-4,-4,8,-4,-4,-4,-4,-4,-4,-4,-4,-4,-4,-4,-4,0,1,1,1,0,False,False,False,False,0,7,-4,-4,False,96,16,1,1,1,0,4,-4,-4,-4,888,-4,-4,False,Unknown,False,False,False,True,True,True
NACC320352,97,97,-4,-4,-4,-4,-4,,-4,-4,-4,-4,-4,-4,-4,997,997,-4,-4,-4,-4,-4,1,1,0,1,3,0,True,True,True,True,1,1,1,0,False,88,8,2,1,1,0,4,-4,-4,2008,-4,-4,-4,True,Unknown,False,True,True,False,True,True
NACC320608,13,10,9,9,26,8,8,,-4,-4,8,15,13,11,13,80,30,15,4,1,18,19,-4,1,8,1,1,0,True,False,True,True,0,7,-4,-4,False,88,12,2,1,1,0,3,-4,-4,-4,88,1,1,True,Unknown,True,False,True,False,False,True
NACC320888,2,1,3,1,23,1,8,,-4,-4,8,0,0,0,1,996,150,4,1,0,6,6,-4,0,0,1,2,0,True,False,True,True,1,1,-4,-4,False,55,16,2,1,1,0,4,-4,-4,-4,55,1,1,False,A+,True,False,False,False,False,False
NACC320998,3,2,6,3,21,1,8,,-4,-4,8,14,9,8,5,300,108,14,3,0,6,6,1,1,1,1,2,0,True,True,True,True,1,1,-4,-4,False,76,18,1,1,1,0,4,-4,-4,2018,70,0,1,False,A+,True,True,True,True,True,True
NACC321227,96,96,-4,-4,-4,-4,-4,,-4,-4,-4,-4,-4,-4,-4,996,996,-4,-4,-4,-4,-4,1,1,1,1,1,0,False,True,False,False,0,7,0,0,False,85,13,2,1,1,0,4,-4,-4,2002,-4,-4,-4,False,Unknown,False,True,True,True,True,True
NACC321664,16,13,-4,-4,-4,-4,-4,,-4,-4,-4,-4,-4,-4,-4,88,24,-4,-4,-4,-4,-4,1,1,8,1,2,0,True,True,True,True,1,2,0,1,False,74,18,2,1,1,0,3,-4,-4,9999,-4,-4,-4,True,Unknown,False,True,True,False,True,True
NACC321666,16,13,-4,-4,-4,-4,-4,,-4,-4,-4,-4,-4,-4,-4,269,59,-4,-4,-4,-4,-4,0,0,8,1,1,0,True,False,True,True,0,7,0,0,False,68,18,1,1,1,0,3,-4,-4,8888,-4,-4,-4,False,Unknown,False,False,False,False,False,False
NACC321788,8,6,-4,-4,-4,-4,-4,,-4,-4,-4,-4,-4,-4,-4,300,139,-4,-4,-4,-4,-4,0,0,1,1,1,0,False,True,False,False,0,7,0,0,False,76,11,1,1,1,0,4,-4,-4,8888,-4,-4,-4,False,Unknown,False,False,False,True,True,True
NACC321864,10,6,-4,-4,-4,-4,-4,,-4,-4,-4,-4,-4,-4,-4,996,113,-4,-4,-4,-4,-4,0,0,1,1,1,0,False,True,False,True,1,2,0,1,False,60,16,1,1,1,0,4,-4,-4,8888,-4,-4,-4,False,Unknown,False,False,False,True,True,True
NACC322238,15,11,14,15,31,8,8,,-4,-4,8,21,15,19,15,132,38,15,13,1,27,27,-4,1,8,0,7,0,True,False,True,True,0,7,-4,-4,False,77,19,1,1,1,0,2,-4,-4,-4,76,1,1,False,Unknown,True,False,True,False,False,True
NACC322507,3,0,-4,-4,-4,-4,-4,,-4,-4,-4,-4,-4,-4,-4,996,996,-4,-4,-4,-4,-4,0,1,1,1,1,0,True,True,True,True,0,7,0,0,False,76,8,2,1,1,0,4,-4,-4,8888,-4,-4,-4,False,Unknown,False,False,True,True,True,True
NACC322910,11,11,-4,-4,-4,-4,-4,,-4,-4,-4,-4,-4,-4,-4,140,55,-4,-4,-4,-4,-4,1,1,8,1,1,0,True,True,True,True,0,7,0,0,False,72,20,1,1,1,0,3,-4,-4,1985,-4,-4,-4,True,Unknown,False,True,True,False,True,True
NACC323379,11,2,-4,-4,-4,-4,-4,,-4,-4,-4,-4,-4,-4,-4,300,61,-4,-4,-4,-4,-4,0,0,1,1,1,0,False,True,False,True,1,2,0,1,False,62,17,1,1,1,0,4,-4,-4,8888,-4,-4,-4,False,Unknown,False,False,False,True,True,True
NACC323703,8,3,-4,-4,-4,-4,-4,,-4,-4,-4,-4,-4,-4,-4,996,150,-4,-4,-4,-4,-4,0,0,1,1,2,0,False,False,False,False,1,1,1,0,False,64,14,1,1,1,0,4,-4,-4,8888,-4,-4,-4,False,Unknown,False,False,False,True,True,True
NACC324303,13,6,-4,-4,-4,-4,-4,,-4,-4,-4,-4,-4,-4,-4,153,40,-4,-4,-4,-4,-4,0,0,1,1,2,0,False,True,False,True,1,1,1,0,False,82,18,1,1,1,0,4,-4,-4,8888,-4,-4,-4,False,Unknown,False,False,False,True,True,True
NACC324497,-4,-4,-4,-4,-4,-4,-4,,-4,-4,-4,-4,-4,-4,-4,-4,-4,-4,-4,-4,-4,-4,0,0,8,1,1,0,True,True,True,True,0,7,0,0,False,77,16,1,1,1,0,3,-4,-4,8888,-4,-4,-4,False,Unknown,False,False,False,False,False,False
NACC324566,97,97,-4,-4,-4,-4,-4,,-4,-4,-4,-4,-4,-4,-4,997,997,-4,-4,-4,-4,-4,9,0,1,1,1,0,False,True,False,False,0,7,0,0,False,73,5,1,1,1,0,4,-4,-4,8888,-4,-4,-4,False,Unknown,False,False,False,True,True,True
NACC324653,8,10,5,15,29,8,8,,-4,-4,8,6,6,1,2,996,53,13,0,0,11,12,-4,0,1,1,2,0,True,False,True,True,1,1,-4,-4,False,81,12,1,1,1,0,4,-4,-4,-4,80,0,1,False,Unknown,True,False,False,True,True,True
NACC324690,7,4,-4,-4,-4,-4,-4,,-4,-4,-4,-4,-4,-4,-4,300,48,-4,-4,-4,-4,-4,0,0,1,1,1,0,False,False,False,True,0,7,0,0,False,88,16,2,1,1,0,4,-4,-4,8888,-4,-4,-4,False,Unknown,False,False,False,True,True,True
NACC324973,20,13,25,20,27,8,8,,-4,-4,8,14,14,19,13,120,32,17,12,1,26,27,-4,1,8,8,8,1,True,False,True,True,8,8,-4,-4,False,82,12,2,1,1,0,1,-4,-4,-4,66,1,1,True,Unknown,True,False,True,False,False,True
NACC325506,18,12,-4,-4,-4,-4,-4,,-4,-4,-4,-4,-4,-4,-4,110,37,-4,-4,-4,-4,-4,0,1,8,1,1,0,True,False,True,True,0,7,0,0,False,76,14,1,1,1,0,3,-4,-4,8888,-4,-4,-4,False,Unknown,False,False,True,False,False,True
NACC325623,18,8,-4,-4,-4,-4,-4,,-4,-4,-4,-4,-4,-4,-4,285,77,-4,-4,-4,-4,-4,0,0,1,1,1,1,True,True,True,True,0,7,0,0,False,77,14,1,9,1,0,4,-4,-4,8888,-4,-4,-4,False,Unknown,False,False,False,True,True,True
NACC326036,14,11,11,14,29,8,1,,-4,-4,8,14,10,14,9,88,38,12,10,1,19,19,0,0,8,1,1,1,True,False,True,True,0,7,-4,-4,False,65,14,1,1,1,0,3,-4,-4,8888,63,0,1,False,A+,True,False,False,False,False,False
NACC326384,-4,-4,-4,-4,-4,-4,-4,,-4,-4,-4,-4,-4,-4,-4,-4,-4,-4,-4,-4,-4,-4,1,1,0,1,1,0,True,True,True,True,0,7,0,0,False,64,16,1,2,1,1,4,-4,-4,2001,-4,-4,-4,True,Unknown,False,True,True,False,True,True
NACC326741,-4,-4,-4,-4,-4,-4,-4,,-4,-4,-4,-4,-4,-4,-4,-4,-4,-4,-4,-4,-4,-4,1,1,8,1,1,0,True,True,True,True,0,7,0,0,False,64,16,1,1,1,0,3,-4,-4,2006,-4,-4,-4,True,Unknown,False,True,True,False,True,True
NACC326852,6,4,-4,-4,-4,-4,-4,,-4,-4,-4,-4,-4,-4,-4,996,150,-4,-4,-4,-4,-4,1,1,1,1,1,0,False,True,False,False,0,7,0,0,False,60,14,1,1,1,0,4,-4,-4,2003,-4,-4,-4,True,Unknown,False,True,True,True,True,True
NACC327707,17,13,-4,-4,-4,-4,-4,,-4,-4,-4,-4,-4,-4,-4,102,41,-4,-4,-4,-4,-4,1,1,8,1,1,0,True,True,True,True,0,7,0,0,False,70,12,1,1,1,0,3,-4,-4,1999,-4,-4,-4,True,Unknown,False,True,True,False,True,True
NACC327714,18,9,9,10,28,0,8,,-4,-4,8,15,9,13,10,300,25,14,10,1,23,24,9,0,8,1,1,1,True,False,True,True,0,7,-4,-4,False,62,12,1,1,1,0,3,-4,-4,8888,55,1,1,False,A-,True,False,False,False,False,False
NACC327875,3,3,10,8,26,1,8,,-4,-4,1,97,97,97,97,996,996,1,1,0,14,14,-4,1,0,1,2,0,True,False,True,True,1,1,-4,-4,False,71,20,1,1,1,0,4,-4,-4,-4,64,1,1,True,A+,True,False,True,False,False,True
NACC328097,-4,-4,-4,-4,-4,-4,-4,,-4,-4,-4,-4,-4,-4,-4,-4,-4,-4,-4,-4,-4,-4,0,0,1,1,1,0,True,True,True,True,0,7,0,0,False,64,2,2,2,1,1,4,-4,-4,8888,-4,-4,-4,False,Unknown,False,False,False,True,True,True
NACC328654,18,6,-4,-4,-4,-4,-4,,-4,-4,-4,-4,-4,-4,-4,300,48,-4,-4,-4,-4,-4,1,1,8,1,1,0,True,True,True,True,0,7,0,0,False,75,18,1,1,1,0,3,-4,-4,2007,-4,-4,-4,True,Unknown,False,True,True,False,True,True
NACC328810,22,8,11,11,30,8,8,,-4,-4,8,15,12,19,13,60,25,13,11,1,25,25,1,1,8,8,8,0,True,True,True,True,8,8,-4,-4,False,74,20,1,1,1,0,1,-4,-4,2016,71,1,1,True,Unknown,True,True,True,False,True,True
NACC328869,14,9,6,8,31,1,8,,-4,-4,8,14,11,6,6,159,49,14,8,1,23,23,0,0,8,1,2,0,True,False,True,True,1,1,-4,-4,False,79,18,1,1,1,0,3,-4,-4,8888,78,1,1,False,A+,True,False,False,False,False,False
NACC328897,13,10,-4,-4,-4,-4,-4,,-4,-4,-4,-4,-4,-4,-4,300,57,-4,-4,-4,-4,-4,0,0,1,1,2,0,True,False,True,True,1,1,0,1,False,84,9,1,1,1,0,4,-4,-4,8888,-4,-4,-4,False,Unknown,False,False,False,True,True,True
NACC329009,97,97,-4,-4,-4,-4,-4,,-4,-4,-4,-4,-4,-4,-4,997,997,-4,-4,-4,-4,-4,1,1,1,1,1,0,True,True,True,True,1,2,0,1,False,82,16,1,1,1,0,4,-4,-4,2003,-4,-4,-4,True,Unknown,False,True,True,True,True,True
NACC329444,5,2,-4,-4,-4,-4,-4,,-4,-4,-4,-4,-4,-4,-4,996,996,-4,-4,-4,-4,-4,0,0,1,1,2,0,False,False,False,False,1,1,1,0,False,81,18,1,1,1,0,4,-4,-4,8888,-4,-4,-4,False,Unknown,False,False,False,True,True,True
NACC329474,9,5,-4,-4,-4,-4,-4,,-4,-4,-4,-4,-4,-4,-4,203,59,-4,-4,-4,-4,-4,0,0,1,1,2,0,True,True,True,True,1,2,0,1,False,77,20,1,1,1,0,4,-4,-4,8888,-4,-4,-4,False,Unknown,False,False,False,True,True,True
NACC329672,10,8,4,9,32,8,8,,-4,-4,8,26,18,21,12,104,54,14,97,97,26,26,0,0,8,1,1,1,True,False,True,True,0,7,-4,-4,False,71,18,1,1,1,0,3,-4,-4,8888,68,1,1,True,Unknown,True,False,False,False,False,False
NACC329721,12,5,-4,-4,-4,-4,-4,,-4,-4,-4,-4,-4,-4,-4,121,62,-4,-4,-4,-4,-4,0,0,1,1,1,0,False,False,False,True,1,2,1,0,False,81,10,1,1,1,0,4,-4,-4,8888,-4,-4,-4,False,Unknown,False,False,False,True,True,True
NACC329791,15,9,-4,-4,-4,-4,-4,,-4,-4,-4,-4,-4,-4,-4,300,81,-4,-4,-4,-4,-4,0,0,1,1,2,0,True,False,True,True,1,1,1,0,False,68,18,2,1,1,0,4,-4,-4,8888,-4,-4,-4,False,Unknown,False,False,False,True,True,True
NACC329871,5,8,-4,-4,-4,-4,-4,,-4,-4,-4,-4,-4,-4,-4,300,101,-4,-4,-4,-4,-4,0,0,8,1,2,0,True,False,True,True,1,2,0,1,False,76,16,1,1,1,0,3,-4,-4,8888,-4,-4,-4,False,Unknown,False,False,False,False,False,False
NACC330241,96,96,18,96,96,8,1,,-4,-4,8,96,96,96,96,996,996,96,96,96,14,14,0,0,0,1,2,0,True,False,True,True,1,1,-4,-4,False,58,18,2,1,1,0,4,-4,-4,8888,888,1,1,False,A+,False,False,False,False,False,False
NACC330296,8,7,2,4,32,8,8,,-4,-4,8,5,6,6,6,996,79,14,2,1,21,21,-4,0,1,1,1,0,True,False,True,True,0,7,-4,-4,False,78,15,1,1,1,0,4,-4,-4,-4,77,1,1,False,Unknown,True,False,False,True,True,True
NACC330476,4,2,2,0,26,8,8,,-4,-4,8,3,2,1,1,996,996,1,0,0,6,6,0,0,1,1,1,0,True,True,True,True,0,7,-4,-4,False,64,20,1,1,1,0,4,-4,-4,8888,56,1,1,True,Unknown,True,False,False,True,True,True
NACC330606,17,11,9,10,29,8,8,,-4,-4,8,16,10,14,9,104,48,14,6,1,23,23,0,0,8,1,1,1,True,True,True,True,0,7,-4,-4,False,61,17,1,1,1,0,3,-4,-4,8888,60,0,1,False,Unknown,True,False,False,False,False,False
NACC331185,2,97,-4,-4,-4,-4,-4,,-4,-4,-4,-4,-4,-4,-4,996,150,-4,-4,-4,-4,-4,0,0,1,1,1,0,True,False,True,True,0,7,0,0,False,73,20,1,1,1,0,4,-4,-4,8888,-4,-4,-4,False,Unknown,False,False,False,True,True,True
NACC331186,25,10,-4,-4,-4,-4,-4,,-4,-4,-4,-4,-4,-4,-4,212,50,-4,-4,-4,-4,-4,1,1,8,1,1,0,True,True,True,True,0,7,0,0,False,70,18,1,1,1,0,3,-4,-4,2003,-4,-4,-4,True,Unknown,False,True,True,False,True,True
NACC331274,6,8,96,96,20,8,0,,-4,-4,8,6,5,2,2,996,996,0,0,0,16,16,-4,1,0,1,3,0,True,False,True,True,0,7,-4,-4,False,65,14,2,1,1,0,4,-4,-4,-4,64,0,1,False,A-,False,False,True,False,False,True
NACC331277,17,6,13,7,31,8,8,,-4,-4,8,24,15,18,13,149,60,17,14,1,24,24,0,0,8,1,1,0,True,True,True,True,1,3,-4,-4,False,80,18,1,1,1,0,3,-4,-4,8888,74,1,1,False,Unknown,True,False,False,False,False,False
NACC331329,15,6,-4,-4,-4,-4,-4,,-4,-4,-4,-4,-4,-4,-4,141,63,-4,-4,-4,-4,-4,0,1,8,1,1,0,True,True,True,True,0,7,0,0,False,68,8,1,2,50,1,3,-4,-4,8888,-4,-4,-4,False,Unknown,False,False,True,False,False,True
NACC331862,1,97,-4,-4,-4,-4,-4,,-4,-4,-4,-4,-4,-4,-4,996,150,-4,-4,-4,-4,-4,0,0,1,1,2,0,False,False,False,False,1,1,0,1,False,65,16,1,1,1,1,4,-4,-4,8888,-4,-4,-4,False,Unknown,False,False,False,True,True,True
NACC332057,8,7,-4,-4,-4,-4,-4,,-4,-4,-4,-4,-4,-4,-4,996,88,-4,-4,-4,-4,-4,0,0,1,1,2,0,True,False,True,True,1,1,1,0,False,82,20,1,8,1,0,4,-4,-4,8888,-4,-4,-4,False,Unknown,False,False,False,True,True,True
NACC332393,11,11,-4,-4,-4,-4,-4,,-4,-4,-4,-4,-4,-4,-4,997,68,-4,-4,-4,-4,-4,0,0,1,1,1,0,False,False,False,False,1,2,0,1,False,76,5,2,2,99,1,4,-4,-4,8888,-4,-4,-4,False,Unknown,False,False,False,True,True,True
NACC333464,14,9,8,6,28,8,8,,-4,-4,8,2,2,0,1,996,150,14,8,1,18,18,0,0,8,1,1,0,True,False,True,True,1,2,-4,-4,False,73,18,2,1,1,0,3,-4,-4,8888,70,0,0,False,Unknown,True,False,False,False,False,False
NACC333630,6,10,-4,-4,-4,-4,-4,,-4,-4,-4,-4,-4,-4,-4,300,150,-4,-4,-4,-4,-4,0,0,1,1,1,0,False,True,False,True,0,7,0,0,False,68,16,1,1,1,1,4,-4,-4,8888,-4,-4,-4,False,Unknown,False,False,False,True,True,True
NACC333642,9,4,-4,-4,-4,-4,-4,,-4,-4,-4,-4,-4,-4,-4,996,996,-4,-4,-4,-4,-4,0,0,1,1,2,0,False,False,False,False,1,1,1,0,False,73,16,1,1,1,0,4,-4,-4,8888,-4,-4,-4,False,Unknown,False,False,False,True,True,True
NACC333750,10,5,13,12,30,8,8,,-4,-4,8,8,6,1,2,300,97,11,3,0,14,14,-4,1,0,0,7,0,True,False,True,True,1,1,-4,-4,False,84,16,1,1,1,0,4,-4,-4,-4,81,0,1,False,Unknown,True,False,True,False,False,True
NACC334172,10,5,-4,-4,-4,-4,-4,,-4,-4,-4,-4,-4,-4,-4,996,121,-4,-4,-4,-4,-4,1,1,0,1,1,0,True,True,True,True,0,7,0,0,False,74,20,2,1,1,0,4,-4,-4,9999,-4,-4,-4,True,Unknown,False,True,True,False,True,True
NACC334305,96,96,96,96,-4,8,8,,-4,-4,8,96,96,96,96,-4,-4,-4,-4,-4,-4,-4,0,0,1,1,2,0,True,True,True,True,0,7,-4,-4,True,75,19,1,1,1,0,4,-4,-4,8888,72,0,1,True,Unknown,False,False,False,True,True,True
NACC334335,19,12,-4,-4,-4,-4,-4,,-4,-4,-4,-4,-4,-4,-4,997,997,-4,-4,-4,-4,-4,0,0,8,1,1,0,True,False,True,True,0,7,0,0,False,63,16,1,1,1,0,3,-4,-4,8888,-4,-4,-4,False,Unknown,False,False,False,False,False,False
NACC334706,8,2,-4,-4,-4,-4,-4,,-4,-4,-4,-4,-4,-4,-4,996,15,-4,-4,-4,-4,-4,1,0,1,1,2,0,True,True,True,True,1,1,0,1,False,74,15,1,1,1,0,4,-4,-4,2006,-4,-4,-4,True,Unknown,False,True,False,True,True,True
NACC334748,22,15,-4,-4,-4,-4,-4,,-4,-4,-4,-4,-4,-4,-4,300,39,-4,-4,-4,-4,-4,1,1,8,1,1,0,True,True,True,True,0,7,0,0,False,77,14,2,1,1,0,3,-4,-4,2007,-4,-4,-4,True,Unknown,False,True,True,False,True,True
NACC335442,13,5,-4,-4,-4,-4,-4,,-4,-4,-4,-4,-4,-4,-4,300,131,-4,-4,-4,-4,-4,0,0,1,1,2,0,True,False,True,True,1,1,1,0,False,95,20,1,1,1,0,4,-4,-4,8888,-4,-4,-4,False,Unknown,False,False,False,True,True,True
NACC335444,14,13,-4,-4,-4,-4,-4,,-4,-4,-4,-4,-4,-4,-4,83,49,-4,-4,-4,-4,-4,0,0,8,1,1,0,True,False,True,True,0,7,0,0,False,81,12,2,1,1,0,3,-4,-4,8888,-4,-4,-4,False,Unknown,False,False,False,False,False,False
NACC335581,-4,-4,-4,-4,-4,-4,-4,,-4,-4,-4,-4,-4,-4,-4,-4,-4,-4,-4,-4,-4,-4,0,0,1,1,1,0,False,False,False,False,0,7,0,0,False,73,99,1,1,1,0,4,-4,-4,8888,-4,-4,-4,True,Unknown,False,False,False,True,True,True
NACC336070,22,17,-4,-4,-4,-4,-4,,-4,-4,-4,-4,-4,-4,-4,64,30,-4,-4,-4,-4,-4,1,1,8,8,8,0,True,True,True,True,8,8,8,8,False,67,16,2,1,1,0,1,-4,-4,2005,-4,-4,-4,True,Unknown,False,True,True,False,True,True
NACC336763,10,8,15,9,28,8,8,,-4,-4,8,11,8,0,1,137,47,9,8,1,21,22,-4,0,8,1,1,1,True,False,True,True,0,7,-4,-4,False,85,12,1,1,1,0,3,-4,-4,-4,888,0,1,False,Unknown,True,False,False,False,False,False
NACC337311,28,9,12,8,29,0,8,,-4,-4,8,12,12,11,10,84,36,16,10,1,21,21,-4,0,8,1,1,0,True,False,True,True,0,7,-4,-4,False,68,15,1,1,1,0,3,-4,-4,-4,54,0,1,False,A-,True,False,False,False,False,False
NACC337655,16,5,-4,-4,-4,-4,-4,,-4,-4,-4,-4,-4,-4,-4,300,77,-4,-4,-4,-4,-4,0,0,1,1,2,0,False,False,False,False,1,1,1,0,False,74,16,1,1,1,0,4,-4,-4,8888,-4,-4,-4,False,Unknown,False,False,False,True,True,True
NACC338856,96,96,-4,-4,-4,-4,-4,,-4,-4,-4,-4,-4,-4,-4,996,996,-4,-4,-4,-4,-4,0,0,1,1,1,0,True,True,True,True,1,2,0,1,False,85,12,1,1,2,0,4,-4,-4,8888,-4,-4,-4,False,Unknown,False,False,False,True,True,True
NACC338951,11,3,16,13,26,8,8,,-4,-4,8,4,5,0,0,300,80,15,0,1,22,22,0,0,1,1,1,1,True,False,True,True,0,7,-4,-4,False,71,18,1,1,1,0,4,-4,-4,8888,69,1,1,True,Unknown,True,False,False,True,True,True
NACC339208,8,4,7,4,28,8,8,,-4,-4,8,17,13,10,8,996,150,98,98,98,16,16,1,0,1,1,1,1,True,True,True,True,0,7,-4,-4,False,71,18,1,1,1,0,4,-4,-4,2015,67,1,1,True,Unknown,True,True,False,True,True,True
NACC339373,7,8,-4,-4,-4,-4,-4,,-4,-4,-4,-4,-4,-4,-4,998,122,-4,-4,-4,-4,-4,0,0,1,1,2,0,True,False,True,True,1,1,0,1,False,81,16,2,1,1,0,4,-4,-4,8888,-4,-4,-4,False,Unknown,False,False,False,True,True,True
NACC339405,96,96,-4,-4,-4,-4,-4,,-4,-4,-4,-4,-4,-4,-4,996,996,-4,-4,-4,-4,-4,0,0,1,1,1,0,False,False,False,False,0,7,0,0,False,63,18,2,1,1,0,4,-4,-4,8888,-4,-4,-4,False,Unknown,False,False,False,True,True,True
NACC340174,6,5,-4,-4,-4,-4,-4,,-4,-4,-4,-4,-4,-4,-4,140,37,-4,-4,-4,-4,-4,0,0,1,1,2,0,False,False,False,False,1,1,1,0,False,77,18,1,1,2,0,4,-4,-4,8888,-4,-4,-4,False,Unknown,False,False,False,True,True,True
NACC340799,15,4,9,4,24,8,8,,-4,-4,8,16,11,13,9,996,53,16,5,0,13,13,-4,1,0,0,7,0,True,False,True,True,1,2,-4,-4,False,95,16,1,1,2,0,4,-4,-4,-4,90,0,1,False,Unknown,True,False,True,False,False,True
NACC340838,23,6,19,17,31,8,8,,-4,-4,8,24,17,18,13,996,39,14,9,0,23,23,-4,1,0,0,7,0,True,False,True,True,1,1,-4,-4,False,82,20,1,1,1,0,4,-4,-4,-4,81,1,1,False,Unknown,True,False,True,False,False,True
NACC341659,19,22,-4,-4,-4,-4,-4,,-4,-4,-4,-4,-4,-4,-4,64,31,-4,-4,-4,-4,-4,1,1,8,8,8,0,True,True,True,True,8,8,8,8,False,68,18,2,8,1,0,1,-4,-4,2006,-4,-4,-4,True,Unknown,False,True,True,False,True,True
NACC341878,19,11,11,9,27,8,0,,-4,-4,8,12,11,14,11,116,57,17,14,1,20,21,0,0,1,1,1,1,True,True,True,True,0,7,-4,-4,True,57,12,1,1,1,0,4,-4,-4,8888,55,1,1,False,A-,True,False,False,True,True,True
NACC342183,11,8,-4,-4,-4,-4,-4,,-4,-4,-4,-4,-4,-4,-4,165,37,-4,-4,-4,-4,-4,0,0,8,1,1,0,True,False,True,True,0,7,0,0,False,64,12,2,1,1,0,3,-4,-4,8888,-4,-4,-4,True,Unknown,False,False,False,False,False,False
NACC342478,16,13,-4,-4,-4,-4,-4,,-4,-4,-4,-4,-4,-4,-4,118,54,-4,-4,-4,-4,-4,1,1,8,1,3,0,True,True,True,True,0,7,0,0,False,70,13,2,1,1,0,2,-4,-4,2000,-4,-4,-4,True,Unknown,False,True,True,False,True,True
NACC342872,2,4,-4,-4,-4,-4,-4,,-4,-4,-4,-4,-4,-4,-4,52,19,-4,-4,-4,-4,-4,0,0,1,1,2,0,True,True,True,True,1,1,1,0,False,61,14,1,1,1,0,4,-4,-4,8888,-4,-4,-4,False,Unknown,False,False,False,True,True,True
NACC343268,21,16,-4,-4,-4,-4,-4,,-4,-4,-4,-4,-4,-4,-4,50,22,-4,-4,-4,-4,-4,0,1,8,1,1,0,True,False,True,True,0,7,0,0,False,81,20,1,1,1,0,2,-4,-4,8888,-4,-4,-4,False,Unknown,False,False,True,False,False,True
NACC343969,5,1,-4,-4,-4,-4,-4,,-4,-4,-4,-4,-4,-4,-4,300,147,-4,-4,-4,-4,-4,1,1,1,1,1,0,False,True,False,False,1,2,0,1,False,86,18,1,1,1,0,4,-4,-4,2005,-4,-4,-4,False,Unknown,False,True,True,True,True,True
NACC344527,11,3,-4,-4,-4,-4,-4,,-4,-4,-4,-4,-4,-4,-4,996,996,-4,-4,-4,-4,-4,1,1,1,1,2,0,True,True,True,True,1,1,1,0,False,83,20,1,1,1,0,4,-4,-4,2007,-4,-4,-4,True,Unknown,False,True,True,True,True,True
NACC344573,17,7,-4,-4,-4,-4,-4,,-4,-4,-4,-4,-4,-4,-4,64,50,-4,-4,-4,-4,-4,1,1,8,1,1,0,True,True,True,True,0,7,0,0,False,68,22,1,1,1,0,3,-4,-4,1994,-4,-4,-4,True,Unknown,False,True,True,False,True,True
NACC344763,-4,-4,-4,-4,-4,-4,-4,,-4,-4,-4,-4,-4,-4,-4,-4,-4,-4,-4,-4,-4,-4,0,0,1,1,2,0,False,False,False,False,1,1,0,1,False,66,20,1,1,1,0,4,-4,-4,8888,-4,-4,-4,False,Unknown,False,False,False,True,True,True
NACC344768,18,14,13,11,31,8,8,,-4,-4,8,28,18,27,19,69,40,17,13,1,29,29,1,1,8,8,8,1,True,True,True,True,8,8,-4,-4,False,72,16,2,1,1,0,1,-4,-4,2007,58,1,1,True,Unknown,True,True,True,False,True,True
NACC345075,16,7,7,8,32,8,0,,-4,-4,8,24,15,14,12,300,118,14,15,0,21,21,0,0,1,1,1,1,True,True,True,True,0,7,-4,-4,True,76,20,1,1,1,0,4,-4,-4,8888,70,1,1,False,A-,True,False,False,True,True,True
NACC345086,14,17,-4,-4,-4,-4,-4,,-4,-4,-4,-4,-4,-4,-4,124,48,-4,-4,-4,-4,-4,9,0,1,1,2,0,False,True,False,True,1,1,0,1,False,71,12,2,1,1,0,4,-4,-4,8888,-4,-4,-4,True,Unknown,False,False,False,True,True,True
NACC345150,9,7,-4,-4,-4,-4,-4,,-4,-4,-4,-4,-4,-4,-4,300,58,-4,-4,-4,-4,-4,1,1,1,1,1,0,False,True,False,True,0,7,0,0,False,72,14,1,1,1,0,4,-4,-4,2005,-4,-4,-4,False,Unknown,False,True,True,True,True,True
NACC345174,24,11,16,18,31,8,8,,-4,-4,8,11,10,11,13,194,71,17,13,1,25,25,0,0,8,1,1,1,True,True,True,True,0,7,-4,-4,False,71,18,1,1,1,0,3,-4,-4,8888,67,1,1,True,Unknown,True,False,False,False,False,False
NACC345993,20,11,11,7,29,8,8,,-4,-4,8,97,97,97,97,149,38,97,97,97,21,21,1,0,1,1,1,1,True,True,True,True,0,7,-4,-4,False,68,16,1,1,1,0,4,-4,-4,2018,66,1,1,False,Unknown,True,True,False,True,True,True
NACC346140,97,97,97,97,97,8,8,,-4,-4,8,97,97,97,97,997,997,97,97,97,11,11,-4,0,1,1,2,0,False,False,False,False,1,1,-4,-4,False,87,18,2,1,1,0,4,-4,-4,-4,888,0,0,False,Unknown,False,False,False,True,True,True
NACC346738,10,7,-4,-4,-4,-4,-4,,-4,-4,-4,-4,-4,-4,-4,996,996,-4,-4,-4,-4,-4,0,0,1,1,1,0,False,True,False,False,0,7,0,0,False,86,12,1,1,1,0,4,-4,-4,8888,-4,-4,-4,True,Unknown,False,False,False,True,True,True
NACC347061,21,6,-4,-4,-4,-4,-4,,-4,-4,-4,-4,-4,-4,-4,201,48,-4,-4,-4,-4,-4,1,1,0,1,1,0,True,True,True,True,0,7,0,0,False,88,18,1,1,1,0,4,-4,-4,2006,-4,-4,-4,True,Unknown,False,True,True,False,True,True
NACC347236,15,9,13,14,31,8,8,,-4,-4,8,12,8,8,8,996,70,7,5,0,18,18,1,0,1,1,1,1,True,True,True,True,0,7,-4,-4,True,72,16,1,1,1,0,4,-4,-4,2016,68,1,1,True,Unknown,True,True,False,True,True,True
NACC348192,98,98,4,1,21,8,8,,-4,-4,8,0,0,98,98,300,72,15,7,1,13,13,-4,1,0,0,7,0,True,False,True,True,1,2,-4,-4,False,65,16,1,1,2,0,4,-4,-4,-4,64,0,1,True,Unknown,False,False,True,False,False,True
NACC348516,-4,-4,-4,-4,-4,8,8,,-4,-4,8,-4,-4,-4,-4,-4,-4,-4,-4,-4,-4,-4,-4,1,8,8,8,0,True,False,True,True,8,8,-4,-4,False,81,18,2,1,1,0,1,-4,-4,-4,77,-4,-4,True,Unknown,False,False,True,False,False,True
NACC348810,4,1,-4,-4,-4,-4,-4,,-4,-4,-4,-4,-4,-4,-4,996,150,-4,-4,-4,-4,-4,0,0,1,1,2,0,True,True,True,True,1,1,1,0,False,75,16,1,1,1,0,4,-4,-4,8888,-4,-4,-4,False,Unknown,False,False,False,True,True,True
NACC348974,14,8,10,10,32,8,8,,-4,-4,8,21,17,18,17,110,51,7,4,0,20,20,-4,1,8,8,8,0,True,False,True,True,8,8,-4,-4,False,83,16,1,1,1,0,1,-4,-4,-4,82,1,1,True,Unknown,True,False,True,False,False,True
NACC349879,9,6,-4,-4,-4,-4,-4,,-4,-4,-4,-4,-4,-4,-4,187,98,-4,-4,-4,-4,-4,0,0,1,1,2,0,False,False,False,False,1,2,0,1,False,72,20,1,1,1,0,4,-4,-4,8888,-4,-4,-4,False,Unknown,False,False,False,True,True,True
NACC349978,16,10,-4,-4,-4,-4,-4,,-4,-4,-4,-4,-4,-4,-4,85,27,-4,-4,-4,-4,-4,1,1,8,1,1,0,True,True,True,True,0,7,0,0,False,59,18,1,1,1,0,3,-4,-4,2001,-4,-4,-4,True,Unknown,False,True,True,False,True,True
NACC350371,28,11,-4,-4,-4,-4,-4,,-4,-4,-4,-4,-4,-4,-4,98,45,-4,-4,-4,-4,-4,0,0,8,1,1,1,True,False,True,True,0,7,0,0,False,73,18,1,1,1,0,2,-4,-4,8888,-4,-4,-4,False,Unknown,False,False,False,False,False,False
NACC350613,21,13,-4,-4,-4,-4,-4,,-4,-4,-4,-4,-4,-4,-4,166,33,-4,-4,-4,-4,-4,0,1,8,1,1,0,True,False,True,True,0,7,0,0,False,75,15,2,1,1,0,3,-4,-4,8888,-4,-4,-4,False,Unknown,False,False,True,False,False,True
NACC350663,24,8,12,14,32,8,8,elevated,-4,-4,8,25,17,21,14,260,67,15,8,1,25,25,0,0,8,1,1,0,True,False,True,True,0,7,-4,-4,False,72,19,1,1,1,0,3,-4,-4,8888,70,1,1,False,A+,True,False,False,False,False,False
NACC351396,21,10,-4,-4,-4,-4,-4,,-4,-4,-4,-4,-4,-4,-4,236,51,-4,-4,-4,-4,-4,1,1,8,1,1,0,True,True,True,True,0,7,0,0,False,74,12,1,1,3,0,2,-4,-4,9999,-4,-4,-4,False,Unknown,False,True,True,False,True,True
NACC351459,96,96,-4,-4,-4,-4,-4,,-4,-4,-4,-4,-4,-4,-4,996,996,-4,-4,-4,-4,-4,0,0,1,1,2,0,False,False,False,False,1,1,1,0,False,73,12,2,1,1,0,4,-4,-4,8888,-4,-4,-4,False,Unknown,False,False,False,True,True,True
NACC351595,12,11,7,7,32,8,8,,-4,-4,8,33,22,30,21,108,34,12,10,0,22,22,-4,0,8,1,1,1,True,False,True,True,0,7,-4,-4,True,81,20,1,1,1,0,3,-4,-4,-4,81,0,1,True,Unknown,True,False,False,False,False,False
NACC351775,18,14,9,11,31,8,8,,-4,-4,8,17,13,14,11,195,65,16,7,1,24,24,-4,1,8,1,1,0,True,False,True,True,0,7,-4,-4,False,93,18,2,1,1,0,3,-4,-4,-4,91,0,1,False,Unknown,True,False,True,False,False,True
NACC352078,96,96,96,96,-4,9,-4,,-4,9,-4,96,96,96,96,-4,-4,-4,-4,-4,-4,-4,0,-4,0,1,2,0,True,False,True,True,1,1,-4,-4,False,66,12,2,1,-4,0,4,-4,888,-4,-4,-4,-4,False,Unknown,False,False,False,False,False,False
NACC352745,15,7,5,8,21,8,1,,-4,-4,8,16,12,12,10,996,996,1,96,96,18,18,0,0,0,1,1,1,True,False,True,True,1,2,-4,-4,True,70,16,1,1,1,0,4,-4,-4,8888,69,1,1,False,A+,True,False,False,False,False,False
NACC353307,17,16,18,22,29,8,8,,-4,-4,8,27,20,26,19,69,37,13,10,1,22,22,0,0,8,1,1,0,True,False,True,True,0,7,-4,-4,False,78,18,1,1,1,0,3,-4,-4,8888,888,0,1,False,Unknown,True,False,False,False,False,False
NACC353942,2,0,-4,-4,-4,-4,-4,,-4,-4,-4,-4,-4,-4,-4,300,148,-4,-4,-4,-4,-4,1,1,1,1,1,0,True,True,True,True,0,7,0,0,False,84,12,2,1,1,0,4,-4,-4,2009,-4,-4,-4,True,Unknown,False,True,True,True,True,True
NACC353998,16,7,11,10,26,8,8,,-4,-4,8,17,12,17,9,997,35,10,5,1,24,24,-4,0,8,1,1,0,True,False,True,True,0,7,-4,-4,False,70,14,1,1,2,0,3,-4,-4,-4,888,0,1,False,Unknown,True,False,False,False,False,False
NACC354069,5,2,1,1,21,8,8,,-4,-4,8,4,4,8,7,996,996,98,98,98,88,88,-4,1,0,0,7,0,True,False,True,True,0,7,-4,-4,False,68,16,1,1,1,0,4,-4,-4,-4,61,1,1,False,Unknown,True,False,True,False,False,True
NACC354190,3,1,-4,-4,-4,-4,-4,,-4,-4,-4,-4,-4,-4,-4,997,150,-4,-4,-4,-4,-4,1,1,0,1,2,0,True,True,True,True,1,1,1,0,False,84,16,1,1,5,0,4,-4,-4,2008,-4,-4,-4,True,Unknown,False,True,True,False,True,True
NACC355742,8,97,97,97,97,8,8,,-4,-4,8,97,97,97,97,997,997,13,7,1,88,88,-4,1,8,1,1,0,True,False,True,True,0,7,-4,-4,False,83,20,1,1,1,0,3,-4,-4,-4,83,0,1,False,Unknown,False,False,True,False,False,True
NACC355864,95,95,95,95,-4,8,8,,-4,-4,8,95,95,95,95,-4,-4,-4,-4,-4,-4,-4,-4,0,1,1,1,0,False,False,False,True,1,2,-4,-4,False,88,12,2,1,1,0,4,-4,-4,-4,-4,-4,-4,False,Unknown,False,False,False,True,True,True
NACC356084,97,97,-4,-4,-4,-4,-4,,-4,-4,-4,-4,-4,-4,-4,997,997,-4,-4,-4,-4,-4,0,0,1,1,2,0,False,False,False,True,1,1,0,1,False,74,18,2,1,1,0,4,-4,-4,8888,-4,-4,-4,False,Unknown,False,False,False,True,True,True
NACC356993,14,10,12,12,30,8,8,,-4,-4,8,19,14,19,13,108,46,16,11,1,27,27,0,0,1,1,1,0,True,False,True,True,0,7,-4,-4,False,75,18,1,1,1,0,4,-4,-4,8888,72,0,0,False,Unknown,True,False,False,True,True,True
NACC357100,11,12,5,7,25,8,8,,-4,-4,8,23,14,15,14,300,86,13,7,1,19,20,1,1,1,1,1,1,True,True,True,True,0,7,-4,-4,False,88,12,2,1,1,0,4,-4,-4,2021,86,1,1,True,Unknown,True,True,True,True,True,True
NACC357692,14,10,-4,-4,-4,-4,-4,,-4,-4,-4,-4,-4,-4,-4,998,131,-4,-4,-4,-4,-4,0,0,1,1,2,0,True,False,True,True,1,1,0,1,False,82,18,2,1,2,0,4,-4,-4,8888,-4,-4,-4,False,Unknown,False,False,False,True,True,True
NACC357702,10,5,-4,-4,-4,-4,-4,,-4,-4,-4,-4,-4,-4,-4,300,50,-4,-4,-4,-4,-4,1,1,1,1,1,0,True,True,True,True,1,2,0,1,False,75,11,1,2,50,1,4,-4,-4,2008,-4,-4,-4,True,Unknown,False,True,True,True,True,True
NACC358478,96,96,-4,-4,-4,-4,-4,,-4,-4,-4,-4,-4,-4,-4,996,996,-4,-4,-4,-4,-4,1,0,1,1,1,0,True,True,True,True,0,7,0,0,False,79,12,1,1,1,0,4,-4,-4,2007,-4,-4,-4,True,Unknown,False,True,False,True,True,True
NACC358923,16,10,7,11,-4,8,8,,-4,-4,8,-4,-4,-4,-4,201,53,13,3,1,-4,-4,-4,0,0,1,2,0,True,False,True,True,1,1,-4,-4,False,87,18,1,1,1,0,4,-4,-4,-4,87,1,1,False,Unknown,False,False,False,False,False,False
NACC359353,13,9,16,19,28,8,8,,-4,-4,8,4,4,4,3,93,90,11,8,0,24,24,-4,1,8,1,2,0,True,False,True,True,1,1,-4,-4,False,94,18,1,1,1,0,3,-4,-4,-4,75,0,1,False,Unknown,True,False,True,False,False,True
NACC359547,4,3,-4,-4,-4,-4,-4,,-4,-4,-4,-4,-4,-4,-4,300,997,-4,-4,-4,-4,-4,0,0,1,1,1,0,True,True,True,True,0,7,0,0,False,76,18,1,1,1,0,4,-4,-4,8888,-4,-4,-4,False,Unknown,False,False,False,True,True,True
NACC360034,3,2,-4,-4,-4,-4,-4,,-4,-4,-4,-4,-4,-4,-4,996,996,-4,-4,-4,-4,-4,0,0,1,1,2,0,False,False,False,True,1,1,1,0,False,70,5,2,1,2,0,4,-4,-4,8888,-4,-4,-4,False,Unknown,False,False,False,True,True,True
NACC360047,0,0,-4,-4,-4,-4,-4,,-4,-4,-4,-4,-4,-4,-4,996,996,-4,-4,-4,-4,-4,0,0,1,1,2,0,True,False,True,True,1,1,0,1,False,68,8,2,2,50,1,4,-4,-4,8888,-4,-4,-4,False,Unknown,False,False,False,True,True,True
NACC360254,17,13,10,12,31,8,8,,-4,-4,8,21,16,20,16,262,43,15,14,1,24,24,-4,0,8,1,1,0,True,False,True,True,0,7,-4,-4,False,77,16,2,1,1,1,3,-4,-4,-4,888,0,1,False,Unknown,True,False,False,False,False,False
NACC360338,11,7,9,8,32,8,8,,-4,-4,8,25,17,23,15,156,55,17,9,0,23,23,-4,1,0,1,2,0,True,False,True,True,0,7,-4,-4,False,80,18,1,1,1,0,4,-4,-4,-4,80,1,1,False,Unknown,True,False,True,False,False,True
NACC360364,13,8,13,11,31,8,8,,-4,-4,8,10,11,11,13,91,40,16,15,1,23,23,-4,1,8,1,2,0,True,False,True,True,1,1,-4,-4,False,79,18,1,1,1,0,3,-4,-4,-4,79,1,1,True,Unknown,True,False,True,False,False,True
NACC360579,16,12,-4,-4,-4,-4,-4,,-4,-4,-4,-4,-4,-4,-4,300,114,-4,-4,-4,-4,-4,0,0,1,1,1,0,False,True,False,False,0,7,0,0,False,68,18,1,1,1,0,4,-4,-4,8888,-4,-4,-4,False,Unknown,False,False,False,True,True,True
NACC360627,19,5,10,12,28,8,8,,-4,-4,8,5,5,8,7,300,80,10,3,1,18,18,0,0,8,1,2,0,True,False,True,True,1,1,-4,-4,False,72,20,2,1,1,0,3,-4,-4,8888,70,0,1,False,Unknown,True,False,False,False,False,False
NACC360674,9,4,-4,-4,-4,-4,-4,,-4,-4,-4,-4,-4,-4,-4,300,77,-4,-4,-4,-4,-4,1,1,0,1,3,0,True,True,True,True,1,1,1,0,False,78,14,1,1,1,0,4,-4,-4,2012,-4,-4,-4,True,Unknown,False,True,True,False,True,True
NACC361364,6,3,5,0,10,1,-4,,-4,8,-4,6,5,0,0,995,995,95,95,95,88,88,0,-4,0,1,2,0,True,False,True,True,1,1,-4,-4,False,83,12,2,2,-4,1,4,888,888,-4,-4,-4,1,False,A+,True,False,False,False,False,False
NACC361736,4,2,-4,-4,-4,-4,-4,,-4,-4,-4,-4,-4,-4,-4,996,150,-4,-4,-4,-4,-4,1,0,1,1,2,0,True,True,True,True,1,1,1,0,False,84,5,2,1,3,0,4,-4,-4,2007,-4,-4,-4,False,Unknown,False,True,False,True,True,True
NACC361884,6,8,98,98,28,8,8,,-4,-4,8,5,3,3,2,996,996,1,0,0,8,8,9,0,0,1,2,0,True,False,True,True,1,1,-4,-4,False,69,18,1,1,1,0,4,-4,-4,8888,64,1,1,False,Unknown,False,False,False,False,False,False
NACC362319,-4,-4,-4,-4,-4,-4,-4,,-4,-4,-4,-4,-4,-4,-4,-4,-4,-4,-4,-4,-4,-4,1,1,0,1,1,0,True,True,True,True,0,7,0,0,False,61,9,1,2,1,1,4,-4,-4,1994,-4,-4,-4,True,Unknown,False,True,True,False,True,True
NACC362792,8,2,-4,-4,-4,-4,-4,,-4,-4,-4,-4,-4,-4,-4,996,150,-4,-4,-4,-4,-4,0,0,1,1,1,0,False,False,False,True,0,7,0,0,False,70,18,1,1,1,0,4,-4,-4,8888,-4,-4,-4,False,Unknown,False,False,False,True,True,True
NACC364238,16,9,14,11,97,8,8,,-4,-4,8,97,97,97,97,997,997,17,5,1,88,88,1,1,8,1,2,0,True,True,True,True,1,1,-4,-4,False,71,18,2,1,1,0,3,-4,-4,9999,67,1,1,True,Unknown,False,True,True,False,True,True
NACC364319,5,4,-4,-4,-4,-4,-4,,-4,-4,-4,-4,-4,-4,-4,300,73,-4,-4,-4,-4,-4,0,0,1,1,1,0,False,True,False,False,1,2,0,1,False,82,10,1,1,1,0,4,-4,-4,8888,-4,-4,-4,False,Unknown,False,False,False,True,True,True
NACC364603,-4,-4,-4,-4,-4,-4,-4,,-4,-4,-4,-4,-4,-4,-4,-4,-4,-4,-4,-4,-4,-4,0,0,1,1,2,0,False,True,False,False,1,1,0,1,False,80,19,1,1,1,0,4,-4,-4,8888,-4,-4,-4,True,Unknown,False,False,False,True,True,True
NACC364831,96,96,-4,-4,-4,-4,-4,,-4,-4,-4,-4,-4,-4,-4,996,996,-4,-4,-4,-4,-4,0,0,1,1,2,0,False,False,False,False,1,1,1,0,False,72,10,2,1,2,0,4,-4,-4,8888,-4,-4,-4,False,Unknown,False,False,False,True,True,True
NACC364865,8,6,-4,-4,-4,-4,-4,,-4,-4,-4,-4,-4,-4,-4,208,52,-4,-4,-4,-4,-4,0,0,1,1,1,0,True,True,True,True,0,7,0,0,False,81,14,2,1,1,0,4,-4,-4,8888,-4,-4,-4,False,Unknown,False,False,False,True,True,True
NACC365147,26,17,18,15,32,8,8,,-4,-4,8,13,11,9,11,996,42,12,11,1,23,23,0,0,8,1,1,1,True,False,True,True,0,7,-4,-4,True,69,16,1,1,1,0,3,-4,-4,8888,67,1,1,False,Unknown,True,False,False,False,False,False
NACC365383,8,9,-4,-4,-4,-4,-4,,-4,-4,-4,-4,-4,-4,-4,996,150,-4,-4,-4,-4,-4,0,0,1,1,1,0,True,True,True,True,1,2,0,1,False,65,21,2,1,1,0,4,-4,-4,8888,-4,-4,-4,False,Unknown,False,False,False,True,True,True
NACC365591,2,2,-4,-4,-4,-4,-4,,-4,-4,-4,-4,-4,-4,-4,300,119,-4,-4,-4,-4,-4,0,0,1,1,2,0,True,False,True,True,1,1,1,0,False,88,16,1,1,1,0,4,-4,-4,8888,-4,-4,-4,False,Unknown,False,False,False,True,True,True
NACC366434,16,5,12,12,32,8,8,,-4,-4,8,21,14,21,15,136,64,14,9,1,21,21,1,1,8,1,1,0,True,True,True,True,0,7,-4,-4,False,72,18,1,1,1,0,3,-4,-4,2018,72,1,1,True,Unknown,True,True,True,False,True,True
NACC367856,12,12,6,6,27,8,8,,-4,-4,8,17,11,16,11,203,51,14,7,0,23,23,-4,1,8,1,1,0,True,False,True,True,0,7,-4,-4,False,78,13,1,1,1,0,3,-4,-4,-4,75,1,1,False,Unknown,True,False,True,False,False,True
NACC368651,10,8,-4,-4,-4,-4,-4,,-4,-4,-4,-4,-4,-4,-4,996,133,-4,-4,-4,-4,-4,0,0,1,1,2,0,False,False,False,False,1,1,0,1,False,96,0,2,2,50,1,4,-4,-4,8888,-4,-4,-4,False,Unknown,False,False,False,True,True,True
NACC368722,13,8,-4,-4,-4,-4,-4,,-4,-4,-4,-4,-4,-4,-4,130,40,-4,-4,-4,-4,-4,0,0,1,1,2,0,False,False,False,False,1,1,1,0,False,75,12,1,1,1,0,4,-4,-4,8888,-4,-4,-4,False,Unknown,False,False,False,True,True,True
NACC368893,23,12,14,20,29,8,8,,-4,-4,8,15,14,12,8,220,39,14,97,97,21,21,-4,0,8,1,1,1,True,False,True,True,0,7,-4,-4,False,91,18,1,1,2,0,3,-4,-4,-4,90,1,1,False,Unknown,True,False,False,False,False,False
NACC368922,11,7,12,11,27,8,8,,-4,-4,8,11,10,14,11,996,150,16,13,1,15,15,-4,0,1,1,1,1,False,False,False,True,0,7,-4,-4,False,59,16,1,1,1,0,4,-4,-4,-4,888,0,0,True,Unknown,True,False,False,True,True,True
NACC369561,9,4,-4,-4,-4,-4,-4,,-4,-4,-4,-4,-4,-4,-4,300,72,-4,-4,-4,-4,-4,0,0,1,1,1,0,False,False,False,True,0,7,0,0,False,71,16,1,1,1,0,4,-4,-4,8888,-4,-4,-4,False,Unknown,False,False,False,True,True,True
NACC370108,16,7,-4,-4,-4,-4,-4,,-4,-4,-4,-4,-4,-4,-4,300,81,-4,-4,-4,-4,-4,1,1,8,1,1,0,True,True,True,True,0,7,0,0,False,61,12,1,1,1,0,3,-4,-4,1999,-4,-4,-4,True,Unknown,False,True,True,False,True,True
NACC370281,8,4,-4,-4,-4,-4,-4,,-4,-4,-4,-4,-4,-4,-4,996,110,-4,-4,-4,-4,-4,0,0,1,1,1,0,False,False,False,False,0,7,0,0,False,73,16,1,1,1,0,4,-4,-4,8888,-4,-4,-4,False,Unknown,False,False,False,True,True,True
NACC370382,8,5,-4,-4,-4,-4,-4,,-4,-4,-4,-4,-4,-4,-4,300,74,-4,-4,-4,-4,-4,0,0,1,1,2,0,False,False,False,False,1,1,1,0,False,67,16,1,1,1,0,4,-4,-4,8888,-4,-4,-4,False,Unknown,False,False,False,True,True,True
NACC370556,23,17,14,17,32,8,8,,-4,-4,8,14,17,19,14,84,37,15,12,1,28,28,-4,0,8,1,1,0,True,False,True,True,0,7,-4,-4,False,77,20,1,1,1,0,2,-4,-4,-4,77,1,1,False,Unknown,True,False,False,False,False,False
NACC370639,15,9,-4,-4,-4,-4,-4,,-4,-4,-4,-4,-4,-4,-4,998,55,-4,-4,-4,-4,-4,0,0,1,1,2,0,False,False,False,True,1,1,0,1,False,84,20,1,1,2,0,4,-4,-4,8888,-4,-4,-4,False,Unknown,False,False,False,True,True,True
NACC370850,6,6,5,3,32,8,8,,-4,-4,8,9,7,8,8,300,77,17,3,1,19,19,-4,1,0,1,2,0,True,False,True,True,0,7,-4,-4,False,83,20,1,1,1,0,4,-4,-4,-4,80,1,1,True,Unknown,True,False,True,False,False,True
NACC371240,8,3,1,3,30,8,8,,-4,-4,8,11,10,18,12,996,106,3,4,0,14,14,1,1,1,1,1,0,True,True,True,True,0,7,-4,-4,False,61,16,1,1,1,0,4,-4,-4,2018,58,1,1,True,Unknown,True,True,True,True,True,True
NACC371504,96,96,96,96,96,8,8,,-4,-4,8,96,96,96,96,996,996,96,96,96,6,6,0,1,1,1,1,0,True,False,True,True,0,7,-4,-4,False,84,20,1,1,1,0,4,-4,-4,8888,81,0,1,False,Unknown,False,False,True,True,True,True
NACC372406,-4,-4,-4,-4,-4,8,8,,-4,-4,8,-4,-4,-4,-4,-4,-4,-4,-4,-4,-4,-4,-4,0,1,1,2,0,True,False,True,True,1,1,-4,-4,False,63,19,1,1,1,0,4,-4,-4,-4,62,-4,-4,False,Unknown,False,False,False,True,True,True
NACC372528,96,96,-4,-4,-4,-4,-4,,-4,-4,-4,-4,-4,-4,-4,996,996,-4,-4,-4,-4,-4,0,0,1,1,1,0,False,False,False,False,1,2,0,1,False,78,14,1,1,1,0,4,-4,-4,8888,-4,-4,-4,False,Unknown,False,False,False,True,True,True
NACC373595,8,0,1,3,10,8,8,,-4,-4,8,0,0,0,0,996,150,7,0,0,88,88,-4,1,0,1,2,0,True,False,True,True,1,1,-4,-4,False,91,12,1,2,1,1,4,-4,-4,-4,89,1,1,True,Unknown,True,False,True,False,False,True
NACC373748,17,6,10,8,24,8,8,,-4,-4,8,20,15,12,11,125,60,13,4,0,18,18,-4,1,8,0,7,0,True,False,True,True,1,1,-4,-4,False,80,15,1,1,1,0,3,-4,-4,-4,79,1,1,False,Unknown,True,False,True,False,False,True
NACC373917,7,6,-4,-4,-4,-4,-4,,-4,-4,-4,-4,-4,-4,-4,300,40,-4,-4,-4,-4,-4,1,1,1,1,1,0,False,True,False,False,0,7,0,0,False,62,18,2,1,1,0,4,-4,-4,9999,-4,-4,-4,False,Unknown,False,True,True,True,True,True
NACC374489,96,96,-4,-4,-4,-4,-4,,-4,-4,-4,-4,-4,-4,-4,996,996,-4,-4,-4,-4,-4,0,0,1,1,1,0,False,False,False,False,1,2,0,1,False,79,10,1,1,1,0,4,-4,-4,8888,-4,-4,-4,False,Unknown,False,False,False,True,True,True
NACC374612,0,0,-4,-4,-4,-4,-4,,-4,-4,-4,-4,-4,-4,-4,996,996,-4,-4,-4,-4,-4,0,0,1,1,2,0,False,False,False,False,1,2,1,0,False,74,16,2,1,1,0,4,-4,-4,8888,-4,-4,-4,False,Unknown,False,False,False,True,True,True
NACC374674,5,1,-4,-4,-4,-4,-4,,-4,-4,-4,-4,-4,-4,-4,996,996,-4,-4,-4,-4,-4,0,0,1,1,2,0,False,False,False,False,1,1,1,0,False,80,16,1,1,1,0,4,-4,-4,8888,-4,-4,-4,False,Unknown,False,False,False,True,True,True
NACC375117,20,16,22,20,31,8,8,,-4,-4,8,28,22,24,20,91,44,15,12,1,30,30,1,1,8,8,8,1,True,True,True,True,8,8,-4,-4,False,74,14,2,1,1,0,1,-4,-4,2013,64,1,1,True,Unknown,True,True,True,False,True,True
NACC375133,4,0,-4,-4,-4,-4,-4,,-4,-4,-4,-4,-4,-4,-4,996,996,-4,-4,-4,-4,-4,0,0,1,1,1,0,False,True,False,False,0,7,0,0,False,71,9,2,1,1,0,4,-4,-4,8888,-4,-4,-4,True,Unknown,False,False,False,True,True,True
NACC375515,4,3,-4,-4,-4,-4,-4,,-4,-4,-4,-4,-4,-4,-4,996,996,-4,-4,-4,-4,-4,1,1,0,1,2,0,True,True,True,True,1,1,0,1,False,78,19,1,1,1,0,4,-4,-4,9999,-4,-4,-4,True,Unknown,False,True,True,False,True,True
NACC375809,-4,-4,-4,-4,-4,-4,-4,,-4,-4,-4,-4,-4,-4,-4,-4,-4,-4,-4,-4,-4,-4,1,1,0,1,2,0,True,True,True,True,1,1,1,0,False,76,18,1,1,1,0,4,-4,-4,2014,-4,-4,-4,True,Unknown,False,True,True,False,True,True
NACC375968,12,3,-4,-4,-4,-4,-4,,-4,-4,-4,-4,-4,-4,-4,996,150,-4,-4,-4,-4,-4,1,1,0,1,2,0,True,True,True,True,1,1,1,0,False,62,16,1,1,1,0,4,-4,-4,2007,-4,-4,-4,True,Unknown,False,True,True,False,True,True
NACC376010,98,98,98,98,98,8,8,,-4,-4,8,98,98,98,98,998,998,98,98,98,18,18,-4,1,0,1,1,0,True,False,True,True,0,7,-4,-4,False,95,16,1,8,1,0,4,-4,-4,-4,94,8,1,False,Unknown,False,False,True,False,False,True
NACC376100,-4,-4,-4,-4,-4,8,0,,-4,-4,8,-4,-4,-4,-4,-4,-4,-4,-4,-4,-4,-4,-4,0,0,1,2,0,True,False,True,True,1,1,-4,-4,False,82,20,1,1,1,0,4,-4,-4,-4,80,-4,-4,False,A-,False,False,False,False,False,False
NACC376349,17,9,13,11,29,8,8,,-4,-4,8,27,19,26,18,66,35,15,11,1,24,24,0,0,8,1,2,0,True,False,True,True,1,1,-4,-4,False,81,19,1,1,1,0,3,-4,-4,8888,79,0,0,False,Unknown,True,False,False,False,False,False
NACC376468,11,11,5,8,27,8,8,,-4,-4,8,12,10,12,10,144,43,13,9,1,20,20,1,0,1,1,1,0,True,True,True,True,0,7,-4,-4,True,74,20,1,1,1,0,4,-4,-4,2018,71,1,1,False,Unknown,True,True,False,True,True,True
NACC376653,16,9,-4,-4,-4,-4,-4,,-4,-4,-4,-4,-4,-4,-4,193,34,-4,-4,-4,-4,-4,1,1,1,1,1,0,False,True,False,False,0,7,0,0,False,75,14,1,1,1,0,4,-4,-4,2006,-4,-4,-4,False,Unknown,False,True,True,True,True,True
NACC376884,14,10,-4,-4,-4,-4,-4,,-4,-4,-4,-4,-4,-4,-4,195,80,-4,-4,-4,-4,-4,0,0,1,1,1,0,False,True,False,True,0,7,0,0,False,76,20,1,1,1,0,4,-4,-4,8888,-4,-4,-4,False,Unknown,False,False,False,True,True,True
NACC378015,96,96,96,96,96,8,8,,-4,-4,8,96,96,96,96,996,996,96,96,96,6,6,1,0,1,1,1,0,True,True,True,True,0,7,-4,-4,False,79,16,1,1,1,0,4,-4,-4,2012,75,1,1,True,Unknown,False,True,False,True,True,True
NACC378355,5,1,8,7,18,1,-4,,9,8,-4,0,0,0,0,300,150,3,0,0,4,4,0,-4,0,1,2,0,True,False,True,True,1,1,-4,-4,False,70,20,1,1,-4,0,4,20,888,-4,-4,-4,1,False,A+,True,False,False,False,False,False
NACC378807,12,8,-4,-4,-4,-4,-4,,-4,-4,-4,-4,-4,-4,-4,235,85,-4,-4,-4,-4,-4,0,0,1,1,2,0,False,False,False,True,1,1,1,0,False,72,14,1,1,1,0,4,-4,-4,8888,-4,-4,-4,False,Unknown,False,False,False,True,True,True
NACC378947,2,6,-4,-4,-4,8,8,,-4,-4,8,-4,-4,-4,-4,996,150,-4,-4,-4,-4,-4,0,0,0,1,2,0,True,False,True,True,1,1,-4,-4,False,83,20,1,1,1,0,4,-4,-4,8888,80,1,1,False,Unknown,False,False,False,False,False,False
NACC379121,15,9,4,4,29,8,8,,-4,-4,8,13,12,12,11,300,41,11,5,0,15,15,-4,1,0,1,3,0,True,False,True,True,0,7,-4,-4,False,66,15,1,1,1,0,4,-4,-4,-4,64,1,1,True,Unknown,True,False,True,False,False,True
NACC379152,96,96,-4,-4,-4,-4,-4,,-4,-4,-4,-4,-4,-4,-4,996,996,-4,-4,-4,-4,-4,1,1,0,1,1,0,True,True,True,True,0,7,0,0,False,73,16,1,1,1,0,4,-4,-4,2003,-4,-4,-4,True,Unknown,False,True,True,False,True,True
NACC379238,21,17,21,11,28,8,8,,-4,-4,8,22,15,23,15,74,25,14,12,1,26,26,1,1,8,8,8,0,True,True,True,True,8,8,-4,-4,False,51,15,2,1,1,0,1,-4,-4,2016,49,1,1,False,Unknown,True,True,True,False,True,True
NACC379614,21,10,15,15,31,8,8,,-4,-4,8,11,11,6,9,107,59,14,7,1,22,22,-4,0,8,1,1,0,True,False,True,True,0,7,-4,-4,False,80,16,1,1,1,0,3,-4,-4,-4,78,0,1,False,Unknown,True,False,False,False,False,False
NACC379629,5,1,6,3,8,8,8,,-4,-4,8,97,97,97,97,997,997,15,0,1,9,9,-4,0,1,1,2,0,False,False,False,False,1,1,-4,-4,False,86,20,1,1,1,0,4,-4,-4,-4,888,0,0,False,Unknown,True,False,False,True,True,True
NACC379794,14,11,-4,-4,-4,-4,-4,,-4,-4,-4,-4,-4,-4,-4,282,93,-4,-4,-4,-4,-4,0,0,1,1,1,0,True,False,True,True,0,7,0,0,False,84,21,1,1,1,0,4,-4,-4,8888,-4,-4,-4,False,Unknown,False,False,False,True,True,True
NACC380125,14,8,9,12,27,8,8,,-4,-4,8,24,17,19,15,94,49,15,10,1,25,25,0,0,1,1,1,0,True,False,True,True,0,7,-4,-4,False,59,14,1,1,1,0,4,-4,-4,8888,56,0,1,False,Unknown,True,False,False,True,True,True
NACC380506,24,8,-4,-4,-4,-4,-4,,-4,-4,-4,-4,-4,-4,-4,154,27,-4,-4,-4,-4,-4,0,0,8,1,1,0,True,False,True,True,0,7,0,0,False,83,14,1,1,1,0,3,-4,-4,8888,-4,-4,-4,True,Unknown,False,False,False,False,False,False
NACC380734,20,12,-4,-4,-4,-4,-4,,-4,-4,-4,-4,-4,-4,-4,143,60,-4,-4,-4,-4,-4,1,1,0,1,2,0,True,True,True,True,1,2,0,1,False,77,16,1,1,1,0,4,-4,-4,2013,-4,-4,-4,False,Unknown,False,True,True,False,True,True
NACC380811,5,6,-4,-4,-4,-4,-4,,-4,-4,-4,-4,-4,-4,-4,300,78,-4,-4,-4,-4,-4,0,0,8,1,1,0,True,False,True,True,0,7,0,0,False,67,20,1,1,1,0,3,-4,-4,8888,-4,-4,-4,False,Unknown,False,False,False,False,False,False
NACC380876,96,96,-4,-4,-4,-4,-4,,-4,-4,-4,-4,-4,-4,-4,996,996,-4,-4,-4,-4,-4,0,0,1,1,1,0,False,False,False,False,0,7,0,0,False,82,9,1,1,1,0,4,-4,-4,8888,-4,-4,-4,True,Unknown,False,False,False,True,True,True
NACC380941,16,12,9,12,30,8,8,,-4,-4,8,18,14,12,11,86,40,13,8,1,21,21,1,1,8,1,1,0,True,True,True,True,0,7,-4,-4,False,49,14,1,1,1,0,3,-4,-4,2014,44,1,1,True,Unknown,True,True,True,False,True,True
NACC381034,96,96,-4,-4,-4,-4,-4,,-4,-4,-4,-4,-4,-4,-4,996,996,-4,-4,-4,-4,-4,0,1,0,1,2,0,True,True,True,True,1,1,1,0,False,72,20,2,1,1,0,4,-4,-4,8888,-4,-4,-4,False,Unknown,False,False,True,False,False,True
NACC381393,24,14,11,4,30,0,8,,-4,-4,8,18,14,10,11,180,40,15,5,1,24,24,0,0,1,1,1,1,True,False,True,True,0,7,-4,-4,False,70,15,1,1,1,0,4,-4,-4,8888,69,0,0,False,A-,True,False,False,True,True,True
NACC381851,20,12,-4,-4,-4,-4,-4,,-4,-4,-4,-4,-4,-4,-4,58,16,-4,-4,-4,-4,-4,1,1,8,8,8,0,True,True,True,True,8,8,8,8,False,53,16,1,1,1,0,1,-4,-4,2007,-4,-4,-4,True,Unknown,False,True,True,False,True,True
NACC382562,96,96,96,96,96,1,8,,-4,-4,8,96,96,96,96,996,996,96,96,96,88,88,0,0,1,1,2,0,True,True,True,True,1,3,-4,-4,False,72,20,1,1,1,0,4,-4,-4,8888,66,1,1,True,A+,False,False,False,True,True,True
NACC382972,13,10,12,15,27,0,8,,-4,-4,0,16,14,11,12,92,44,16,6,1,25,25,0,0,8,1,1,0,True,False,True,True,0,7,-4,-4,False,62,16,1,1,1,0,3,-4,-4,8888,57,0,1,False,A-,True,False,False,False,False,False
NACC383080,0,0,-4,-4,-4,-4,-4,,-4,-4,-4,-4,-4,-4,-4,300,150,-4,-4,-4,-4,-4,1,1,0,1,2,0,True,True,True,True,1,2,0,1,False,68,17,1,1,1,0,4,-4,-4,2012,-4,-4,-4,False,Unknown,False,True,True,False,True,True
NACC383571,3,4,-4,-4,-4,-4,-4,,-4,-4,-4,-4,-4,-4,-4,996,996,-4,-4,-4,-4,-4,0,0,1,1,1,0,False,False,False,True,0,7,0,0,False,67,16,1,1,1,0,4,-4,-4,8888,-4,-4,-4,False,Unknown,False,False,False,True,True,True
NACC383614,9,6,9,12,27,8,1,,-4,-4,8,3,4,2,5,300,73,15,10,0,14,14,0,0,1,1,2,0,True,False,True,True,1,1,-4,-4,False,65,18,1,1,1,0,4,-4,-4,8888,60,1,1,False,A+,True,False,False,True,True,True
NACC383983,8,5,5,8,26,8,8,,-4,-4,8,13,11,3,3,300,124,9,0,0,18,18,0,0,1,1,1,1,True,True,True,True,0,7,-4,-4,True,85,16,1,1,1,0,4,-4,-4,8888,84,1,1,False,Unknown,True,False,False,True,True,True
NACC384309,22,11,-4,-4,-4,-4,-4,,-4,-4,-4,-4,-4,-4,-4,96,43,-4,-4,-4,-4,-4,1,1,8,1,1,0,True,True,True,True,0,7,0,0,False,74,16,1,1,1,0,3,-4,-4,2003,-4,-4,-4,True,Unknown,False,True,True,False,True,True
NACC384702,10,9,-4,-4,-4,-4,-4,,-4,-4,-4,-4,-4,-4,-4,300,150,-4,-4,-4,-4,-4,0,0,1,1,1,0,True,True,True,True,0,7,0,0,False,75,20,1,1,1,0,4,-4,-4,8888,-4,-4,-4,True,Unknown,False,False,False,True,True,True
NACC384834,23,20,11,12,30,8,8,,-4,-4,8,34,22,29,19,85,31,15,8,1,27,27,1,1,8,8,8,0,True,True,True,True,8,8,-4,-4,False,65,20,2,1,1,0,1,-4,-4,2016,62,1,1,True,Unknown,True,True,True,False,True,True
NACC384911,5,3,-4,-4,-4,-4,-4,,-4,-4,-4,-4,-4,-4,-4,996,996,-4,-4,-4,-4,-4,0,0,1,1,2,0,False,False,False,False,1,1,1,0,False,85,8,2,1,2,0,4,-4,-4,8888,-4,-4,-4,False,Unknown,False,False,False,True,True,True
NACC385091,9,3,-4,-4,-4,-4,-4,,-4,-4,-4,-4,-4,-4,-4,300,116,-4,-4,-4,-4,-4,0,0,1,1,2,0,True,False,True,True,1,1,1,0,False,90,12,1,1,1,0,4,-4,-4,8888,-4,-4,-4,False,Unknown,False,False,False,True,True,True
NACC385529,96,96,-4,-4,-4,-4,-4,,-4,-4,-4,-4,-4,-4,-4,996,996,-4,-4,-4,-4,-4,0,0,1,1,1,0,True,False,True,True,1,2,1,0,False,68,16,2,1,1,0,4,-4,-4,8888,-4,-4,-4,False,Unknown,False,False,False,True,True,True
NACC385878,31,17,-4,-4,-4,-4,-4,,-4,-4,-4,-4,-4,-4,-4,107,25,-4,-4,-4,-4,-4,1,1,8,8,8,0,True,True,True,True,8,8,8,8,False,57,15,1,1,1,0,1,-4,-4,1999,-4,-4,-4,True,Unknown,False,True,True,False,True,True
NACC385911,12,7,-4,-4,-4,-4,-4,,-4,-4,-4,-4,-4,-4,-4,996,996,-4,-4,-4,-4,-4,1,0,1,1,1,0,False,True,False,False,0,7,0,0,False,74,18,1,1,1,0,4,-4,-4,2006,-4,-4,-4,False,Unknown,False,True,False,True,True,True
NACC386283,6,6,-4,-4,-4,-4,-4,,-4,-4,-4,-4,-4,-4,-4,997,150,-4,-4,-4,-4,-4,0,0,1,1,1,0,False,True,False,False,0,7,0,0,False,77,16,1,1,1,0,4,-4,-4,8888,-4,-4,-4,False,Unknown,False,False,False,True,True,True
NACC386961,17,6,9,9,24,8,8,,-4,-4,8,4,6,5,5,216,76,13,3,1,22,22,1,1,1,1,1,0,True,True,True,True,1,2,-4,-4,True,85,16,1,1,1,0,4,-4,-4,2018,888,1,1,True,Unknown,True,True,True,True,True,True
NACC387082,97,97,-4,-4,-4,-4,-4,,-4,-4,-4,-4,-4,-4,-4,300,145,-4,-4,-4,-4,-4,0,0,1,1,1,0,False,True,False,False,0,7,0,0,False,82,16,1,1,1,0,4,-4,-4,8888,-4,-4,-4,False,Unknown,False,False,False,True,True,True
NACC387234,14,11,6,6,28,8,8,,-4,-4,8,19,16,20,17,116,39,17,12,1,29,30,1,1,8,1,1,1,True,True,True,True,0,7,-4,-4,False,70,12,2,1,1,0,2,-4,-4,9999,66,1,1,True,Unknown,True,True,True,False,True,True
NACC387724,4,5,-4,-4,-4,-4,-4,,-4,-4,-4,-4,-4,-4,-4,300,150,-4,-4,-4,-4,-4,0,0,1,1,1,0,False,False,False,False,0,7,0,0,False,87,16,1,1,1,0,4,-4,-4,8888,-4,-4,-4,False,Unknown,False,False,False,True,True,True
NACC387787,97,97,-4,-4,-4,-4,-4,,-4,-4,-4,-4,-4,-4,-4,997,997,-4,-4,-4,-4,-4,1,1,1,1,1,0,False,True,False,False,0,7,0,0,False,90,16,2,1,1,0,4,-4,-4,9999,-4,-4,-4,True,Unknown,False,True,True,True,True,True
NACC387823,18,9,-4,-4,-4,-4,-4,,-4,-4,-4,-4,-4,-4,-4,120,35,-4,-4,-4,-4,-4,0,0,1,1,1,0,False,False,False,True,0,7,0,0,False,83,14,1,1,1,0,4,-4,-4,8888,-4,-4,-4,False,Unknown,False,False,False,True,True,True
NACC388010,10,7,-4,-4,-4,-4,-4,,-4,-4,-4,-4,-4,-4,-4,996,150,-4,-4,-4,-4,-4,0,0,1,1,2,0,False,False,False,False,1,1,1,0,False,92,2,2,2,1,1,4,-4,-4,8888,-4,-4,-4,False,Unknown,False,False,False,True,True,True
NACC388338,26,8,20,12,30,8,8,,-4,-4,8,23,16,15,12,65,41,16,10,1,27,27,0,0,8,1,1,1,True,False,True,True,0,7,-4,-4,False,71,20,1,1,1,0,3,-4,-4,8888,68,1,1,False,Unknown,True,False,False,False,False,False
NACC388650,20,16,-4,-4,-4,-4,-4,,-4,-4,-4,-4,-4,-4,-4,100,33,-4,-4,-4,-4,-4,1,1,8,1,1,0,True,True,True,True,0,7,0,0,False,68,14,2,1,1,0,3,-4,-4,2000,-4,-4,-4,True,Unknown,False,True,True,False,True,True
NACC389074,16,7,-4,-4,-4,-4,-4,,-4,-4,-4,-4,-4,-4,-4,145,55,-4,-4,-4,-4,-4,1,1,0,1,3,0,True,True,True,True,1,1,1,0,False,73,14,1,1,1,0,4,-4,-4,2009,-4,-4,-4,False,Unknown,False,True,True,False,True,True
NACC389350,96,96,-4,-4,-4,-4,-4,,-4,-4,-4,-4,-4,-4,-4,996,996,-4,-4,-4,-4,-4,0,0,1,1,2,0,False,True,False,False,1,1,1,0,False,63,18,1,2,1,1,4,-4,-4,8888,-4,-4,-4,False,Unknown,False,False,False,True,True,True
NACC389452,9,8,-4,-4,-4,-4,-4,,-4,-4,-4,-4,-4,-4,-4,996,121,-4,-4,-4,-4,-4,0,0,1,1,2,0,False,False,False,True,1,1,0,1,False,88,12,2,1,1,0,4,-4,-4,8888,-4,-4,-4,False,Unknown,False,False,False,True,True,True
NACC389966,0,0,-4,-4,-4,-4,-4,,-4,-4,-4,-4,-4,-4,-4,996,996,-4,-4,-4,-4,-4,0,0,1,1,2,0,True,True,True,True,1,1,0,1,False,81,18,1,1,1,0,4,-4,-4,8888,-4,-4,-4,True,Unknown,False,False,False,True,True,True
NACC390076,4,0,-4,-4,-4,-4,-4,,-4,-4,-4,-4,-4,-4,-4,996,150,-4,-4,-4,-4,-4,1,0,1,1,1,0,True,True,True,True,0,7,0,0,False,73,14,1,1,1,0,4,-4,-4,2000,-4,-4,-4,True,Unknown,False,True,False,True,True,True
NACC390109,19,10,10,13,31,8,8,,-4,-4,8,12,11,13,10,171,134,15,8,1,24,24,0,0,1,1,1,0,True,False,True,True,0,7,-4,-4,False,82,20,1,1,1,0,4,-4,-4,8888,80,0,1,False,Unknown,True,False,False,True,True,True
NACC390326,10,9,-4,-4,-4,-4,-4,,-4,-4,-4,-4,-4,-4,-4,173,50,-4,-4,-4,-4,-4,1,1,8,1,1,0,True,True,True,True,0,7,0,0,False,65,18,1,1,1,0,2,-4,-4,1993,-4,-4,-4,True,Unknown,False,True,True,False,True,True
NACC390424,5,3,-4,-4,-4,-4,-4,,-4,-4,-4,-4,-4,-4,-4,996,150,-4,-4,-4,-4,-4,9,0,1,1,1,0,True,True,True,True,0,7,0,0,False,78,16,2,1,2,0,4,-4,-4,8888,-4,-4,-4,False,Unknown,False,False,False,True,True,True
NACC390831,17,17,13,16,28,8,8,,-4,-4,8,11,11,4,5,143,62,15,4,1,24,24,-4,1,8,1,3,0,True,False,True,True,1,1,-4,-4,False,79,15,2,1,2,0,3,-4,-4,-4,888,0,1,False,Unknown,True,False,True,False,False,True
NACC390980,2,0,-4,-4,-4,-4,-4,,-4,-4,-4,-4,-4,-4,-4,996,996,-4,-4,-4,-4,-4,0,0,1,1,2,0,False,False,False,False,1,1,1,0,False,90,2,2,2,1,1,4,-4,-4,8888,-4,-4,-4,False,Unknown,False,False,False,True,True,True
NACC391337,15,12,-4,-4,-4,-4,-4,,-4,-4,-4,-4,-4,-4,-4,300,101,-4,-4,-4,-4,-4,0,1,1,1,1,0,False,True,False,False,0,7,0,0,False,71,12,2,1,1,0,4,-4,-4,8888,-4,-4,-4,False,Unknown,False,False,True,True,True,True
NACC391351,20,11,18,16,32,0,8,,-4,-4,8,25,20,17,15,129,30,15,12,0,29,29,1,1,8,1,1,1,True,True,True,True,0,7,-4,-4,True,68,20,1,1,1,0,3,-4,-4,2021,66,1,1,True,A-,True,True,True,False,True,True
NACC392788,24,20,18,19,32,8,8,,-4,-4,8,20,16,19,14,74,24,16,17,1,29,29,-4,1,8,8,8,0,True,False,True,True,8,8,-4,-4,False,69,20,1,1,1,0,1,-4,-4,-4,64,0,1,False,Unknown,True,False,True,False,False,True
NACC392815,10,9,-4,-4,-4,-4,-4,,-4,-4,-4,-4,-4,-4,-4,300,38,-4,-4,-4,-4,-4,0,0,8,1,1,0,True,False,True,True,0,7,0,0,False,77,13,1,1,1,0,3,-4,-4,8888,-4,-4,-4,False,Unknown,False,False,False,False,False,False
NACC393016,24,11,11,12,32,8,8,,-4,-4,8,17,13,17,14,103,47,16,0,0,25,25,0,0,8,1,1,0,True,False,True,True,0,7,-4,-4,False,70,18,1,1,1,0,3,-4,-4,8888,68,0,1,False,Unknown,True,False,False,False,False,False
NACC393981,6,9,-4,-4,-4,-4,-4,,-4,-4,-4,-4,-4,-4,-4,300,78,-4,-4,-4,-4,-4,0,0,1,1,2,0,False,False,False,False,1,1,1,0,False,70,14,2,1,1,0,4,-4,-4,8888,-4,-4,-4,False,Unknown,False,False,False,True,True,True
NACC394069,21,97,-4,-4,-4,-4,-4,,-4,-4,-4,-4,-4,-4,-4,99,33,-4,-4,-4,-4,-4,1,1,8,8,8,0,True,True,True,True,8,8,8,8,False,62,18,2,1,1,0,1,-4,-4,2005,-4,-4,-4,True,Unknown,False,True,True,False,True,True
NACC394207,96,96,96,96,96,8,8,,-4,-4,8,96,96,96,96,996,996,96,96,96,88,88,0,0,0,1,2,0,True,False,True,True,1,1,-4,-4,False,79,16,2,1,1,0,4,-4,-4,8888,78,1,1,False,Unknown,False,False,False,False,False,False
NACC394527,18,11,14,11,30,8,1,,-4,-4,8,15,9,10,8,72,28,17,97,97,27,28,0,0,8,1,1,1,True,False,True,True,0,7,-4,-4,True,58,12,1,1,1,0,3,-4,-4,8888,58,0,1,True,A+,True,False,False,False,False,False
NACC395748,-4,-4,-4,-4,-4,8,8,,-4,-4,8,-4,-4,-4,-4,-4,-4,-4,-4,-4,-4,-4,-4,0,1,1,2,0,False,False,False,False,1,1,-4,-4,False,85,10,2,2,50,1,4,-4,-4,-4,888,-4,-4,False,Unknown,False,False,False,True,True,True
NACC395907,7,1,-4,-4,-4,-4,-4,,-4,-4,-4,-4,-4,-4,-4,197,63,-4,-4,-4,-4,-4,1,1,0,1,2,0,True,True,True,True,1,1,1,0,False,81,19,1,1,1,1,4,-4,-4,2013,-4,-4,-4,False,Unknown,False,True,True,False,True,True
NACC396057,4,5,-4,-4,-4,-4,-4,,-4,-4,-4,-4,-4,-4,-4,996,150,-4,-4,-4,-4,-4,0,0,1,1,2,0,True,False,True,True,1,1,1,0,False,80,20,1,1,2,0,4,-4,-4,8888,-4,-4,-4,False,Unknown,False,False,False,True,True,True
NACC396094,8,12,-4,-4,-4,-4,-4,,-4,-4,-4,-4,-4,-4,-4,110,45,-4,-4,-4,-4,-4,1,1,8,1,1,0,True,True,True,True,0,7,0,0,False,73,16,1,1,1,0,3,-4,-4,2007,-4,-4,-4,False,Unknown,False,True,True,False,True,True
NACC396379,32,16,-4,-4,-4,-4,-4,,-4,-4,-4,-4,-4,-4,-4,92,44,-4,-4,-4,-4,-4,0,0,1,1,1,0,True,False,True,True,0,7,0,0,False,71,12,1,1,1,0,4,-4,-4,8888,-4,-4,-4,False,Unknown,False,False,False,True,True,True
NACC396549,3,7,-4,-4,-4,-4,-4,,-4,-4,-4,-4,-4,-4,-4,269,71,-4,-4,-4,-4,-4,1,1,0,1,2,0,True,True,True,True,1,2,0,1,False,77,10,1,2,1,1,4,-4,-4,2007,-4,-4,-4,True,Unknown,False,True,True,False,True,True
NACC396650,8,6,-4,-4,-4,-4,-4,,-4,-4,-4,-4,-4,-4,-4,300,82,-4,-4,-4,-4,-4,0,0,1,1,1,0,True,False,True,True,1,2,0,1,False,79,14,2,1,2,0,4,-4,-4,8888,-4,-4,-4,False,Unknown,False,False,False,True,True,True
NACC396961,5,4,5,1,14,8,1,,-4,-4,8,0,0,96,96,996,996,1,96,96,3,3,-4,0,1,1,1,0,True,False,True,True,1,2,-4,-4,False,77,18,2,1,1,0,4,-4,-4,-4,76,1,1,False,A+,True,False,False,True,True,True
NACC397039,9,9,9,8,32,8,8,,-4,-4,8,20,18,15,14,91,39,16,10,1,25,25,1,1,8,1,1,0,True,True,True,True,0,7,-4,-4,False,77,14,1,1,1,0,3,-4,-4,2023,76,0,1,True,Unknown,True,True,True,False,True,True
NACC397571,13,5,-4,-4,-4,-4,-4,,-4,-4,-4,-4,-4,-4,-4,300,79,-4,-4,-4,-4,-4,1,1,0,1,1,0,True,True,True,True,1,2,1,0,False,81,16,1,1,1,0,4,-4,-4,1999,-4,-4,-4,True,Unknown,False,True,True,False,True,True
NACC397990,14,4,-4,-4,-4,-4,-4,,-4,-4,-4,-4,-4,-4,-4,113,67,-4,-4,-4,-4,-4,0,0,8,1,1,1,True,False,True,True,0,7,0,0,False,70,18,1,8,5,0,2,-4,-4,8888,-4,-4,-4,False,Unknown,False,False,False,False,False,False
NACC398493,8,4,-4,-4,-4,-4,-4,,-4,-4,-4,-4,-4,-4,-4,996,150,-4,-4,-4,-4,-4,0,0,1,1,1,0,False,True,False,False,0,7,0,0,False,77,9,1,1,1,0,4,-4,-4,8888,-4,-4,-4,True,Unknown,False,False,False,True,True,True
NACC398740,16,9,14,10,25,8,8,,-4,-4,8,14,12,1,2,996,82,17,0,1,18,18,-4,0,0,1,2,0,True,False,True,True,1,1,-4,-4,False,85,18,2,1,2,0,4,-4,-4,-4,85,0,0,False,Unknown,True,False,False,False,False,False
NACC398744,9,8,-4,-4,-4,-4,-4,,-4,-4,-4,-4,-4,-4,-4,300,29,-4,-4,-4,-4,-4,0,0,1,1,2,0,False,False,False,False,1,1,1,0,False,76,14,2,1,1,0,4,-4,-4,8888,-4,-4,-4,False,Unknown,False,False,False,True,True,True
NACC399327,7,1,3,7,25,1,8,,-4,-4,8,7,7,1,3,996,150,9,0,0,11,11,0,0,1,1,2,0,False,False,False,False,1,1,-4,-4,False,74,19,1,1,1,0,4,-4,-4,8888,888,0,0,False,A+,True,False,False,True,True,True
NACC400140,9,5,-4,-4,-4,-4,-4,,-4,-4,-4,-4,-4,-4,-4,996,997,-4,-4,-4,-4,-4,1,1,0,1,1,0,True,True,True,True,0,7,0,0,False,80,13,1,1,1,0,4,-4,-4,2001,-4,-4,-4,True,Unknown,False,True,True,False,True,True
NACC400352,6,2,-4,-4,-4,-4,-4,,-4,-4,-4,-4,-4,-4,-4,996,150,-4,-4,-4,-4,-4,0,0,1,1,1,0,True,True,True,True,1,2,1,0,False,61,19,1,2,50,1,4,-4,-4,8888,-4,-4,-4,False,Unknown,False,False,False,True,True,True
NACC400422,13,4,-4,-4,-4,-4,-4,,-4,-4,-4,-4,-4,-4,-4,300,83,-4,-4,-4,-4,-4,0,0,1,1,1,0,True,True,True,True,0,7,0,0,False,72,30,1,1,1,0,4,-4,-4,8888,-4,-4,-4,False,Unknown,False,False,False,True,True,True
NACC400441,28,19,-4,-4,-4,-4,-4,,-4,-4,-4,-4,-4,-4,-4,997,30,-4,-4,-4,-4,-4,1,1,8,8,8,0,True,True,True,True,8,8,8,8,False,62,13,1,1,1,0,1,-4,-4,2008,-4,-4,-4,True,Unknown,False,True,True,False,True,True
NACC400674,11,9,-4,-4,-4,-4,-4,,-4,-4,-4,-4,-4,-4,-4,996,57,-4,-4,-4,-4,-4,0,0,1,1,1,0,True,True,True,True,0,7,0,0,False,63,16,2,1,2,0,4,-4,-4,8888,-4,-4,-4,False,Unknown,False,False,False,True,True,True
NACC400907,18,9,-4,-4,-4,-4,-4,,-4,-4,-4,-4,-4,-4,-4,300,56,-4,-4,-4,-4,-4,0,0,1,1,1,0,False,False,False,True,1,2,0,1,False,69,17,1,1,1,0,4,-4,-4,8888,-4,-4,-4,False,Unknown,False,False,False,True,True,True
NACC401256,20,13,7,8,32,8,8,,-4,-4,8,23,17,24,17,80,36,16,6,1,23,23,-4,1,8,8,8,0,True,False,True,True,8,8,-4,-4,False,66,19,1,1,1,0,1,-4,-4,-4,888,8,1,False,Unknown,True,False,True,False,False,True
NACC401286,3,3,-4,-4,-4,-4,-4,,-4,-4,-4,-4,-4,-4,-4,996,69,-4,-4,-4,-4,-4,0,0,1,1,2,0,False,False,False,False,1,1,0,1,False,85,19,1,1,1,0,4,-4,-4,8888,-4,-4,-4,False,Unknown,False,False,False,True,True,True
NACC401623,12,9,-4,-4,-4,-4,-4,,-4,-4,-4,-4,-4,-4,-4,154,31,-4,-4,-4,-4,-4,0,0,8,1,2,0,True,False,True,True,1,1,0,1,False,93,14,2,8,1,0,3,-4,-4,8888,-4,-4,-4,False,Unknown,False,False,False,False,False,False
NACC401785,96,96,-4,-4,-4,-4,-4,,-4,-4,-4,-4,-4,-4,-4,996,996,-4,-4,-4,-4,-4,0,0,1,1,2,0,False,False,False,False,1,1,0,1,False,64,14,2,1,1,1,4,-4,-4,8888,-4,-4,-4,False,Unknown,False,False,False,True,True,True
NACC401845,7,2,-4,-4,-4,-4,-4,,-4,-4,-4,-4,-4,-4,-4,996,996,-4,-4,-4,-4,-4,0,0,1,1,2,0,True,True,True,True,1,1,0,1,False,75,11,1,1,1,0,4,-4,-4,8888,-4,-4,-4,False,Unknown,False,False,False,True,True,True
NACC402606,9,13,-4,-4,-4,-4,-4,,-4,-4,-4,-4,-4,-4,-4,997,100,-4,-4,-4,-4,-4,0,0,1,1,1,0,False,True,False,False,1,2,0,1,False,70,4,1,1,1,0,4,-4,-4,8888,-4,-4,-4,False,Unknown,False,False,False,True,True,True
NACC402892,2,0,-4,-4,-4,-4,-4,,-4,-4,-4,-4,-4,-4,-4,996,996,-4,-4,-4,-4,-4,0,0,1,1,2,0,False,False,False,True,1,1,0,1,False,78,12,2,1,1,0,4,-4,-4,8888,-4,-4,-4,False,Unknown,False,False,False,True,True,True
NACC403733,8,4,-4,-4,-4,-4,-4,,-4,-4,-4,-4,-4,-4,-4,996,122,-4,-4,-4,-4,-4,0,0,1,1,1,0,False,True,False,True,0,7,0,0,False,78,13,2,1,1,0,4,-4,-4,8888,-4,-4,-4,False,Unknown,False,False,False,True,True,True
NACC403902,10,12,-4,-4,-4,-4,-4,,-4,-4,-4,-4,-4,-4,-4,300,63,-4,-4,-4,-4,-4,0,0,1,1,1,0,False,True,False,True,0,7,0,0,False,67,12,1,1,1,0,4,-4,-4,8888,-4,-4,-4,False,Unknown,False,False,False,True,True,True
NACC403920,13,8,15,7,28,8,8,,-4,-4,8,32,18,31,18,233,56,15,11,1,25,25,-4,1,8,8,8,0,True,False,True,True,8,8,-4,-4,False,84,14,1,2,1,1,1,-4,-4,-4,76,1,1,True,Unknown,True,False,True,False,False,True
NACC404289,4,2,-4,-4,-4,-4,-4,,-4,-4,-4,-4,-4,-4,-4,996,90,-4,-4,-4,-4,-4,1,1,0,1,2,0,True,True,True,True,1,1,1,0,False,93,13,2,1,1,0,4,-4,-4,2012,-4,-4,-4,False,Unknown,False,True,True,False,True,True
NACC404316,16,14,11,15,31,0,0,,-4,-4,0,27,20,20,15,172,45,15,13,1,27,27,-4,1,8,8,8,0,True,False,True,True,8,8,-4,-4,False,73,16,2,1,1,0,1,-4,-4,-4,73,1,1,True,A-,True,False,True,False,False,True
NACC404417,10,2,-4,-4,-4,-4,-4,,-4,-4,-4,-4,-4,-4,-4,119,63,-4,-4,-4,-4,-4,1,1,0,1,1,0,True,True,True,True,0,7,0,0,False,81,12,1,1,1,0,4,-4,-4,2009,-4,-4,-4,True,Unknown,False,True,True,False,True,True
NACC404426,0,4,2,3,25,8,8,,-4,-4,8,13,8,4,1,996,150,13,0,1,88,88,0,1,0,0,7,0,True,False,True,True,0,7,-4,-4,False,86,12,2,1,2,0,4,-4,-4,8888,85,1,1,False,Unknown,True,False,True,False,False,True
NACC405476,13,7,16,13,31,8,8,,-4,-4,8,7,4,2,3,214,33,16,10,1,21,21,-4,1,8,1,2,0,True,False,True,True,1,1,-4,-4,False,90,17,1,1,1,0,3,-4,-4,-4,88,1,1,True,Unknown,True,False,True,False,False,True
NACC405492,12,9,-4,-4,-4,-4,-4,,-4,-4,-4,-4,-4,-4,-4,300,111,-4,-4,-4,-4,-4,1,0,1,1,1,0,True,True,True,True,0,7,0,0,False,66,15,1,1,5,0,4,-4,-4,2007,-4,-4,-4,True,Unknown,False,True,False,True,True,True
NACC405768,20,9,10,8,30,8,1,,-4,-4,8,11,8,6,5,166,38,16,97,97,25,25,0,0,8,1,1,1,True,False,True,True,0,7,-4,-4,True,78,18,1,1,1,0,3,-4,-4,8888,888,0,1,False,A+,True,False,False,False,False,False
NACC405847,8,4,-4,-4,-4,-4,-4,,-4,-4,-4,-4,-4,-4,-4,996,150,-4,-4,-4,-4,-4,1,1,0,1,3,0,True,True,True,True,1,1,1,0,False,86,14,1,1,1,0,4,-4,-4,2011,-4,-4,-4,True,Unknown,False,True,True,False,True,True
NACC405996,12,9,2,8,30,8,8,,-4,-4,8,19,14,12,12,270,74,14,9,0,17,18,-4,0,1,1,1,0,True,False,True,True,0,7,-4,-4,False,71,10,1,1,1,0,4,-4,-4,-4,67,0,1,False,Unknown,True,False,False,True,True,True
NACC406287,15,12,-4,-4,-4,-4,-4,,-4,-4,-4,-4,-4,-4,-4,300,47,-4,-4,-4,-4,-4,1,1,8,1,1,0,True,True,True,True,0,7,0,0,False,67,12,1,1,1,0,3,-4,-4,2012,-4,-4,-4,False,Unknown,False,True,True,False,True,True
NACC406603,7,10,-4,-4,-4,-4,-4,,-4,-4,-4,-4,-4,-4,-4,996,128,-4,-4,-4,-4,-4,9,0,1,1,1,0,False,False,False,False,0,7,0,0,False,71,12,1,1,1,0,4,-4,-4,8888,-4,-4,-4,False,Unknown,False,False,False,True,True,True
NACC406791,97,97,-4,-4,-4,-4,-4,,-4,-4,-4,-4,-4,-4,-4,997,997,-4,-4,-4,-4,-4,0,0,1,1,1,0,True,False,True,True,0,7,0,0,False,75,12,2,3,5,0,4,-4,-4,8888,-4,-4,-4,False,Unknown,False,False,False,True,True,True
NACC406971,14,5,-4,-4,-4,-4,-4,,-4,-4,-4,-4,-4,-4,-4,128,33,-4,-4,-4,-4,-4,1,1,1,1,1,0,False,True,False,False,0,7,0,0,False,73,15,1,2,1,1,4,-4,-4,2003,-4,-4,-4,True,Unknown,False,True,True,True,True,True
NACC407014,2,1,-4,-4,-4,-4,-4,,-4,-4,-4,-4,-4,-4,-4,996,996,-4,-4,-4,-4,-4,0,0,1,1,1,0,True,False,True,True,1,2,0,1,False,74,20,1,1,1,0,4,-4,-4,8888,-4,-4,-4,False,Unknown,False,False,False,True,True,True
NACC407311,96,96,96,96,96,8,8,,-4,-4,8,96,96,96,96,996,996,96,96,96,88,88,-4,0,0,1,2,0,True,False,True,True,1,1,-4,-4,False,70,20,1,1,1,0,4,-4,-4,-4,69,0,0,False,Unknown,False,False,False,False,False,False
NACC407812,20,13,-4,-4,-4,-4,-4,,-4,-4,-4,-4,-4,-4,-4,70,32,-4,-4,-4,-4,-4,0,0,1,1,1,0,True,True,True,True,1,2,1,0,False,71,16,1,1,1,0,4,-4,-4,8888,-4,-4,-4,False,Unknown,False,False,False,True,True,True
NACC408526,10,9,8,7,16,8,8,,-4,-4,8,6,5,8,6,996,97,8,0,0,10,10,0,0,1,1,1,1,True,False,True,True,0,7,-4,-4,False,76,16,1,1,5,0,4,-4,-4,8888,74,1,1,True,Unknown,True,False,False,True,True,True
NACC408614,15,6,-4,-4,-4,-4,-4,,-4,-4,-4,-4,-4,-4,-4,252,138,-4,-4,-4,-4,-4,1,1,1,1,1,0,False,True,False,False,0,7,0,0,False,79,20,1,3,5,0,4,-4,-4,2004,-4,-4,-4,True,Unknown,False,True,True,True,True,True
NACC408987,8,5,-4,-4,-4,-4,-4,,-4,-4,-4,-4,-4,-4,-4,997,150,-4,-4,-4,-4,-4,1,1,0,1,2,0,True,True,True,True,1,1,1,0,False,82,16,1,1,2,0,4,-4,-4,2012,-4,-4,-4,False,Unknown,False,True,True,False,True,True
NACC409147,16,10,15,10,-4,8,8,,-4,-4,8,8,7,7,6,-4,-4,-4,-4,-4,-4,-4,0,0,8,1,1,0,True,False,True,True,0,7,-4,-4,False,81,18,2,1,1,0,3,-4,-4,8888,80,0,0,False,Unknown,False,False,False,False,False,False
NACC409355,9,7,-4,-4,-4,-4,-4,,-4,-4,-4,-4,-4,-4,-4,996,61,-4,-4,-4,-4,-4,0,0,1,1,2,0,True,False,True,True,1,1,1,0,False,92,14,2,1,2,0,4,-4,-4,8888,-4,-4,-4,False,Unknown,False,False,False,True,True,True
NACC410255,16,15,-4,-4,-4,-4,-4,,-4,-4,-4,-4,-4,-4,-4,174,46,-4,-4,-4,-4,-4,1,1,8,1,1,0,True,True,True,True,0,7,0,0,False,88,18,1,1,1,0,3,-4,-4,2003,-4,-4,-4,True,Unknown,False,True,True,False,True,True
NACC410493,17,12,14,10,28,8,8,,-4,-4,8,23,16,18,13,50,24,12,6,1,21,21,-4,1,8,8,8,0,True,False,True,True,8,8,-4,-4,False,72,17,1,1,1,0,1,-4,-4,-4,71,1,1,False,Unknown,True,False,True,False,False,True
NACC410803,10,13,-4,-4,-4,-4,-4,,-4,-4,-4,-4,-4,-4,-4,111,46,-4,-4,-4,-4,-4,1,1,0,1,1,0,True,True,True,True,0,7,0,0,False,72,20,2,1,1,0,4,-4,-4,2005,-4,-4,-4,True,Unknown,False,True,True,False,True,True
NACC411251,3,1,5,4,28,8,8,,-4,-4,8,15,14,14,12,996,996,17,9,1,12,12,-4,0,1,1,2,0,True,False,True,True,1,1,-4,-4,False,79,20,1,1,1,0,4,-4,-4,-4,76,0,1,False,Unknown,True,False,False,True,True,True
NACC411333,16,11,-4,-4,-4,-4,-4,,-4,-4,-4,-4,-4,-4,-4,250,60,-4,-4,-4,-4,-4,1,1,1,1,2,0,False,True,False,False,1,1,0,1,False,87,12,1,1,1,0,4,-4,-4,2002,-4,-4,-4,True,Unknown,False,True,True,True,True,True
NACC411634,3,3,-4,-4,-4,-4,-4,,-4,-4,-4,-4,-4,-4,-4,300,46,-4,-4,-4,-4,-4,0,0,1,1,1,0,True,False,True,True,0,7,0,0,False,74,14,2,1,1,0,4,-4,-4,8888,-4,-4,-4,False,Unknown,False,False,False,True,True,True
NACC411813,21,11,-4,-4,-4,-4,-4,,-4,-4,-4,-4,-4,-4,-4,81,26,-4,-4,-4,-4,-4,1,1,8,1,1,0,True,True,True,True,0,7,0,0,False,72,20,1,1,1,0,3,-4,-4,2010,-4,-4,-4,True,Unknown,False,True,True,False,True,True
NACC411988,97,97,-4,-4,-4,-4,-4,,-4,-4,-4,-4,-4,-4,-4,997,997,-4,-4,-4,-4,-4,0,0,1,1,1,0,False,True,False,False,0,7,0,0,False,81,12,1,1,1,0,4,-4,-4,8888,-4,-4,-4,False,Unknown,False,False,False,True,True,True
NACC412399,15,3,-4,-4,-4,-4,-4,,-4,-4,-4,-4,-4,-4,-4,300,147,-4,-4,-4,-4,-4,0,0,1,1,1,0,False,False,False,False,0,7,0,0,False,84,6,1,2,1,1,4,-4,-4,8888,-4,-4,-4,False,Unknown,False,False,False,True,True,True
NACC412596,12,7,6,9,31,8,8,,-4,-4,8,20,15,14,10,160,59,14,9,1,21,22,-4,0,8,1,1,0,True,False,True,True,0,7,-4,-4,False,67,10,1,2,50,1,3,-4,-4,-4,61,0,1,False,Unknown,True,False,False,False,False,False
NACC412697,15,8,-4,-4,-4,-4,-4,,-4,-4,-4,-4,-4,-4,-4,998,39,-4,-4,-4,-4,-4,0,0,1,1,2,0,False,False,False,False,1,1,1,0,False,64,9,1,1,2,0,4,-4,-4,8888,-4,-4,-4,False,Unknown,False,False,False,True,True,True
NACC412953,2,1,6,5,31,8,8,,-4,-4,8,13,13,7,9,996,150,13,7,1,12,12,0,0,1,1,2,0,True,False,True,True,1,1,-4,-4,False,79,20,1,1,1,0,4,-4,-4,8888,78,0,0,True,Unknown,True,False,False,True,True,True
NACC413067,96,96,-4,-4,-4,-4,-4,,-4,-4,-4,-4,-4,-4,-4,996,996,-4,-4,-4,-4,-4,0,0,1,1,2,0,True,False,True,True,1,1,1,0,False,70,12,2,1,1,1,4,-4,-4,8888,-4,-4,-4,False,Unknown,False,False,False,True,True,True
NACC413264,17,8,15,17,32,8,8,,-4,-4,8,9,7,9,10,157,22,14,9,1,20,20,-4,1,0,1,2,0,True,False,True,True,1,1,-4,-4,False,77,16,1,1,1,0,4,-4,-4,-4,76,1,1,False,Unknown,True,False,True,False,False,True
NACC413583,9,10,-4,-4,-4,-4,-4,,-4,-4,-4,-4,-4,-4,-4,300,35,-4,-4,-4,-4,-4,0,0,1,1,2,0,False,False,False,False,1,1,1,0,False,77,12,2,1,3,0,4,-4,-4,8888,-4,-4,-4,False,Unknown,False,False,False,True,True,True
NACC413650,13,13,-4,-4,-4,-4,-4,,-4,-4,-4,-4,-4,-4,-4,74,26,-4,-4,-4,-4,-4,0,0,1,1,1,0,False,True,False,True,0,7,0,0,False,89,14,1,1,1,0,4,-4,-4,8888,-4,-4,-4,True,Unknown,False,False,False,True,True,True
NACC413677,-4,-4,-4,-4,-4,-4,-4,,-4,-4,-4,-4,-4,-4,-4,-4,-4,-4,-4,-4,-4,-4,0,0,1,1,1,0,False,False,False,True,0,7,0,0,False,69,16,1,1,1,0,4,-4,-4,8888,-4,-4,-4,False,Unknown,False,False,False,True,True,True
NACC415427,10,3,9,8,25,8,8,,-4,-4,8,2,1,0,0,996,150,9,0,0,9,10,-4,0,0,1,2,0,True,False,True,True,1,1,-4,-4,False,67,12,2,1,2,0,4,-4,-4,-4,888,0,1,False,Unknown,True,False,False,False,False,False
NACC415652,22,8,16,16,28,8,8,,-4,-4,8,3,5,0,0,125,43,16,6,1,23,23,1,1,8,1,1,0,True,True,True,True,0,7,-4,-4,False,81,16,1,1,1,0,3,-4,-4,2019,75,1,1,True,Unknown,True,True,True,False,True,True
NACC415673,12,9,19,16,28,8,8,,-4,-4,8,17,13,15,12,128,56,16,10,1,26,26,1,1,8,8,8,0,True,True,True,True,8,8,-4,-4,False,75,18,2,1,1,0,1,-4,-4,2010,66,1,1,True,Unknown,True,True,True,False,True,True
NACC415754,25,11,-4,-4,-4,-4,-4,,-4,-4,-4,-4,-4,-4,-4,300,49,-4,-4,-4,-4,-4,0,0,1,1,1,0,False,False,False,False,0,7,0,0,False,76,20,1,1,1,0,4,-4,-4,8888,-4,-4,-4,False,Unknown,False,False,False,True,True,True
NACC416121,14,9,11,10,24,0,0,,-4,-4,8,13,11,0,1,89,55,16,2,1,23,23,0,0,1,1,1,1,True,False,True,True,0,7,-4,-4,False,62,20,2,1,1,0,4,-4,-4,8888,58,1,1,True,A-,True,False,False,True,True,True
NACC416385,6,2,1,1,26,8,1,,-4,-4,8,9,6,9,8,996,150,4,0,1,10,10,-4,1,1,1,2,0,True,False,True,True,1,1,-4,-4,False,84,16,1,1,1,0,4,-4,-4,-4,82,1,1,False,A+,True,False,True,True,True,True
NACC416559,10,10,-4,-4,-4,-4,-4,,-4,-4,-4,-4,-4,-4,-4,300,77,-4,-4,-4,-4,-4,1,1,1,1,1,0,False,True,False,True,0,7,0,0,False,69,20,1,1,1,0,4,-4,-4,2001,-4,-4,-4,True,Unknown,False,True,True,True,True,True
NACC417168,19,9,14,6,30,8,8,,-4,-4,8,18,13,11,9,119,27,13,4,1,24,24,9,0,8,1,1,0,True,False,True,True,1,2,-4,-4,False,76,16,1,1,4,0,3,-4,-4,8888,888,0,1,False,Unknown,True,False,False,False,False,False
NACC417231,28,11,-4,-4,-4,-4,-4,,-4,-4,-4,-4,-4,-4,-4,98,54,-4,-4,-4,-4,-4,1,1,8,8,8,0,True,True,True,True,8,8,8,8,False,74,16,1,1,1,0,1,-4,-4,2004,-4,-4,-4,True,Unknown,False,True,True,False,True,True
NACC417565,26,20,10,19,32,8,8,,-4,-4,8,27,19,26,19,64,30,16,16,1,27,27,1,1,8,8,8,1,True,True,True,True,8,8,-4,-4,False,61,20,2,1,1,0,1,-4,-4,2021,59,0,1,True,Unknown,True,True,True,False,True,True
NACC418143,9,5,15,15,26,8,8,,-4,-4,8,7,7,7,8,997,107,9,5,1,21,21,0,0,1,1,1,1,True,False,True,True,0,7,-4,-4,True,73,18,1,1,1,0,4,-4,-4,8888,66,1,1,True,Unknown,True,False,False,True,True,True
NACC418456,22,8,-4,-4,-4,-4,-4,,-4,-4,-4,-4,-4,-4,-4,86,27,-4,-4,-4,-4,-4,1,1,8,1,1,0,True,True,True,True,0,7,0,0,False,68,16,1,1,1,0,3,-4,-4,2014,-4,-4,-4,True,Unknown,False,True,True,False,True,True
NACC419040,23,10,9,12,32,8,8,,-4,-4,8,28,18,22,17,118,55,17,11,1,26,26,1,1,8,8,8,0,True,True,True,True,8,8,-4,-4,False,65,16,1,1,5,0,1,-4,-4,2018,63,1,1,True,Unknown,True,True,True,False,True,True
NACC419174,22,12,21,13,29,8,8,,-4,-4,8,10,8,8,5,300,39,15,5,0,22,22,1,1,1,1,1,1,True,True,True,True,0,7,-4,-4,False,56,18,2,1,1,0,4,-4,-4,9999,48,0,1,True,Unknown,True,True,True,True,True,True
NACC419421,-4,-4,-4,-4,-4,-4,-4,,-4,-4,-4,-4,-4,-4,-4,-4,-4,-4,-4,-4,-4,-4,0,1,0,1,2,0,True,False,True,True,1,1,1,0,False,79,18,2,1,1,0,4,-4,-4,8888,-4,-4,-4,False,Unknown,False,False,True,False,False,True
NACC419696,11,4,-4,-4,-4,-4,-4,,-4,-4,-4,-4,-4,-4,-4,997,64,-4,-4,-4,-4,-4,0,0,1,1,1,0,False,False,False,False,0,7,0,0,False,71,18,1,1,1,0,4,-4,-4,8888,-4,-4,-4,False,Unknown,False,False,False,True,True,True
NACC419851,14,9,-4,-4,-4,-4,-4,,-4,-4,-4,-4,-4,-4,-4,996,90,-4,-4,-4,-4,-4,0,0,1,1,1,1,True,False,True,True,1,2,0,1,False,66,18,1,1,1,0,4,-4,-4,8888,-4,-4,-4,True,Unknown,False,False,False,True,True,True
NACC419995,96,96,-4,-4,-4,-4,-4,,-4,-4,-4,-4,-4,-4,-4,996,996,-4,-4,-4,-4,-4,9,0,1,1,1,0,False,True,False,True,0,7,0,0,False,67,18,1,1,1,0,4,-4,-4,8888,-4,-4,-4,False,Unknown,False,False,False,True,True,True
NACC420111,10,3,9,9,10,8,8,,-4,-4,8,3,3,0,0,995,995,6,0,0,11,11,0,0,1,1,1,1,True,False,True,True,0,7,-4,-4,False,69,14,1,1,2,0,4,-4,-4,8888,67,0,1,False,Unknown,True,False,False,True,True,True
NACC420461,96,96,-4,-4,-4,-4,-4,,-4,-4,-4,-4,-4,-4,-4,996,996,-4,-4,-4,-4,-4,0,0,1,1,1,0,False,True,False,True,0,7,0,0,False,78,11,1,1,1,0,4,-4,-4,8888,-4,-4,-4,True,Unknown,False,False,False,True,True,True
NACC420878,15,9,12,12,-4,8,8,,-4,-4,8,11,10,11,9,-4,-4,-4,-4,-4,-4,-4,-4,1,8,1,1,0,True,False,True,True,0,7,-4,-4,False,71,14,2,1,2,0,2,-4,-4,-4,70,-4,-4,False,Unknown,False,False,True,False,False,True
NACC420965,8,2,9,5,31,-4,-4,,-4,-4,-4,2,2,3,4,996,71,15,2,0,10,11,0,-4,8,1,1,0,False,True,False,False,1,2,-4,-4,True,75,12,1,1,-4,0,4,-4,888,-4,-4,-4,-4,False,Unknown,True,False,False,False,False,False
NACC421016,17,7,9,9,29,8,8,,-4,-4,8,18,11,20,13,998,80,12,97,97,88,88,0,0,1,1,1,0,True,True,True,True,0,7,-4,-4,False,72,20,2,1,1,0,4,-4,-4,8888,70,1,1,False,Unknown,True,False,False,True,True,True
NACC421173,13,8,-4,-4,-4,-4,-4,,-4,-4,-4,-4,-4,-4,-4,143,32,-4,-4,-4,-4,-4,1,1,0,1,3,0,True,True,True,True,1,1,1,0,False,85,18,2,1,1,0,4,-4,-4,2012,-4,-4,-4,True,Unknown,False,True,True,False,True,True
NACC421728,8,7,17,10,15,8,8,,-4,-4,8,6,4,3,4,996,120,16,9,0,19,19,0,0,1,1,2,0,True,False,True,True,1,1,-4,-4,False,73,18,2,1,1,0,4,-4,-4,8888,71,0,1,False,Unknown,True,False,False,True,True,True
NACC422316,6,10,-4,-4,-4,-4,-4,,-4,-4,-4,-4,-4,-4,-4,996,996,-4,-4,-4,-4,-4,0,0,1,1,2,0,False,False,False,False,1,1,1,0,False,59,14,2,1,1,0,4,-4,-4,8888,-4,-4,-4,False,Unknown,False,False,False,True,True,True
NACC422637,96,96,-4,-4,-4,-4,-4,,-4,-4,-4,-4,-4,-4,-4,996,996,-4,-4,-4,-4,-4,0,0,1,1,2,0,False,True,False,False,1,1,1,0,False,77,16,2,1,1,0,4,-4,-4,8888,-4,-4,-4,False,Unknown,False,False,False,True,True,True
NACC422933,6,3,-4,-4,-4,-4,-4,,-4,-4,-4,-4,-4,-4,-4,997,150,-4,-4,-4,-4,-4,0,0,1,1,2,0,False,False,False,False,1,1,1,0,False,71,15,2,2,50,1,4,-4,-4,8888,-4,-4,-4,False,Unknown,False,False,False,True,True,True
NACC422997,16,10,-4,-4,-4,-4,-4,,-4,-4,-4,-4,-4,-4,-4,60,24,-4,-4,-4,-4,-4,0,0,1,1,2,0,False,False,False,True,1,1,1,0,False,77,16,2,1,1,0,4,-4,-4,8888,-4,-4,-4,False,Unknown,False,False,False,True,True,True
NACC423227,12,9,13,10,28,8,8,,-4,-4,8,25,19,20,14,89,34,15,6,0,25,25,1,1,8,1,1,0,True,True,True,True,0,7,-4,-4,False,64,18,1,1,1,0,3,-4,-4,2012,56,1,1,True,Unknown,True,True,True,False,True,True
NACC423238,19,9,-4,-4,-4,-4,-4,,-4,-4,-4,-4,-4,-4,-4,141,67,-4,-4,-4,-4,-4,0,0,1,1,1,0,True,False,True,True,0,7,0,0,False,67,17,1,1,1,0,4,-4,-4,8888,-4,-4,-4,True,Unknown,False,False,False,True,True,True
NACC423668,10,8,-4,-4,-4,-4,-4,,-4,-4,-4,-4,-4,-4,-4,996,38,-4,-4,-4,-4,-4,0,0,1,1,1,0,False,True,False,True,0,7,0,0,False,52,7,1,1,1,0,4,-4,-4,8888,-4,-4,-4,True,Unknown,False,False,False,True,True,True
NACC423730,16,11,-4,-4,-4,-4,-4,,-4,-4,-4,-4,-4,-4,-4,133,64,-4,-4,-4,-4,-4,0,1,8,8,8,0,True,False,True,True,8,8,8,8,False,79,18,2,1,1,0,1,-4,-4,8888,-4,-4,-4,False,Unknown,False,False,True,False,False,True
NACC423944,17,18,-4,-4,-4,-4,-4,,-4,-4,-4,-4,-4,-4,-4,998,32,-4,-4,-4,-4,-4,1,1,8,1,1,0,True,True,True,True,0,7,0,0,False,77,12,2,1,1,0,3,-4,-4,2001,-4,-4,-4,True,Unknown,False,True,True,False,True,True
NACC424090,8,5,-4,-4,-4,-4,-4,,-4,-4,-4,-4,-4,-4,-4,998,104,-4,-4,-4,-4,-4,1,1,8,1,1,0,True,True,True,True,0,7,0,0,False,70,16,1,1,1,0,3,-4,-4,2013,-4,-4,-4,True,Unknown,False,True,True,False,True,True
NACC424130,96,96,96,96,96,8,8,,-4,-4,8,96,96,96,96,996,996,96,96,96,88,88,0,0,1,1,1,0,True,True,True,True,0,7,-4,-4,False,76,19,1,1,1,0,4,-4,-4,8888,64,1,1,True,Unknown,False,False,False,True,True,True
NACC424167,16,6,6,5,30,0,8,,-4,-4,8,25,20,20,17,998,69,10,5,1,25,25,0,0,8,1,1,1,True,True,True,True,0,7,-4,-4,False,68,20,1,1,1,0,3,-4,-4,8888,68,0,1,False,A-,True,False,False,False,False,False
NACC424196,10,5,15,8,21,8,8,,-4,-4,8,8,8,9,9,277,89,16,10,1,20,20,0,1,8,1,1,1,True,False,True,True,0,7,-4,-4,False,68,20,1,8,1,0,3,-4,-4,8888,67,1,1,False,Unknown,True,False,True,False,False,True
NACC424892,23,6,-4,-4,-4,-4,-4,,-4,-4,-4,-4,-4,-4,-4,80,44,-4,-4,-4,-4,-4,0,0,1,1,1,0,False,False,False,False,0,7,0,0,False,83,18,1,1,1,0,4,-4,-4,8888,-4,-4,-4,False,Unknown,False,False,False,True,True,True
NACC424906,96,96,-4,-4,-4,-4,-4,,-4,-4,-4,-4,-4,-4,-4,996,996,-4,-4,-4,-4,-4,1,1,0,1,2,0,True,True,True,True,1,1,1,0,False,80,9,2,2,5,1,4,-4,-4,9999,-4,-4,-4,False,Unknown,False,True,True,False,True,True
NACC425071,17,11,22,20,31,8,8,,-4,-4,8,12,11,0,0,200,71,14,6,0,19,19,-4,0,1,1,1,0,True,False,True,True,0,7,-4,-4,False,86,18,1,1,1,0,4,-4,-4,-4,71,1,1,False,Unknown,True,False,False,True,True,True
NACC425087,5,7,4,3,-4,8,8,,-4,-4,8,-4,-4,-4,-4,996,120,14,0,1,-4,-4,-4,0,1,1,1,0,True,False,True,True,0,7,-4,-4,False,74,14,1,1,1,0,4,-4,-4,-4,72,1,1,False,Unknown,False,False,False,True,True,True
NACC425170,17,9,-4,-4,-4,-4,-4,,-4,-4,-4,-4,-4,-4,-4,996,69,-4,-4,-4,-4,-4,0,0,1,1,2,0,True,True,True,True,1,1,1,0,False,81,12,2,1,1,0,4,-4,-4,8888,-4,-4,-4,False,Unknown,False,False,False,True,True,True
NACC425258,8,4,-4,-4,-4,-4,-4,,-4,-4,-4,-4,-4,-4,-4,300,94,-4,-4,-4,-4,-4,0,0,1,1,1,0,False,False,False,False,0,7,0,0,False,86,12,1,1,1,0,4,-4,-4,8888,-4,-4,-4,True,Unknown,False,False,False,True,True,True
NACC425281,96,96,-4,-4,-4,-4,-4,,-4,-4,-4,-4,-4,-4,-4,996,996,-4,-4,-4,-4,-4,0,0,1,1,1,0,True,False,True,True,1,2,0,1,False,88,7,1,1,2,0,4,-4,-4,8888,-4,-4,-4,False,Unknown,False,False,False,True,True,True
NACC425386,6,5,-4,-4,-4,-4,-4,,-4,-4,-4,-4,-4,-4,-4,285,101,-4,-4,-4,-4,-4,9,0,1,1,1,0,True,True,True,True,0,7,0,0,False,75,16,1,1,1,0,4,-4,-4,8888,-4,-4,-4,False,Unknown,False,False,False,True,True,True
NACC425401,14,10,-4,-4,-4,-4,-4,,-4,-4,-4,-4,-4,-4,-4,996,997,-4,-4,-4,-4,-4,1,1,0,1,1,0,True,True,True,True,0,7,0,0,False,74,12,1,1,1,0,4,-4,-4,1991,-4,-4,-4,True,Unknown,False,True,True,False,True,True
NACC426097,12,12,12,11,28,8,8,,-4,-4,8,16,14,21,15,128,41,15,7,1,22,22,1,1,8,1,1,0,True,True,True,True,0,7,-4,-4,False,67,13,2,1,1,0,3,-4,-4,2014,62,1,1,True,Unknown,True,True,True,False,True,True
NACC426315,6,7,-4,-4,-4,-4,-4,,-4,-4,-4,-4,-4,-4,-4,252,73,-4,-4,-4,-4,-4,0,0,1,1,2,0,False,False,False,False,1,1,1,0,False,88,18,2,1,1,0,4,-4,-4,8888,-4,-4,-4,False,Unknown,False,False,False,True,True,True
NACC426588,21,12,-4,-4,-4,-4,-4,,-4,-4,-4,-4,-4,-4,-4,127,34,-4,-4,-4,-4,-4,1,1,0,1,2,0,True,True,True,True,0,7,0,0,False,65,16,1,1,1,0,4,-4,-4,2000,-4,-4,-4,True,Unknown,False,True,True,False,True,True
NACC426969,16,5,-4,-4,-4,-4,-4,,-4,-4,-4,-4,-4,-4,-4,996,65,-4,-4,-4,-4,-4,0,0,1,1,2,0,True,True,True,True,1,1,1,0,False,85,18,1,1,1,0,4,-4,-4,8888,-4,-4,-4,False,Unknown,False,False,False,True,True,True
NACC427036,12,5,9,8,28,0,0,,-4,-4,0,11,10,10,11,996,150,6,1,0,17,17,0,0,8,1,1,1,True,False,True,True,0,7,-4,-4,False,70,18,2,1,1,0,3,-4,-4,8888,68,1,1,True,A-,True,False,False,False,False,False
NACC427596,6,6,4,4,29,8,8,,-4,-4,8,5,5,0,0,996,48,15,0,0,6,6,-4,0,1,1,2,0,True,False,True,True,1,1,-4,-4,False,65,14,1,1,1,0,4,-4,-4,-4,888,0,1,False,Unknown,True,False,False,True,True,True
NACC427998,15,12,13,16,32,8,0,,-4,-4,8,18,14,15,13,77,30,12,9,1,26,26,0,0,8,1,1,1,True,False,True,True,0,7,-4,-4,False,59,20,1,1,1,1,3,-4,-4,8888,59,0,1,False,A-,True,False,False,False,False,False
NACC428894,16,8,12,15,24,0,0,,-4,-4,0,17,14,15,13,67,25,12,7,1,24,24,1,1,0,1,1,0,True,True,True,True,0,7,-4,-4,False,50,16,1,1,1,0,4,-4,-4,2016,41,1,1,True,A-,True,True,True,False,True,True
NACC429067,-4,-4,-4,-4,-4,-4,-4,,-4,-4,-4,-4,-4,-4,-4,-4,-4,-4,-4,-4,-4,-4,0,0,1,1,1,0,False,True,False,False,0,7,0,0,False,77,18,1,1,1,0,4,-4,-4,8888,-4,-4,-4,False,Unknown,False,False,False,True,True,True
NACC429226,11,7,-4,-4,-4,-4,-4,,-4,-4,-4,-4,-4,-4,-4,189,60,-4,-4,-4,-4,-4,0,0,1,1,1,0,False,False,False,True,0,7,0,0,False,79,13,1,1,1,0,4,-4,-4,8888,-4,-4,-4,False,Unknown,False,False,False,True,True,True
NACC429328,5,4,-4,-4,-4,-4,-4,,-4,-4,-4,-4,-4,-4,-4,996,996,-4,-4,-4,-4,-4,0,0,1,1,1,0,False,False,False,False,0,7,0,0,False,77,13,1,1,1,0,4,-4,-4,8888,-4,-4,-4,False,Unknown,False,False,False,True,True,True
NACC429716,21,12,-4,-4,-4,-4,-4,,-4,-4,-4,-4,-4,-4,-4,90,38,-4,-4,-4,-4,-4,1,1,8,8,8,0,True,True,True,True,8,8,8,8,False,78,18,1,1,1,0,1,-4,-4,2010,-4,-4,-4,False,Unknown,False,True,True,False,True,True
NACC430058,5,0,8,4,28,8,8,,-4,-4,8,0,0,0,0,996,64,15,0,1,17,18,-4,0,0,1,2,0,True,False,True,True,1,1,-4,-4,False,86,12,1,1,1,0,4,-4,-4,-4,84,0,1,False,Unknown,True,False,False,False,False,False
NACC430110,17,14,14,13,31,8,8,,-4,-4,8,22,16,21,16,105,38,14,12,1,25,25,-4,0,8,1,1,1,True,False,True,True,0,7,-4,-4,False,72,14,1,1,1,0,2,-4,-4,-4,67,0,1,False,Unknown,True,False,False,False,False,False
NACC430281,98,98,98,98,98,8,8,,-4,-4,8,98,98,98,98,998,998,98,98,98,88,88,-4,0,1,1,1,0,True,False,True,True,0,7,-4,-4,False,78,18,1,1,1,0,4,-4,-4,-4,77,0,1,False,Unknown,False,False,False,True,True,True
NACC430374,11,6,18,17,26,8,0,,-4,-4,8,5,4,0,0,102,28,15,5,1,18,18,0,0,8,1,1,0,True,False,True,True,0,7,-4,-4,False,81,18,1,1,1,0,3,-4,-4,8888,79,0,1,False,A-,True,False,False,False,False,False
NACC430465,3,0,96,96,25,8,8,,-4,-4,8,96,96,96,96,996,996,10,0,0,6,6,0,0,1,1,1,0,True,False,True,True,0,7,-4,-4,False,84,15,2,1,1,0,4,-4,-4,8888,888,0,1,False,Unknown,False,False,False,True,True,True
NACC430620,0,0,-4,-4,-4,-4,-4,,-4,-4,-4,-4,-4,-4,-4,996,996,-4,-4,-4,-4,-4,0,0,1,1,2,0,True,True,True,True,1,2,0,1,False,79,16,1,1,1,0,4,-4,-4,8888,-4,-4,-4,False,Unknown,False,False,False,True,True,True
NACC431338,20,11,-4,-4,-4,-4,-4,,-4,-4,-4,-4,-4,-4,-4,103,58,-4,-4,-4,-4,-4,1,1,0,1,1,0,True,True,True,True,0,7,0,0,False,80,16,1,1,1,0,4,-4,-4,2004,-4,-4,-4,True,Unknown,False,True,True,False,True,True
NACC431477,17,6,6,8,29,8,8,,-4,-4,8,22,17,18,12,118,47,15,12,1,20,21,0,0,1,1,1,0,True,False,True,True,0,7,-4,-4,False,66,12,1,1,1,0,4,-4,-4,8888,64,1,1,True,Unknown,True,False,False,True,True,True
NACC432691,-4,-4,-4,-4,-4,-4,-4,,-4,-4,-4,-4,-4,-4,-4,-4,-4,-4,-4,-4,-4,-4,1,1,8,1,1,0,True,True,True,True,0,7,0,0,False,77,20,1,1,1,0,2,-4,-4,2007,-4,-4,-4,True,Unknown,False,True,True,False,True,True
NACC432800,10,5,9,7,22,8,1,,-4,-4,8,2,3,0,0,996,84,17,6,0,17,17,0,0,0,1,2,1,True,False,True,True,1,1,-4,-4,False,72,18,1,2,1,1,4,-4,-4,8888,70,1,1,False,A+,True,False,False,False,False,False
NACC432942,8,9,6,6,24,8,8,,-4,-4,8,5,5,5,5,996,150,9,3,0,16,16,9,0,1,1,1,0,True,False,True,True,0,7,-4,-4,False,63,13,2,1,1,0,4,-4,-4,8888,62,0,1,False,Unknown,True,False,False,True,True,True
NACC433163,17,14,14,18,97,8,8,,-4,-4,8,97,97,97,97,81,25,15,15,1,26,26,0,1,8,1,1,1,True,False,True,True,0,7,-4,-4,True,77,18,1,1,1,0,3,-4,-4,8888,76,0,1,True,Unknown,False,False,True,False,False,True
NACC433394,12,11,-4,-4,-4,-4,-4,,-4,-4,-4,-4,-4,-4,-4,300,71,-4,-4,-4,-4,-4,0,0,1,1,1,0,False,False,False,True,1,2,1,0,False,59,12,2,1,1,0,4,-4,-4,8888,-4,-4,-4,False,Unknown,False,False,False,True,True,True
NACC433707,96,96,-4,-4,-4,-4,-4,,-4,-4,-4,-4,-4,-4,-4,996,996,-4,-4,-4,-4,-4,0,1,0,1,2,0,True,False,True,True,1,1,0,1,False,72,12,2,8,5,0,4,-4,-4,8888,-4,-4,-4,False,Unknown,False,False,True,False,False,True
NACC433881,3,4,-4,-4,-4,-4,-4,,-4,-4,-4,-4,-4,-4,-4,300,80,-4,-4,-4,-4,-4,1,1,0,1,2,0,True,True,True,True,1,1,1,0,False,94,14,2,1,1,0,4,-4,-4,2013,-4,-4,-4,False,Unknown,False,True,True,False,True,True
NACC435155,96,96,-4,-4,-4,-4,-4,,-4,-4,-4,-4,-4,-4,-4,996,996,-4,-4,-4,-4,-4,0,1,0,1,3,0,True,True,True,True,1,1,1,0,False,76,20,2,1,1,0,4,-4,-4,8888,-4,-4,-4,True,Unknown,False,False,True,False,False,True
NACC436070,95,95,-4,-4,-4,-4,-4,,-4,-4,-4,-4,-4,-4,-4,995,995,-4,-4,-4,-4,-4,1,1,1,1,1,0,True,True,True,True,0,7,0,0,False,72,20,1,1,5,0,4,-4,-4,1985,-4,-4,-4,False,Unknown,False,True,True,True,True,True
NACC436793,97,97,-4,-4,-4,-4,-4,,-4,-4,-4,-4,-4,-4,-4,997,997,-4,-4,-4,-4,-4,1,1,0,1,2,0,True,True,True,True,1,1,1,0,False,78,10,2,1,2,0,4,-4,-4,2007,-4,-4,-4,True,Unknown,False,True,True,False,True,True
NACC437439,14,11,18,10,32,1,8,,-4,-4,8,22,16,16,14,300,64,16,5,1,24,24,0,0,0,1,2,0,True,False,True,True,1,1,-4,-4,False,82,16,1,1,1,0,4,-4,-4,8888,70,1,1,True,A+,True,False,False,False,False,False
NACC437524,19,12,16,14,32,0,8,,-4,-4,8,14,12,14,10,121,52,17,15,1,25,25,0,0,8,1,1,1,True,False,True,True,0,7,-4,-4,False,63,16,1,1,1,0,3,-4,-4,8888,61,1,1,False,A-,True,False,False,False,False,False
NACC438263,13,10,-4,-4,-4,-4,-4,,-4,-4,-4,-4,-4,-4,-4,109,55,-4,-4,-4,-4,-4,0,0,1,1,1,0,False,False,False,False,0,7,0,0,False,73,12,1,1,1,9,4,-4,-4,8888,-4,-4,-4,False,Unknown,False,False,False,True,True,True
NACC438382,-4,-4,-4,-4,-4,-4,-4,,-4,-4,-4,-4,-4,-4,-4,-4,-4,-4,-4,-4,-4,-4,0,0,1,1,1,0,True,True,True,True,0,7,0,0,False,79,20,1,1,1,0,4,-4,-4,8888,-4,-4,-4,False,Unknown,False,False,False,True,True,True
NACC438730,9,4,-4,-4,-4,-4,-4,,-4,-4,-4,-4,-4,-4,-4,300,150,-4,-4,-4,-4,-4,0,0,1,1,1,0,False,True,False,True,0,7,0,0,False,83,18,1,1,1,0,4,-4,-4,8888,-4,-4,-4,False,Unknown,False,False,False,True,True,True
NACC439595,4,0,-4,-4,-4,-4,-4,,-4,-4,-4,-4,-4,-4,-4,996,148,-4,-4,-4,-4,-4,1,1,0,1,3,0,True,True,True,True,1,1,1,0,False,87,9,2,2,1,1,4,-4,-4,2014,-4,-4,-4,True,Unknown,False,True,True,False,True,True
NACC439777,4,2,-4,-4,-4,-4,-4,,-4,-4,-4,-4,-4,-4,-4,996,128,-4,-4,-4,-4,-4,0,0,1,1,2,0,False,True,False,False,1,1,1,0,False,74,18,1,1,2,0,4,-4,-4,8888,-4,-4,-4,False,Unknown,False,False,False,True,True,True
NACC439816,11,7,8,6,-4,8,8,,-4,-4,8,16,14,17,12,-4,-4,-4,-4,-4,-4,-4,0,0,8,1,1,0,True,False,True,True,1,2,-4,-4,False,73,19,1,1,1,0,3,-4,-4,8888,72,1,1,True,Unknown,False,False,False,False,False,False
NACC440231,9,6,4,5,26,8,8,,-4,-4,8,3,3,2,1,997,130,7,3,1,16,17,0,0,1,0,7,0,True,True,False,True,0,7,-4,-4,False,64,12,1,1,1,0,4,-4,-4,8888,60,0,1,True,Unknown,True,False,False,True,True,True
NACC440315,15,15,-4,-4,-4,-4,-4,,-4,-4,-4,-4,-4,-4,-4,102,57,-4,-4,-4,-4,-4,0,1,8,1,1,0,True,True,True,True,0,7,0,0,False,70,20,1,1,1,0,3,-4,-4,8888,-4,-4,-4,False,Unknown,False,False,True,False,False,True
NACC440397,96,96,-4,-4,-4,-4,-4,,-4,-4,-4,-4,-4,-4,-4,996,996,-4,-4,-4,-4,-4,0,0,1,1,2,0,True,False,True,True,1,1,1,0,False,88,16,2,1,2,0,4,-4,-4,8888,-4,-4,-4,False,Unknown,False,False,False,True,True,True
NACC440597,-4,-4,-4,-4,-4,-4,-4,,-4,-4,-4,-4,-4,-4,-4,-4,-4,-4,-4,-4,-4,-4,1,1,0,1,1,0,True,True,True,True,0,7,0,0,False,82,12,2,1,1,0,4,-4,-4,2011,-4,-4,-4,True,Unknown,False,True,True,False,True,True
NACC440659,7,8,-4,-4,-4,-4,-4,,-4,-4,-4,-4,-4,-4,-4,165,61,-4,-4,-4,-4,-4,0,0,1,1,1,0,False,True,False,False,1,2,1,0,False,64,18,1,1,1,0,4,-4,-4,8888,-4,-4,-4,False,Unknown,False,False,False,True,True,True
NACC441004,10,10,-4,-4,-4,-4,-4,,-4,-4,-4,-4,-4,-4,-4,206,50,-4,-4,-4,-4,-4,1,1,8,1,1,0,True,True,True,True,0,7,0,0,False,82,14,2,1,1,0,3,-4,-4,2007,-4,-4,-4,False,Unknown,False,True,True,False,True,True
NACC441212,16,6,9,9,30,8,8,,-4,-4,8,7,7,5,4,300,67,13,7,0,24,24,0,0,1,1,1,0,True,True,True,True,0,7,-4,-4,False,58,16,1,1,1,0,4,-4,-4,8888,57,0,1,False,Unknown,True,False,False,True,True,True
NACC441336,21,12,11,9,30,8,8,,-4,-4,8,21,17,17,15,100,60,10,11,1,27,27,0,0,8,1,1,1,True,False,True,True,0,7,-4,-4,False,60,20,1,1,1,0,3,-4,-4,8888,58,1,1,False,Unknown,True,False,False,False,False,False
NACC441348,20,16,14,7,32,8,8,,-4,-4,8,14,10,11,10,996,31,17,7,1,23,23,1,1,8,1,1,1,True,True,True,True,0,7,-4,-4,False,65,14,1,1,1,0,3,-4,-4,2015,61,1,1,True,Unknown,True,True,True,False,True,True
NACC441455,2,3,-4,-4,-4,-4,-4,,-4,-4,-4,-4,-4,-4,-4,300,150,-4,-4,-4,-4,-4,0,0,1,1,1,0,True,True,True,True,0,7,0,0,False,76,8,1,1,2,0,4,-4,-4,8888,-4,-4,-4,False,Unknown,False,False,False,True,True,True
NACC441562,13,3,3,4,22,8,8,,-4,-4,8,5,5,3,3,996,142,13,5,0,14,14,0,0,1,1,1,0,True,True,True,True,0,7,-4,-4,False,75,18,1,1,1,0,4,-4,-4,8888,72,1,1,False,Unknown,True,False,False,True,True,True
NACC441591,-4,-4,-4,-4,-4,-4,-4,,-4,-4,-4,-4,-4,-4,-4,-4,-4,-4,-4,-4,-4,-4,1,1,8,1,1,0,True,True,True,True,0,7,0,0,False,67,18,1,1,1,0,3,-4,-4,2005,-4,-4,-4,True,Unknown,False,True,True,False,True,True
NACC441748,10,0,7,12,22,8,8,,-4,-4,8,20,11,12,7,300,135,15,97,97,11,11,1,0,1,1,1,0,True,True,True,True,0,7,-4,-4,False,74,13,1,2,1,1,4,-4,-4,2007,64,1,1,False,Unknown,True,True,False,True,True,True
NACC441868,3,1,-4,-4,-4,-4,-4,,-4,-4,-4,-4,-4,-4,-4,997,150,-4,-4,-4,-4,-4,1,1,0,1,2,0,True,True,True,True,1,1,1,0,False,68,2,2,2,50,1,4,-4,-4,2005,-4,-4,-4,False,Unknown,False,True,True,False,True,True
NACC442642,12,97,-4,-4,-4,-4,-4,,-4,-4,-4,-4,-4,-4,-4,996,99,-4,-4,-4,-4,-4,0,0,1,1,2,0,False,False,False,True,1,1,0,1,False,81,16,1,1,1,0,4,-4,-4,8888,-4,-4,-4,False,Unknown,False,False,False,True,True,True
NACC442680,4,9,12,9,31,0,8,,-4,-4,8,11,10,6,7,300,150,14,6,1,19,19,1,1,1,1,1,1,True,True,True,True,0,7,-4,-4,True,74,20,1,1,1,0,4,-4,-4,2016,65,1,1,True,A-,True,True,True,True,True,True
NACC442689,16,8,-4,-4,-4,-4,-4,,-4,-4,-4,-4,-4,-4,-4,995,995,-4,-4,-4,-4,-4,1,1,8,1,1,0,True,True,True,True,0,7,0,0,False,78,16,1,1,1,0,3,-4,-4,1984,-4,-4,-4,True,Unknown,False,True,True,False,True,True
NACC442991,1,2,-4,-4,-4,-4,-4,,-4,-4,-4,-4,-4,-4,-4,996,996,-4,-4,-4,-4,-4,1,1,1,1,1,0,False,True,False,True,1,2,0,1,False,61,12,1,8,5,0,4,-4,-4,2006,-4,-4,-4,True,Unknown,False,True,True,True,True,True
NACC443012,12,9,-4,-4,-4,-4,-4,,-4,-4,-4,-4,-4,-4,-4,264,84,-4,-4,-4,-4,-4,0,0,1,1,2,0,True,False,True,True,1,1,0,1,False,91,12,2,1,1,0,4,-4,-4,8888,-4,-4,-4,False,Unknown,False,False,False,True,True,True
NACC443035,22,13,18,10,29,8,8,,-4,-4,8,27,22,24,18,101,24,17,17,1,28,28,-4,1,8,8,8,0,True,False,True,True,8,8,-4,-4,False,84,18,2,1,1,0,1,-4,-4,-4,81,1,1,True,Unknown,True,False,True,False,False,True
NACC443055,12,11,10,12,22,1,8,,-4,-4,8,6,5,2,2,255,52,15,10,1,21,21,0,0,8,1,1,1,True,False,True,True,0,7,-4,-4,False,81,16,2,1,1,0,3,-4,-4,8888,79,1,1,False,A+,True,False,False,False,False,False
NACC443196,11,5,7,13,29,8,8,,-4,-4,8,8,8,4,5,300,150,9,4,0,12,12,0,0,1,1,1,0,True,False,True,True,0,7,-4,-4,False,74,20,1,1,1,0,4,-4,-4,8888,73,0,0,False,Unknown,True,False,False,True,True,True
NACC443536,18,4,12,6,28,8,8,,-4,-4,8,7,6,0,0,998,43,16,5,0,10,99,0,0,1,1,2,0,True,False,True,True,1,1,-4,-4,False,79,99,1,1,1,0,4,-4,-4,8888,888,0,1,False,Unknown,True,False,False,True,True,True
NACC443696,19,9,-4,-4,-4,-4,-4,,-4,-4,-4,-4,-4,-4,-4,300,88,-4,-4,-4,-4,-4,0,0,1,1,1,0,False,False,False,False,0,7,0,0,False,77,16,2,1,1,9,4,-4,-4,8888,-4,-4,-4,False,Unknown,False,False,False,True,True,True
NACC443763,13,7,12,11,30,0,8,,-4,-4,8,11,10,11,10,300,60,13,7,1,24,24,0,0,1,1,1,1,True,True,True,True,0,7,-4,-4,True,69,19,2,1,1,0,4,-4,-4,8888,63,1,1,True,A-,True,False,False,True,True,True
NACC444101,26,17,21,18,32,8,8,,-4,-4,8,22,13,14,11,104,27,14,8,1,30,30,1,1,8,1,1,0,True,True,True,True,0,7,-4,-4,False,68,18,2,1,1,0,3,-4,-4,2008,59,1,1,True,Unknown,True,True,True,False,True,True
NACC444131,97,97,-4,-4,-4,-4,-4,,-4,-4,-4,-4,-4,-4,-4,997,997,-4,-4,-4,-4,-4,1,1,0,1,3,0,True,True,True,True,1,1,1,0,False,85,15,2,1,2,0,4,-4,-4,2009,-4,-4,-4,False,Unknown,False,True,True,False,True,True
NACC446535,13,9,4,9,28,0,8,,-4,-4,0,2,3,8,7,221,48,14,3,1,16,17,0,0,0,1,2,0,True,False,True,True,0,7,-4,-4,False,79,12,2,1,1,0,4,-4,-4,8888,78,1,1,False,A-,True,False,False,False,False,False
NACC446715,18,14,6,12,-4,8,8,,-4,-4,8,-4,-4,-4,-4,135,37,17,5,1,-4,-4,-4,1,8,1,1,0,True,False,True,True,0,7,-4,-4,False,90,16,2,1,1,0,3,-4,-4,-4,84,1,1,True,Unknown,False,False,True,False,False,True
NACC446929,5,0,-4,-4,-4,-4,-4,,-4,-4,-4,-4,-4,-4,-4,996,996,-4,-4,-4,-4,-4,0,0,1,1,2,0,True,False,True,True,1,1,1,0,False,67,15,1,1,1,0,4,-4,-4,8888,-4,-4,-4,False,Unknown,False,False,False,True,True,True
NACC446982,97,97,-4,-4,-4,-4,-4,,-4,-4,-4,-4,-4,-4,-4,997,997,-4,-4,-4,-4,-4,0,0,1,1,1,0,False,True,False,True,1,2,0,1,False,69,16,1,1,1,0,4,-4,-4,8888,-4,-4,-4,False,Unknown,False,False,False,True,True,True
NACC447043,4,0,-4,-4,-4,-4,-4,,-4,-4,-4,-4,-4,-4,-4,995,995,-4,-4,-4,-4,-4,0,0,1,1,1,0,False,False,False,False,1,2,0,1,False,90,8,1,2,50,1,4,-4,-4,8888,-4,-4,-4,False,Unknown,False,False,False,True,True,True
NACC447479,7,6,-4,-4,-4,-4,-4,,-4,-4,-4,-4,-4,-4,-4,996,102,-4,-4,-4,-4,-4,0,0,1,1,2,0,False,False,False,True,1,1,1,0,False,78,12,1,1,1,0,4,-4,-4,8888,-4,-4,-4,False,Unknown,False,False,False,True,True,True
NACC447722,11,5,11,12,32,8,1,,-4,-4,8,16,12,4,7,996,150,8,4,0,88,88,9,0,1,1,1,1,True,False,True,True,0,7,-4,-4,True,76,12,1,1,1,0,4,-4,-4,8888,73,1,1,False,A+,True,False,False,True,True,True
NACC447773,13,6,-4,-4,-4,-4,-4,,-4,-4,-4,-4,-4,-4,-4,996,87,-4,-4,-4,-4,-4,0,0,1,1,2,0,False,False,False,False,1,1,0,1,False,83,14,1,1,1,0,4,-4,-4,8888,-4,-4,-4,False,Unknown,False,False,False,True,True,True
NACC447803,26,12,14,11,-4,8,8,,-4,-4,8,-4,-4,-4,-4,86,36,17,12,1,-4,-4,-4,1,8,1,1,0,True,False,True,True,0,7,-4,-4,False,71,21,2,1,1,0,3,-4,-4,-4,70,0,1,True,Unknown,False,False,True,False,False,True
NACC448367,17,10,19,16,32,-4,-4,,-4,-4,-4,23,19,26,19,110,50,13,11,0,23,23,0,-4,0,1,1,1,True,False,True,True,0,8,-4,-4,False,82,20,1,1,-4,0,3,19,888,-4,-4,-4,1,False,Unknown,True,False,False,False,False,False
NACC448673,17,6,12,16,32,8,8,,-4,-4,8,27,18,19,15,112,38,12,1,0,18,18,1,0,1,1,1,0,True,True,True,True,0,7,-4,-4,False,79,16,1,1,1,0,4,-4,-4,9999,78,0,1,False,Unknown,True,True,False,True,True,True
NACC448941,9,5,-4,-4,-4,-4,-4,,-4,-4,-4,-4,-4,-4,-4,996,150,-4,-4,-4,-4,-4,0,0,1,1,1,0,True,True,True,True,0,7,0,0,False,60,11,1,2,50,1,4,-4,-4,8888,-4,-4,-4,False,Unknown,False,False,False,True,True,True
NACC449410,95,95,-4,-4,-4,-4,-4,,-4,-4,-4,-4,-4,-4,-4,997,997,-4,-4,-4,-4,-4,0,0,1,1,1,0,True,True,True,True,0,7,0,0,False,87,12,2,1,2,0,4,-4,-4,8888,-4,-4,-4,False,Unknown,False,False,False,True,True,True
NACC449865,16,6,16,15,29,8,8,,-4,-4,8,21,13,17,13,147,34,15,11,1,28,28,1,1,8,1,1,1,True,True,True,True,0,7,-4,-4,False,69,18,2,1,1,0,3,-4,-4,2023,64,1,1,True,Unknown,True,True,True,False,True,True
NACC450152,8,5,4,4,24,8,8,,-4,-4,8,15,12,7,7,300,119,13,9,0,14,14,0,0,1,1,1,0,True,True,True,True,0,7,-4,-4,False,81,18,1,1,1,0,4,-4,-4,8888,79,0,1,False,Unknown,True,False,False,True,True,True
NACC450334,-4,-4,-4,-4,-4,-4,-4,,-4,-4,-4,-4,-4,-4,-4,-4,-4,-4,-4,-4,-4,-4,0,1,0,1,2,0,True,False,True,True,1,1,1,0,False,78,16,1,1,1,0,4,-4,-4,8888,-4,-4,-4,False,Unknown,False,False,True,False,False,True
NACC450623,13,12,9,6,23,8,8,,-4,-4,8,14,11,14,13,996,996,16,3,1,10,11,0,0,1,1,1,1,True,True,True,True,0,7,-4,-4,False,85,5,2,2,1,1,4,-4,-4,8888,80,0,1,False,Unknown,True,False,False,True,True,True
NACC450771,18,10,11,8,-4,8,8,,-4,-4,8,13,12,10,10,-4,-4,-4,-4,-4,-4,-4,1,1,0,1,1,0,True,True,True,True,0,7,-4,-4,False,76,12,2,2,50,1,4,-4,-4,2019,74,1,1,True,Unknown,False,True,True,False,True,True
NACC451268,15,11,-4,-4,-4,-4,-4,,-4,-4,-4,-4,-4,-4,-4,996,46,-4,-4,-4,-4,-4,1,1,8,1,1,0,True,True,True,True,0,7,0,0,False,63,12,1,1,1,0,3,-4,-4,2003,-4,-4,-4,True,Unknown,False,True,True,False,True,True
NACC451282,12,6,-4,-4,-4,-4,-4,,-4,-4,-4,-4,-4,-4,-4,269,103,-4,-4,-4,-4,-4,9,0,1,1,1,0,True,True,True,True,0,7,0,0,False,85,20,1,8,1,1,4,-4,-4,8888,-4,-4,-4,False,Unknown,False,False,False,True,True,True
NACC451352,7,0,-4,-4,-4,-4,-4,,-4,-4,-4,-4,-4,-4,-4,998,998,-4,-4,-4,-4,-4,0,0,1,1,1,0,True,True,True,True,0,7,0,0,False,67,18,2,1,1,0,4,-4,-4,8888,-4,-4,-4,True,Unknown,False,False,False,True,True,True
NACC451870,12,10,-4,-4,-4,-4,-4,,-4,-4,-4,-4,-4,-4,-4,300,69,-4,-4,-4,-4,-4,1,1,0,1,2,0,True,True,True,True,1,1,0,1,False,88,20,1,1,1,0,4,-4,-4,2004,-4,-4,-4,True,Unknown,False,True,True,False,True,True
NACC452245,16,11,-4,-4,-4,-4,-4,,-4,-4,-4,-4,-4,-4,-4,258,51,-4,-4,-4,-4,-4,1,1,0,1,1,0,True,True,True,True,0,7,0,0,False,64,14,1,1,1,0,4,-4,-4,1998,-4,-4,-4,True,Unknown,False,True,True,False,True,True
NACC452372,8,4,5,6,25,8,8,,-4,-4,8,16,14,11,10,996,114,17,7,0,19,19,0,0,1,1,1,0,True,True,True,True,0,7,-4,-4,False,85,16,1,1,1,0,4,-4,-4,8888,81,0,1,False,Unknown,True,False,False,True,True,True
NACC452447,17,10,-4,-4,-4,-4,-4,,-4,-4,-4,-4,-4,-4,-4,300,92,-4,-4,-4,-4,-4,1,1,1,1,1,0,False,True,False,True,0,7,0,0,False,76,15,2,1,1,0,4,-4,-4,2005,-4,-4,-4,False,Unknown,False,True,True,True,True,True
NACC453019,16,13,11,11,32,8,8,,-4,-4,8,23,15,17,14,84,29,16,8,1,24,24,-4,1,8,1,1,0,True,False,True,True,0,7,-4,-4,False,52,16,1,1,1,1,2,-4,-4,-4,50,1,1,True,Unknown,True,False,True,False,False,True
NACC453561,18,15,-4,-4,-4,-4,-4,,-4,-4,-4,-4,-4,-4,-4,300,64,-4,-4,-4,-4,-4,1,1,8,1,1,0,True,True,True,True,0,7,0,0,False,85,12,2,1,1,0,3,-4,-4,2005,-4,-4,-4,True,Unknown,False,True,True,False,True,True
NACC453633,16,11,10,12,32,8,8,,-4,-4,8,22,17,21,16,158,51,14,11,1,28,28,-4,0,8,1,1,1,True,False,True,True,0,7,-4,-4,False,75,18,1,1,1,0,3,-4,-4,-4,73,1,1,False,Unknown,True,False,False,False,False,False
NACC453653,0,0,-4,-4,-4,-4,-4,,-4,-4,-4,-4,-4,-4,-4,997,997,-4,-4,-4,-4,-4,1,0,1,1,2,0,True,True,True,True,1,1,0,1,False,75,18,2,1,2,0,4,-4,-4,9999,-4,-4,-4,False,Unknown,False,True,False,True,True,True
NACC453765,0,0,-4,-4,-4,-4,-4,,-4,-4,-4,-4,-4,-4,-4,996,996,-4,-4,-4,-4,-4,0,0,1,1,2,0,True,True,True,True,1,1,0,1,False,84,18,1,1,1,0,4,-4,-4,8888,-4,-4,-4,False,Unknown,False,False,False,True,True,True
NACC453815,97,97,97,97,97,8,8,,-4,-4,8,97,97,97,97,997,997,97,97,97,16,17,0,1,0,1,2,0,True,False,True,True,1,1,-4,-4,False,58,9,2,3,5,0,4,-4,-4,8888,55,0,1,False,Unknown,False,False,True,False,False,True
NACC453917,10,6,-4,-4,-4,-4,-4,,-4,-4,-4,-4,-4,-4,-4,300,88,-4,-4,-4,-4,-4,0,0,1,1,2,0,False,False,False,True,1,1,1,0,False,79,16,2,1,1,0,4,-4,-4,8888,-4,-4,-4,False,Unknown,False,False,False,True,True,True
NACC454221,21,7,13,10,31,8,8,,-4,-4,8,17,12,14,11,80,30,16,12,1,21,21,-4,1,1,1,1,0,True,False,True,True,0,7,-4,-4,False,85,19,1,1,1,0,4,-4,-4,-4,83,1,1,False,Unknown,True,False,True,True,True,True
NACC455018,10,6,9,16,29,8,8,,-4,-4,8,5,6,0,0,156,67,17,3,1,19,19,-4,1,8,1,2,0,True,False,True,True,1,1,-4,-4,False,73,18,1,1,1,0,3,-4,-4,-4,69,1,1,False,Unknown,True,False,True,False,False,True
NACC455071,97,97,97,97,97,8,8,,-4,-4,8,97,97,97,97,997,997,97,97,97,88,88,-4,1,8,1,1,0,True,False,True,True,0,7,-4,-4,False,82,18,1,1,1,0,3,-4,-4,-4,75,1,1,False,Unknown,False,False,True,False,False,True
NACC455289,8,9,-4,-4,-4,-4,-4,,-4,-4,-4,-4,-4,-4,-4,998,64,-4,-4,-4,-4,-4,0,0,1,1,2,0,True,True,True,True,0,7,0,0,False,62,12,2,1,1,0,4,-4,-4,8888,-4,-4,-4,False,Unknown,False,False,False,True,True,True
NACC455389,10,7,3,2,29,8,8,,-4,-4,8,9,9,11,11,300,76,15,11,1,23,23,-4,1,1,1,1,0,True,False,True,True,0,7,-4,-4,True,66,16,1,1,1,0,4,-4,-4,-4,66,1,1,True,Unknown,True,False,True,True,True,True
NACC455599,21,8,-4,-4,-4,-4,-4,,-4,-4,-4,-4,-4,-4,-4,214,48,-4,-4,-4,-4,-4,0,0,8,1,1,0,True,True,True,True,0,7,0,0,False,72,18,1,1,1,0,3,-4,-4,8888,-4,-4,-4,False,Unknown,False,False,False,False,False,False
NACC456133,0,0,-4,-4,-4,-4,-4,,-4,-4,-4,-4,-4,-4,-4,997,997,-4,-4,-4,-4,-4,0,0,1,1,2,0,False,False,False,False,1,1,1,0,False,61,16,1,1,5,0,4,-4,-4,8888,-4,-4,-4,False,Unknown,False,False,False,True,True,True
NACC456230,-4,-4,-4,-4,-4,-4,-4,,-4,-4,-4,-4,-4,-4,-4,-4,-4,-4,-4,-4,-4,-4,0,0,8,1,1,0,True,False,True,True,0,7,0,0,False,79,19,1,1,1,0,2,-4,-4,8888,-4,-4,-4,False,Unknown,False,False,False,False,False,False
NACC456602,1,96,1,96,27,8,1,,-4,-4,8,5,4,3,2,996,996,0,96,96,7,7,0,0,1,1,2,0,True,False,True,True,1,1,-4,-4,False,61,15,1,1,1,0,4,-4,-4,8888,888,1,1,False,A+,False,False,False,True,True,True
NACC457242,2,0,96,96,98,8,8,,-4,-4,8,96,96,96,96,996,996,96,96,96,1,1,0,0,1,1,2,0,False,False,False,False,1,1,-4,-4,False,71,16,2,1,1,0,4,-4,-4,8888,888,0,0,False,Unknown,False,False,False,True,True,True
NACC457438,25,10,9,7,32,8,8,,-4,-4,8,28,21,24,20,91,39,15,11,1,24,24,-4,0,8,1,1,1,True,False,True,True,0,7,-4,-4,False,77,20,1,1,1,0,3,-4,-4,-4,888,0,1,False,Unknown,True,False,False,False,False,False
NACC457553,96,96,96,96,96,8,8,,-4,-4,8,96,96,96,96,996,996,96,96,96,88,88,9,1,1,1,1,0,True,True,True,True,0,7,-4,-4,False,73,14,2,1,1,0,4,-4,-4,8888,69,8,1,False,Unknown,False,False,True,True,True,True
NACC457687,15,11,11,12,30,8,8,,-4,-4,8,36,22,35,22,72,38,13,13,1,30,30,1,1,8,8,8,0,True,True,True,True,8,8,-4,-4,False,65,18,2,1,1,0,1,-4,-4,2013,61,0,1,True,Unknown,True,True,True,False,True,True
NACC457914,9,7,-4,-4,-4,-4,-4,,-4,-4,-4,-4,-4,-4,-4,300,100,-4,-4,-4,-4,-4,0,0,1,1,1,0,True,False,True,True,0,7,0,0,False,67,14,1,1,1,0,4,-4,-4,8888,-4,-4,-4,False,Unknown,False,False,False,True,True,True
NACC457926,15,11,-4,-4,-4,-4,-4,,-4,-4,-4,-4,-4,-4,-4,996,150,-4,-4,-4,-4,-4,0,0,1,1,1,0,True,True,True,True,0,7,0,0,False,87,5,1,1,1,1,4,-4,-4,8888,-4,-4,-4,False,Unknown,False,False,False,True,True,True
NACC458432,16,4,3,5,28,8,8,,-4,-4,8,12,11,7,9,128,61,14,12,1,24,24,1,1,0,1,2,0,True,True,True,True,0,7,-4,-4,False,40,20,1,1,1,0,4,-4,-4,2021,38,1,1,True,Unknown,True,True,True,False,True,True
NACC458509,10,7,-4,-4,-4,-4,-4,,-4,-4,-4,-4,-4,-4,-4,300,56,-4,-4,-4,-4,-4,0,0,1,1,2,0,False,True,False,False,1,1,1,0,False,65,16,1,1,1,0,4,-4,-4,8888,-4,-4,-4,False,Unknown,False,False,False,True,True,True
NACC458815,98,98,98,98,98,8,8,,-4,-4,8,4,2,98,98,998,998,13,98,98,6,7,1,0,1,1,1,0,True,True,True,True,0,7,-4,-4,False,85,12,2,1,1,0,4,-4,-4,2010,79,1,1,True,Unknown,False,True,False,True,True,True
NACC458830,16,9,7,11,-4,8,8,,-4,-4,8,15,16,14,14,-4,-4,-4,-4,-4,-4,-4,-4,0,8,1,1,0,True,False,True,True,0,7,-4,-4,False,79,16,1,1,5,0,3,-4,-4,-4,79,-4,-4,False,Unknown,False,False,False,False,False,False
NACC458989,11,6,12,6,24,8,8,,-4,-4,8,8,3,6,5,300,97,17,7,1,18,18,0,0,1,1,2,0,False,False,False,False,1,1,-4,-4,False,77,18,2,1,1,0,4,-4,-4,8888,888,0,0,False,Unknown,True,False,False,True,True,True
NACC459784,22,10,-4,-4,-4,-4,-4,,-4,-4,-4,-4,-4,-4,-4,72,51,-4,-4,-4,-4,-4,1,1,8,1,1,0,True,True,True,True,0,7,0,0,False,71,18,1,1,5,0,3,-4,-4,2014,-4,-4,-4,True,Unknown,False,True,True,False,True,True
NACC460312,25,11,-4,-4,-4,-4,-4,,-4,-4,-4,-4,-4,-4,-4,120,35,-4,-4,-4,-4,-4,9,0,1,1,1,0,False,True,False,True,0,7,0,0,False,66,12,1,1,1,0,4,-4,-4,8888,-4,-4,-4,False,Unknown,False,False,False,True,True,True
NACC460661,16,15,-4,-4,-4,-4,-4,,-4,-4,-4,-4,-4,-4,-4,163,36,-4,-4,-4,-4,-4,0,0,1,1,1,0,False,False,False,True,0,7,0,0,False,65,12,2,1,1,0,4,-4,-4,8888,-4,-4,-4,False,Unknown,False,False,False,True,True,True
NACC460881,19,10,10,10,29,8,8,,-4,-4,8,16,14,14,13,115,35,14,12,1,23,23,1,1,8,1,1,0,True,True,True,True,0,7,-4,-4,False,64,16,1,1,1,0,3,-4,-4,2017,62,1,1,False,Unknown,True,True,True,False,True,True
NACC460990,30,18,21,18,31,8,8,,-4,-4,8,11,6,5,6,71,29,17,10,1,28,28,1,1,8,8,8,0,True,True,True,True,8,8,-4,-4,False,72,20,1,1,1,0,1,-4,-4,2008,61,0,1,True,Unknown,True,True,True,False,True,True
NACC461789,6,8,-4,-4,-4,-4,-4,,-4,-4,-4,-4,-4,-4,-4,996,93,-4,-4,-4,-4,-4,0,0,1,1,1,0,True,False,True,True,0,7,0,0,False,75,8,2,1,1,0,4,-4,-4,8888,-4,-4,-4,False,Unknown,False,False,False,True,True,True
NACC461838,11,6,4,4,-4,8,8,,-4,-4,8,-4,-4,-4,-4,996,51,14,10,1,-4,-4,-4,1,0,0,7,0,True,False,True,True,1,1,-4,-4,False,83,18,1,1,1,0,4,-4,-4,-4,82,1,1,True,Unknown,False,False,True,False,False,True
NACC462081,15,7,12,18,27,1,8,elevated,-4,-4,8,14,13,9,9,176,61,17,6,1,17,17,1,1,8,1,1,1,True,True,True,True,1,2,-4,-4,True,70,18,2,1,1,0,3,-4,-4,2019,67,1,1,True,A+,True,True,True,False,True,True
NACC463517,20,13,-4,-4,-4,-4,-4,,-4,-4,-4,-4,-4,-4,-4,65,48,-4,-4,-4,-4,-4,1,1,8,8,8,0,True,True,True,True,8,8,8,8,False,77,16,2,1,1,0,1,-4,-4,2008,-4,-4,-4,False,Unknown,False,True,True,False,True,True
NACC463586,14,15,20,15,32,0,8,,-4,-4,8,25,20,20,16,102,26,15,9,1,26,26,-4,1,8,8,8,0,True,False,True,True,8,8,-4,-4,False,79,18,1,1,1,0,1,-4,-4,-4,78,8,1,True,A-,True,False,True,False,False,True
NACC463593,9,7,7,8,32,8,8,,-4,-4,8,5,4,8,7,996,123,13,3,0,16,16,0,0,1,1,2,0,True,False,True,True,1,1,-4,-4,False,69,18,1,1,1,0,4,-4,-4,8888,67,0,1,False,Unknown,True,False,False,True,True,True
NACC464461,21,14,14,9,29,8,8,,-4,-4,8,25,18,20,17,71,27,17,11,1,24,24,-4,0,8,8,8,1,True,False,False,True,8,8,-4,-4,False,64,17,1,1,1,0,1,-4,-4,-4,888,0,1,False,Unknown,True,False,False,False,False,False
NACC464757,6,1,-4,-4,-4,-4,-4,,-4,-4,-4,-4,-4,-4,-4,300,150,-4,-4,-4,-4,-4,1,1,0,1,3,0,True,True,True,True,1,1,1,0,False,78,16,1,1,1,0,4,-4,-4,2008,-4,-4,-4,False,Unknown,False,True,True,False,True,True
NACC464836,9,5,-4,-4,-4,-4,-4,,-4,-4,-4,-4,-4,-4,-4,300,77,-4,-4,-4,-4,-4,0,0,1,1,1,0,False,True,False,False,0,7,0,0,False,84,18,1,1,1,0,4,-4,-4,8888,-4,-4,-4,True,Unknown,False,False,False,True,True,True
NACC464850,9,10,-4,-4,-4,-4,-4,,-4,-4,-4,-4,-4,-4,-4,996,142,-4,-4,-4,-4,-4,0,0,1,1,2,0,False,False,False,False,1,1,1,0,False,57,12,1,1,1,0,4,-4,-4,8888,-4,-4,-4,False,Unknown,False,False,False,True,True,True
NACC464990,96,96,-4,-4,-4,-4,-4,,-4,-4,-4,-4,-4,-4,-4,996,996,-4,-4,-4,-4,-4,0,0,1,1,1,0,True,True,True,True,0,7,0,0,False,75,20,1,1,1,0,4,-4,-4,8888,-4,-4,-4,False,Unknown,False,False,False,True,True,True
NACC465390,20,10,12,12,28,8,8,,-4,-4,8,21,13,13,13,111,33,16,7,1,24,24,-4,0,0,1,2,0,True,False,True,True,1,1,-4,-4,False,75,18,1,1,1,0,4,-4,-4,-4,71,1,1,False,Unknown,True,False,False,False,False,False
NACC465439,13,4,-4,-4,-4,-4,-4,,-4,-4,-4,-4,-4,-4,-4,300,95,-4,-4,-4,-4,-4,0,1,8,1,1,0,True,False,True,True,0,7,0,0,False,79,12,1,1,2,0,3,-4,-4,8888,-4,-4,-4,False,Unknown,False,False,True,False,False,True
NACC466582,96,96,-4,-4,-4,-4,-4,,-4,-4,-4,-4,-4,-4,-4,996,996,-4,-4,-4,-4,-4,0,0,1,1,1,0,True,True,True,True,0,7,0,0,False,52,16,2,1,2,0,4,-4,-4,8888,-4,-4,-4,False,Unknown,False,False,False,True,True,True
NACC466661,-4,-4,-4,-4,-4,8,8,,-4,-4,8,-4,-4,-4,-4,-4,-4,-4,-4,-4,-4,-4,-4,1,0,0,7,0,True,False,True,True,1,1,-4,-4,False,79,16,1,1,1,0,4,-4,-4,-4,73,-4,-4,True,Unknown,False,False,True,False,False,True
NACC466842,2,2,12,2,20,8,8,,-4,-4,8,8,3,1,0,997,997,1,0,0,7,7,0,0,1,1,1,1,True,True,True,True,0,7,-4,-4,False,73,20,1,1,1,0,4,-4,-4,8888,70,1,1,False,Unknown,True,False,False,True,True,True
NACC466844,1,2,-4,-4,-4,-4,-4,,-4,-4,-4,-4,-4,-4,-4,996,150,-4,-4,-4,-4,-4,0,0,1,1,1,0,True,True,True,True,0,7,0,0,False,82,12,1,1,1,0,4,-4,-4,8888,-4,-4,-4,False,Unknown,False,False,False,True,True,True
NACC467178,20,9,9,13,27,8,0,,-4,-4,8,20,14,6,8,245,997,13,2,1,18,18,9,0,1,1,1,0,True,True,True,True,0,7,-4,-4,False,74,18,1,1,1,0,4,-4,-4,8888,73,1,1,False,A-,True,False,False,True,True,True
NACC467468,20,16,14,13,30,0,0,,-4,-4,0,14,14,15,16,98,46,16,12,1,25,25,-4,1,8,1,1,0,True,False,True,True,0,7,-4,-4,False,82,18,2,1,1,0,3,-4,-4,-4,79,1,1,False,A-,True,False,True,False,False,True
NACC467575,9,5,-4,-4,-4,-4,-4,,-4,-4,-4,-4,-4,-4,-4,300,47,-4,-4,-4,-4,-4,0,0,1,1,1,0,False,False,False,True,1,2,0,1,False,81,12,1,1,1,0,4,-4,-4,8888,-4,-4,-4,False,Unknown,False,False,False,True,True,True
NACC467703,7,4,-4,-4,-4,-4,-4,,-4,-4,-4,-4,-4,-4,-4,271,78,-4,-4,-4,-4,-4,1,1,8,1,1,0,True,True,True,True,0,7,0,0,False,72,16,1,1,1,0,3,-4,-4,2003,-4,-4,-4,False,Unknown,False,True,True,False,True,True
NACC468273,17,11,-4,-4,-4,-4,-4,,-4,-4,-4,-4,-4,-4,-4,96,33,-4,-4,-4,-4,-4,0,0,1,1,1,0,True,False,True,True,1,2,1,0,False,61,16,1,1,1,0,4,-4,-4,8888,-4,-4,-4,False,Unknown,False,False,False,True,True,True
NACC468413,11,12,-4,-4,-4,-4,-4,,-4,-4,-4,-4,-4,-4,-4,300,67,-4,-4,-4,-4,-4,0,0,8,1,2,0,True,False,True,True,1,1,0,1,False,73,14,1,1,2,0,3,-4,-4,8888,-4,-4,-4,True,Unknown,False,False,False,False,False,False
NACC468686,-4,-4,-4,-4,-4,-4,-4,,-4,-4,-4,-4,-4,-4,-4,-4,-4,-4,-4,-4,-4,-4,0,0,1,1,2,0,False,False,False,False,1,1,1,0,False,61,18,1,1,1,0,4,-4,-4,8888,-4,-4,-4,False,Unknown,False,False,False,True,True,True
NACC468740,13,9,-4,-4,-4,-4,-4,,-4,-4,-4,-4,-4,-4,-4,300,54,-4,-4,-4,-4,-4,0,0,1,1,2,0,False,False,False,False,1,1,1,0,False,60,18,2,1,1,0,4,-4,-4,8888,-4,-4,-4,False,Unknown,False,False,False,True,True,True
NACC469070,11,3,-4,-4,-4,-4,-4,,-4,-4,-4,-4,-4,-4,-4,300,60,-4,-4,-4,-4,-4,0,0,1,1,1,0,False,True,False,False,0,7,0,0,False,65,14,1,1,1,1,4,-4,-4,8888,-4,-4,-4,False,Unknown,False,False,False,True,True,True
NACC469088,19,9,-4,-4,-4,-4,-4,,-4,-4,-4,-4,-4,-4,-4,86,48,-4,-4,-4,-4,-4,1,1,1,1,1,0,True,True,True,True,0,7,0,0,False,66,16,1,1,1,0,4,-4,-4,1997,-4,-4,-4,True,Unknown,False,True,True,True,True,True
NACC469436,17,12,10,11,32,8,8,,-4,-4,8,11,9,9,10,300,46,14,8,1,20,20,-4,0,0,1,1,0,True,False,True,True,0,7,-4,-4,False,71,18,1,1,1,0,4,-4,-4,-4,888,1,1,False,Unknown,True,False,False,False,False,False
NACC469449,17,6,-4,-4,-4,-4,-4,,-4,-4,-4,-4,-4,-4,-4,300,67,-4,-4,-4,-4,-4,0,1,1,1,1,0,True,True,True,True,1,2,1,0,False,61,16,1,1,1,0,4,-4,-4,8888,-4,-4,-4,True,Unknown,False,False,True,True,True,True
NACC469573,33,15,12,14,32,8,8,,-4,-4,8,29,17,25,18,44,21,15,10,1,25,25,1,1,8,8,8,1,True,True,True,True,8,8,-4,-4,False,61,18,2,1,1,0,1,-4,-4,2016,59,1,1,True,Unknown,True,True,True,False,True,True
NACC469831,21,6,16,12,27,1,8,,-4,-4,8,28,18,26,19,120,68,17,8,1,26,26,1,1,8,1,1,1,True,True,True,True,1,2,-4,-4,False,70,14,1,1,1,0,3,-4,-4,2010,46,1,1,True,A+,True,True,True,False,True,True
NACC469888,18,17,13,10,26,8,8,,-4,-4,8,12,17,15,12,151,76,17,12,1,25,25,-4,1,8,1,1,0,True,False,True,True,0,7,-4,-4,False,89,18,2,1,2,0,2,-4,-4,-4,85,1,1,True,Unknown,True,False,True,False,False,True
NACC470026,25,18,19,20,32,8,8,,-4,-4,8,23,18,22,16,55,31,14,12,1,27,27,-4,1,8,8,8,0,True,False,True,True,8,8,-4,-4,False,85,15,2,1,1,0,1,-4,-4,-4,888,0,1,False,Unknown,True,False,True,False,False,True
NACC470039,-4,-4,-4,-4,-4,8,8,,-4,-4,8,-4,-4,-4,-4,-4,-4,-4,-4,-4,-4,-4,-4,1,8,1,1,0,True,False,True,True,0,7,-4,-4,False,79,14,2,1,1,0,3,-4,-4,-4,77,-4,-4,True,Unknown,False,False,True,False,False,True
NACC470109,5,6,-4,-4,-4,-4,-4,,-4,-4,-4,-4,-4,-4,-4,996,90,-4,-4,-4,-4,-4,1,1,0,1,2,0,True,True,True,True,1,1,0,1,False,77,17,2,1,1,0,4,-4,-4,2005,-4,-4,-4,False,Unknown,False,True,True,False,True,True
NACC470903,-4,-4,-4,-4,-4,-4,-4,,-4,-4,-4,-4,-4,-4,-4,-4,-4,-4,-4,-4,-4,-4,1,1,8,8,8,0,True,True,True,True,8,8,8,8,False,73,18,1,1,1,0,1,-4,-4,2003,-4,-4,-4,True,Unknown,False,True,True,False,True,True
NACC470932,96,96,-4,-4,-4,-4,-4,,-4,-4,-4,-4,-4,-4,-4,996,996,-4,-4,-4,-4,-4,1,1,1,1,1,0,True,True,True,True,0,7,0,0,False,80,20,1,1,1,0,4,-4,-4,2006,-4,-4,-4,False,Unknown,False,True,True,True,True,True
NACC470966,10,13,6,7,26,8,8,,-4,-4,8,5,6,1,2,300,61,14,4,0,18,19,0,1,1,1,1,0,True,False,True,True,0,7,-4,-4,False,73,12,2,1,1,0,4,-4,-4,8888,73,1,1,False,Unknown,True,False,True,True,True,True
NACC471477,12,6,-4,-4,-4,-4,-4,,-4,-4,-4,-4,-4,-4,-4,169,38,-4,-4,-4,-4,-4,1,1,8,1,1,0,True,True,True,True,0,7,0,0,False,68,18,1,1,1,0,3,-4,-4,2001,-4,-4,-4,True,Unknown,False,True,True,False,True,True
NACC471879,24,14,20,20,32,8,8,,-4,-4,8,23,17,21,17,46,21,15,11,1,30,30,-4,1,8,8,8,1,True,False,True,True,8,8,-4,-4,False,57,18,1,1,1,0,1,-4,-4,-4,50,1,1,True,Unknown,True,False,True,False,False,True
NACC472227,98,98,98,98,-4,8,8,,-4,-4,8,98,98,98,98,-4,-4,-4,-4,-4,-4,-4,1,1,8,1,2,0,True,True,True,True,1,1,-4,-4,False,70,12,2,1,1,0,3,-4,-4,2018,66,-4,-4,False,Unknown,False,True,True,False,True,True
NACC472341,4,3,4,3,17,8,8,,-4,-4,8,98,98,98,98,996,150,96,96,96,5,5,0,0,0,1,2,0,True,False,True,True,1,1,-4,-4,False,59,14,2,1,1,0,4,-4,-4,8888,888,0,1,False,Unknown,True,False,False,False,False,False
NACC472835,17,13,6,7,30,8,8,,-4,-4,8,14,15,15,15,80,46,17,8,1,26,27,-4,0,8,1,2,0,True,False,True,True,0,7,-4,-4,False,60,12,1,1,1,0,3,-4,-4,-4,59,0,1,False,Unknown,True,False,False,False,False,False
NACC473340,11,10,-4,-4,-4,-4,-4,,-4,-4,-4,-4,-4,-4,-4,300,98,-4,-4,-4,-4,-4,0,0,1,1,1,0,False,True,False,False,0,7,0,0,False,60,13,1,1,1,0,4,-4,-4,8888,-4,-4,-4,True,Unknown,False,False,False,True,True,True
NACC474046,18,15,10,16,27,8,8,,-4,-4,8,16,12,12,11,79,29,13,0,1,18,18,1,0,8,1,1,0,True,True,True,True,0,7,-4,-4,False,58,18,1,8,1,0,3,-4,-4,2013,51,1,1,True,Unknown,True,True,False,False,True,True
NACC474229,24,14,-4,-4,-4,-4,-4,,-4,-4,-4,-4,-4,-4,-4,75,31,-4,-4,-4,-4,-4,1,1,8,1,1,0,True,True,True,True,0,7,0,0,False,67,19,1,1,1,1,3,-4,-4,2014,-4,-4,-4,True,Unknown,False,True,True,False,True,True
NACC474309,96,96,-4,-4,-4,-4,-4,,-4,-4,-4,-4,-4,-4,-4,996,996,-4,-4,-4,-4,-4,0,0,1,1,2,0,False,False,False,False,1,1,1,0,False,81,12,2,1,1,0,4,-4,-4,8888,-4,-4,-4,False,Unknown,False,False,False,True,True,True
NACC474506,17,10,-4,-4,-4,-4,-4,,-4,-4,-4,-4,-4,-4,-4,300,97,-4,-4,-4,-4,-4,0,0,1,1,1,0,False,False,False,True,1,2,0,1,False,76,20,1,1,1,0,4,-4,-4,8888,-4,-4,-4,True,Unknown,False,False,False,True,True,True
NACC474857,14,10,-4,-4,-4,-4,-4,,-4,-4,-4,-4,-4,-4,-4,300,37,-4,-4,-4,-4,-4,0,0,1,1,1,0,False,True,False,True,0,7,0,0,False,64,14,1,1,1,0,4,-4,-4,8888,-4,-4,-4,False,Unknown,False,False,False,True,True,True
NACC474860,7,0,-4,-4,-4,-4,-4,,-4,-4,-4,-4,-4,-4,-4,996,150,-4,-4,-4,-4,-4,0,0,1,1,2,0,True,True,True,True,1,1,0,1,False,84,3,2,2,50,1,4,-4,-4,8888,-4,-4,-4,False,Unknown,False,False,False,True,True,True
NACC475149,12,7,-4,-4,-4,-4,-4,,-4,-4,-4,-4,-4,-4,-4,300,123,-4,-4,-4,-4,-4,0,0,1,1,2,0,False,False,False,False,1,1,1,0,False,85,16,2,1,1,0,4,-4,-4,8888,-4,-4,-4,False,Unknown,False,False,False,True,True,True
NACC475227,-4,-4,-4,-4,-4,8,8,,-4,-4,8,-4,-4,-4,-4,-4,-4,-4,-4,-4,-4,-4,-4,0,1,1,2,0,False,False,False,False,1,1,-4,-4,False,84,16,1,1,1,0,4,-4,-4,-4,888,-4,-4,False,Unknown,False,False,False,True,True,True
NACC475522,20,13,7,7,32,0,8,,-4,-4,8,27,17,20,15,126,32,15,14,1,28,29,0,0,8,1,1,1,True,False,True,True,0,7,-4,-4,False,61,12,1,1,1,0,3,-4,-4,8888,60,8,1,True,A-,True,False,False,False,False,False
NACC475785,19,14,-4,-4,-4,-4,-4,,-4,-4,-4,-4,-4,-4,-4,300,45,-4,-4,-4,-4,-4,1,1,8,1,1,0,True,True,True,True,0,7,0,0,False,76,17,1,1,1,0,3,-4,-4,2004,-4,-4,-4,True,Unknown,False,True,True,False,True,True
NACC476087,22,15,-4,-4,-4,-4,-4,,-4,-4,-4,-4,-4,-4,-4,68,23,-4,-4,-4,-4,-4,1,1,8,8,8,0,True,True,True,True,8,8,8,8,False,69,16,1,1,1,0,1,-4,-4,2007,-4,-4,-4,True,Unknown,False,True,True,False,True,True
NACC476149,96,96,-4,-4,-4,-4,-4,,-4,-4,-4,-4,-4,-4,-4,998,998,-4,-4,-4,-4,-4,1,1,0,1,1,0,True,True,True,True,0,7,0,0,False,57,12,1,1,2,0,4,-4,-4,1993,-4,-4,-4,True,Unknown,False,True,True,False,True,True
NACC476278,-4,-4,-4,-4,-4,-4,-4,,-4,-4,-4,-4,-4,-4,-4,-4,-4,-4,-4,-4,-4,-4,1,1,8,1,1,0,True,True,True,True,0,7,0,0,False,72,12,2,1,1,0,3,-4,-4,1986,-4,-4,-4,True,Unknown,False,True,True,False,True,True
NACC476744,9,6,-4,-4,-4,-4,-4,,-4,-4,-4,-4,-4,-4,-4,300,62,-4,-4,-4,-4,-4,1,1,1,1,1,0,True,True,True,True,0,7,0,0,False,72,18,1,1,2,0,4,-4,-4,2011,-4,-4,-4,True,Unknown,False,True,True,True,True,True
NACC477063,15,11,-4,-4,-4,-4,-4,,-4,-4,-4,-4,-4,-4,-4,297,109,-4,-4,-4,-4,-4,0,0,1,1,2,0,True,False,True,True,1,1,0,1,False,79,20,1,1,1,0,4,-4,-4,8888,-4,-4,-4,False,Unknown,False,False,False,True,True,True
NACC477375,15,11,-4,-4,-4,-4,-4,,-4,-4,-4,-4,-4,-4,-4,997,33,-4,-4,-4,-4,-4,1,1,8,1,2,0,True,True,True,True,0,7,0,0,False,75,16,2,1,1,0,2,-4,-4,2007,-4,-4,-4,True,Unknown,False,True,True,False,True,True
NACC477511,16,10,11,9,32,8,8,,-4,-4,8,17,11,13,10,65,26,15,15,1,25,25,0,0,1,1,1,1,False,False,False,False,0,7,-4,-4,False,63,13,1,1,1,0,4,-4,-4,8888,888,0,0,False,Unknown,True,False,False,True,True,True
NACC477557,6,5,-4,-4,-4,-4,-4,,-4,-4,-4,-4,-4,-4,-4,996,101,-4,-4,-4,-4,-4,0,0,1,1,2,0,True,False,True,True,1,1,1,0,False,82,12,2,1,1,0,4,-4,-4,8888,-4,-4,-4,False,Unknown,False,False,False,True,True,True
NACC477945,0,0,-4,-4,-4,-4,-4,,-4,-4,-4,-4,-4,-4,-4,996,996,-4,-4,-4,-4,-4,0,0,1,1,2,0,False,True,False,False,1,1,0,1,False,73,18,1,1,1,0,4,-4,-4,8888,-4,-4,-4,True,Unknown,False,False,False,True,True,True
NACC478173,20,10,5,10,29,8,8,,-4,-4,8,13,10,5,7,78,37,13,7,1,24,24,-4,0,8,1,1,1,True,False,True,True,0,7,-4,-4,True,67,18,1,1,1,0,3,-4,-4,-4,67,0,1,False,Unknown,True,False,False,False,False,False
NACC478185,20,12,15,11,32,8,8,,-4,-4,8,19,15,15,14,87,31,15,10,1,26,26,-4,1,8,1,1,0,True,False,True,True,0,7,-4,-4,True,63,18,1,1,1,0,3,-4,-4,-4,58,1,1,True,Unknown,True,False,True,False,False,True
NACC478190,1,1,-4,-4,-4,-4,-4,,-4,-4,-4,-4,-4,-4,-4,996,114,-4,-4,-4,-4,-4,0,0,1,1,1,0,False,True,False,False,0,7,0,0,False,70,13,2,1,1,0,4,-4,-4,8888,-4,-4,-4,True,Unknown,False,False,False,True,True,True
NACC478542,16,7,-4,-4,-4,-4,-4,,-4,-4,-4,-4,-4,-4,-4,117,44,-4,-4,-4,-4,-4,1,1,8,1,2,0,True,True,True,True,1,1,1,0,False,72,16,1,1,1,0,3,-4,-4,2013,-4,-4,-4,True,Unknown,False,True,True,False,True,True
NACC478585,22,13,-4,-4,-4,-4,-4,,-4,-4,-4,-4,-4,-4,-4,80,32,-4,-4,-4,-4,-4,1,1,8,1,1,0,True,True,True,True,0,7,0,0,False,72,20,1,1,1,0,2,-4,-4,2007,-4,-4,-4,True,Unknown,False,True,True,False,True,True
NACC478735,12,6,7,4,32,8,8,,-4,-4,8,20,13,12,10,996,101,13,7,1,17,17,1,0,1,1,1,0,True,True,True,True,0,7,-4,-4,True,76,20,1,1,1,0,4,-4,-4,2024,75,1,1,True,Unknown,True,True,False,True,True,True
NACC478753,-4,-4,-4,-4,-4,-4,-4,,-4,-4,-4,-4,-4,-4,-4,-4,-4,-4,-4,-4,-4,-4,0,0,1,1,1,0,True,True,True,True,1,2,0,1,False,70,13,2,1,1,0,4,-4,-4,8888,-4,-4,-4,False,Unknown,False,False,False,True,True,True
NACC478832,13,8,-4,-4,-4,-4,-4,,-4,-4,-4,-4,-4,-4,-4,300,137,-4,-4,-4,-4,-4,1,1,0,1,2,0,True,True,True,True,1,2,0,1,False,88,13,1,1,1,0,4,-4,-4,2013,-4,-4,-4,True,Unknown,False,True,True,False,True,True
NACC478865,12,8,-4,-4,-4,-4,-4,,-4,-4,-4,-4,-4,-4,-4,300,122,-4,-4,-4,-4,-4,1,1,0,1,2,0,True,True,True,True,0,7,0,0,False,79,12,1,1,1,9,4,-4,-4,2006,-4,-4,-4,True,Unknown,False,True,True,False,True,True
NACC479104,8,2,8,8,28,8,8,,-4,-4,8,9,9,6,7,208,55,13,4,1,15,15,1,1,1,1,2,0,True,True,True,True,1,1,-4,-4,False,85,20,1,1,1,0,4,-4,-4,2016,74,1,1,True,Unknown,True,True,True,True,True,True
NACC479463,23,15,10,6,32,1,8,,-4,-4,8,21,13,19,13,185,41,97,97,97,26,26,0,1,8,1,2,0,True,False,True,True,1,1,-4,-4,False,72,14,1,1,1,0,3,-4,-4,8888,68,0,1,False,A+,True,False,True,False,False,True
NACC479589,5,3,3,3,26,8,8,,-4,-4,8,18,13,15,11,300,94,11,8,1,11,11,-4,0,1,1,1,0,False,False,False,False,0,7,-4,-4,False,69,14,2,1,1,0,4,-4,-4,-4,888,0,0,False,Unknown,True,False,False,True,True,True
NACC479636,15,14,20,17,32,8,8,,-4,-4,8,24,18,23,15,266,79,15,97,97,22,22,1,0,8,1,1,1,True,True,True,True,0,7,-4,-4,False,70,18,1,1,1,0,3,-4,-4,2010,62,1,1,True,Unknown,True,True,False,False,True,True
NACC479664,11,3,11,14,27,1,8,,-4,-4,1,15,10,13,11,996,150,9,1,1,16,16,0,0,1,1,1,1,True,True,True,True,1,2,-4,-4,True,76,18,1,1,1,0,4,-4,-4,8888,75,1,1,True,A+,True,False,False,True,True,True
NACC479811,10,9,-4,-4,-4,-4,-4,,-4,-4,-4,-4,-4,-4,-4,996,96,-4,-4,-4,-4,-4,0,0,1,1,1,0,True,True,True,True,0,7,0,0,False,75,16,1,1,1,0,4,-4,-4,8888,-4,-4,-4,True,Unknown,False,False,False,True,True,True
NACC480216,10,6,11,9,30,8,1,,-4,-4,8,3,2,0,0,300,115,17,10,1,17,17,-4,0,8,1,2,0,True,False,True,True,1,1,-4,-4,False,78,14,1,1,1,0,3,-4,-4,-4,77,0,1,False,A+,True,False,False,False,False,False
NACC480871,14,4,-4,-4,-4,-4,-4,,-4,-4,-4,-4,-4,-4,-4,300,79,-4,-4,-4,-4,-4,1,1,8,1,1,0,True,True,True,True,0,7,0,0,False,75,14,1,1,1,0,3,-4,-4,2007,-4,-4,-4,True,Unknown,False,True,True,False,True,True
NACC481105,14,8,15,16,30,8,8,,-4,-4,8,16,11,14,13,102,36,12,8,1,23,23,-4,1,8,8,8,0,True,False,True,True,8,8,-4,-4,False,87,16,1,1,1,0,1,-4,-4,-4,888,0,1,True,Unknown,True,False,True,False,False,True
NACC481595,14,9,-4,-4,-4,-4,-4,,-4,-4,-4,-4,-4,-4,-4,132,36,-4,-4,-4,-4,-4,1,1,8,1,2,0,True,True,True,True,0,7,0,0,False,73,16,1,1,1,0,3,-4,-4,2005,-4,-4,-4,True,Unknown,False,True,True,False,True,True
NACC481958,22,22,17,19,24,8,8,,-4,-4,8,9,6,10,8,154,36,16,10,1,23,23,-4,0,8,1,1,0,True,False,True,True,0,7,-4,-4,False,75,13,2,1,1,0,3,-4,-4,-4,75,1,1,False,Unknown,True,False,False,False,False,False
NACC482201,96,96,-4,-4,-4,-4,-4,,-4,-4,-4,-4,-4,-4,-4,996,996,-4,-4,-4,-4,-4,0,0,1,1,1,0,True,True,True,True,1,2,0,1,False,70,10,1,1,2,0,4,-4,-4,8888,-4,-4,-4,False,Unknown,False,False,False,True,True,True
NACC482409,9,11,13,8,22,8,8,,-4,-4,8,19,13,17,12,169,44,14,8,1,21,21,1,1,8,1,1,0,True,True,True,True,0,7,-4,-4,False,73,18,1,1,5,0,3,-4,-4,2010,66,1,1,True,Unknown,True,True,True,False,True,True
NACC482547,15,5,7,7,30,0,8,,-4,-4,0,16,12,14,11,99,43,16,97,97,23,24,0,0,8,1,1,1,True,False,True,True,0,7,-4,-4,True,65,12,1,1,1,0,3,-4,-4,8888,65,0,1,False,A-,True,False,False,False,False,False
NACC482632,12,5,-4,-4,-4,-4,-4,,-4,-4,-4,-4,-4,-4,-4,996,150,-4,-4,-4,-4,-4,0,0,1,1,2,0,False,False,False,True,1,1,0,1,False,75,16,1,1,1,0,4,-4,-4,8888,-4,-4,-4,False,Unknown,False,False,False,True,True,True
NACC483045,12,5,-4,-4,-4,-4,-4,,-4,-4,-4,-4,-4,-4,-4,145,55,-4,-4,-4,-4,-4,0,0,8,1,1,0,True,False,True,True,0,7,0,0,False,75,18,1,1,2,0,3,-4,-4,8888,-4,-4,-4,False,Unknown,False,False,False,False,False,False
NACC483062,14,8,-4,-4,-4,-4,-4,,-4,-4,-4,-4,-4,-4,-4,300,108,-4,-4,-4,-4,-4,1,1,1,1,1,0,True,True,True,True,0,7,0,0,False,80,18,1,1,1,0,4,-4,-4,2006,-4,-4,-4,False,Unknown,False,True,True,True,True,True
NACC483168,96,96,-4,-4,-4,-4,-4,,-4,-4,-4,-4,-4,-4,-4,996,996,-4,-4,-4,-4,-4,0,0,1,1,2,0,True,False,True,True,1,1,1,0,False,83,8,1,1,1,0,4,-4,-4,8888,-4,-4,-4,False,Unknown,False,False,False,True,True,True
NACC483379,20,3,-4,-4,-4,-4,-4,,-4,-4,-4,-4,-4,-4,-4,998,998,-4,-4,-4,-4,-4,0,0,1,1,1,0,False,True,False,False,1,2,0,1,False,79,19,1,1,1,0,4,-4,-4,8888,-4,-4,-4,False,Unknown,False,False,False,True,True,True
NACC483525,17,6,-4,-4,-4,-4,-4,,-4,-4,-4,-4,-4,-4,-4,260,53,-4,-4,-4,-4,-4,0,0,1,1,2,0,True,False,True,True,1,1,0,1,False,76,12,1,2,1,1,4,-4,-4,8888,-4,-4,-4,False,Unknown,False,False,False,True,True,True
NACC483894,20,4,9,10,30,8,8,,-4,-4,8,25,16,20,15,119,27,15,10,1,24,24,-4,1,8,1,2,0,True,False,True,True,0,7,-4,-4,False,86,18,1,1,1,0,3,-4,-4,-4,82,0,1,False,Unknown,True,False,True,False,False,True
NACC484368,25,97,19,16,32,8,8,,-4,-4,8,26,18,24,17,57,15,15,13,1,27,27,1,1,8,8,8,0,True,True,True,True,8,8,-4,-4,False,74,18,1,1,1,0,1,-4,-4,2023,888,1,1,True,Unknown,False,True,True,False,True,True
NACC484651,95,95,-4,-4,-4,-4,-4,,-4,-4,-4,-4,-4,-4,-4,995,995,-4,-4,-4,-4,-4,0,0,1,1,2,0,True,False,True,True,1,1,1,0,False,89,18,2,1,2,0,4,-4,-4,8888,-4,-4,-4,False,Unknown,False,False,False,True,True,True
NACC485579,96,96,-4,-4,-4,-4,-4,,-4,-4,-4,-4,-4,-4,-4,996,996,-4,-4,-4,-4,-4,0,0,1,1,1,0,False,False,False,False,0,7,0,0,False,84,16,2,1,1,0,4,-4,-4,8888,-4,-4,-4,False,Unknown,False,False,False,True,True,True
NACC485587,-4,-4,-4,-4,-4,-4,-4,,-4,-4,-4,-4,-4,-4,-4,-4,-4,-4,-4,-4,-4,-4,1,1,8,8,8,0,True,True,True,True,8,8,8,8,False,80,16,1,1,1,0,1,-4,-4,1995,-4,-4,-4,True,Unknown,False,True,True,False,True,True
NACC485707,97,97,97,97,97,8,8,,-4,-4,8,97,97,97,97,997,997,97,97,97,9,9,-4,1,0,0,7,0,True,False,True,True,1,1,-4,-4,False,77,14,2,1,1,0,4,-4,-4,-4,74,1,1,False,Unknown,False,False,True,False,False,True
NACC486149,16,9,12,8,24,8,8,,-4,-4,8,14,10,6,6,130,41,12,9,0,20,20,0,0,1,1,1,1,True,False,True,True,0,7,-4,-4,False,76,16,2,1,1,0,4,-4,-4,8888,75,0,1,False,Unknown,True,False,False,True,True,True
NACC486529,7,7,-4,-4,-4,-4,-4,,-4,-4,-4,-4,-4,-4,-4,300,110,-4,-4,-4,-4,-4,0,0,1,1,1,0,False,False,False,True,1,2,1,0,False,72,13,1,1,1,0,4,-4,-4,8888,-4,-4,-4,True,Unknown,False,False,False,True,True,True
NACC486717,16,8,1,7,25,8,8,,-4,-4,8,14,12,16,14,996,85,8,3,0,17,17,0,0,0,1,1,0,True,True,True,True,0,7,-4,-4,False,77,16,1,1,1,0,4,-4,-4,8888,73,1,1,False,Unknown,True,False,False,False,False,False
NACC487221,4,5,-4,-4,-4,-4,-4,,-4,-4,-4,-4,-4,-4,-4,996,996,-4,-4,-4,-4,-4,0,0,1,1,1,0,True,False,True,True,1,2,1,0,False,81,18,1,1,1,0,4,-4,-4,8888,-4,-4,-4,False,Unknown,False,False,False,True,True,True
NACC487297,13,5,7,6,27,8,8,,-4,-4,8,9,11,9,8,996,71,14,1,1,14,14,0,0,1,1,1,0,True,False,True,True,1,2,-4,-4,False,74,16,1,1,1,0,4,-4,-4,8888,69,1,1,False,Unknown,True,False,False,True,True,True
NACC487988,15,6,-4,-4,-4,-4,-4,,-4,-4,-4,-4,-4,-4,-4,996,150,-4,-4,-4,-4,-4,0,0,1,1,2,0,True,False,True,True,1,1,1,0,False,62,13,1,1,1,0,4,-4,-4,8888,-4,-4,-4,False,Unknown,False,False,False,True,True,True
NACC488095,98,98,-4,-4,-4,-4,-4,,-4,-4,-4,-4,-4,-4,-4,998,998,-4,-4,-4,-4,-4,1,1,1,1,1,0,True,True,True,True,0,7,0,0,False,65,12,1,1,1,0,4,-4,-4,2002,-4,-4,-4,True,Unknown,False,True,True,True,True,True
NACC488402,10,5,5,5,28,8,8,,-4,-4,8,4,4,0,1,300,49,14,12,1,19,19,1,0,1,1,1,1,True,True,True,True,0,7,-4,-4,True,66,18,1,1,1,0,4,-4,-4,2018,64,1,1,True,Unknown,True,True,False,True,True,True
NACC488811,11,6,97,97,28,8,8,,-4,-4,8,8,8,10,11,258,64,15,7,1,88,88,1,1,8,1,1,1,True,True,True,True,0,7,-4,-4,True,72,13,1,1,1,1,3,-4,-4,2022,60,1,1,True,Unknown,False,True,True,False,True,True
NACC488910,31,19,23,26,29,1,8,,-4,-4,8,13,10,11,10,127,46,15,10,1,26,26,1,1,8,8,8,1,True,True,True,True,8,8,-4,-4,False,72,18,2,1,2,0,1,-4,-4,2018,54,1,1,True,A+,True,True,True,False,True,True
NACC488917,96,96,-4,-4,-4,-4,-4,,-4,-4,-4,-4,-4,-4,-4,996,996,-4,-4,-4,-4,-4,0,0,1,1,2,0,False,False,False,False,1,1,1,0,False,91,12,2,1,1,0,4,-4,-4,8888,-4,-4,-4,False,Unknown,False,False,False,True,True,True
NACC488968,16,7,13,14,29,8,1,,-4,-4,8,14,13,6,7,996,70,11,4,1,21,21,0,0,8,1,1,1,True,False,True,True,0,7,-4,-4,True,73,18,1,1,1,0,3,-4,-4,8888,68,1,1,False,A+,True,False,False,False,False,False
NACC490361,16,17,16,12,32,0,-4,,-4,0,-4,14,15,10,15,60,35,16,13,1,23,23,0,-4,0,1,2,0,True,False,True,True,0,8,-4,-4,False,65,19,1,1,-4,0,3,2,888,-4,-4,-4,1,False,A-,True,False,False,False,False,False
NACC490479,12,10,-4,-4,-4,-4,-4,,-4,-4,-4,-4,-4,-4,-4,156,59,-4,-4,-4,-4,-4,1,1,8,1,1,0,True,True,True,True,0,7,0,0,False,73,15,2,1,1,0,3,-4,-4,2003,-4,-4,-4,True,Unknown,False,True,True,False,True,True
NACC490676,8,3,-4,-4,-4,-4,-4,,-4,-4,-4,-4,-4,-4,-4,996,150,-4,-4,-4,-4,-4,0,0,1,1,1,0,False,True,False,True,0,7,0,0,False,64,15,2,1,1,0,4,-4,-4,8888,-4,-4,-4,False,Unknown,False,False,False,True,True,True
NACC490917,17,11,13,11,25,8,8,,-4,-4,8,11,9,8,9,109,56,17,12,1,24,24,-4,1,8,1,2,0,True,False,True,True,0,7,-4,-4,False,79,16,2,1,1,0,3,-4,-4,-4,78,1,1,False,Unknown,True,False,True,False,False,True
NACC491059,6,97,-4,-4,-4,-4,-4,,-4,-4,-4,-4,-4,-4,-4,996,150,-4,-4,-4,-4,-4,1,1,1,1,1,0,False,True,False,False,0,7,0,0,False,81,20,2,1,1,0,4,-4,-4,2001,-4,-4,-4,True,Unknown,False,True,True,True,True,True
NACC491951,15,11,13,13,29,8,8,,-4,-4,8,14,10,14,14,181,46,15,7,1,21,21,0,0,1,1,1,0,True,False,True,True,0,7,-4,-4,False,60,14,1,1,1,0,4,-4,-4,8888,58,0,1,False,Unknown,True,False,False,True,True,True
NACC492202,14,9,-4,-4,-4,-4,-4,,-4,-4,-4,-4,-4,-4,-4,68,24,-4,-4,-4,-4,-4,0,1,1,1,1,0,False,True,False,True,0,7,0,0,False,73,20,1,1,1,0,4,-4,-4,8888,-4,-4,-4,False,Unknown,False,False,True,True,True,True
NACC492230,19,15,-4,-4,-4,-4,-4,,-4,-4,-4,-4,-4,-4,-4,86,49,-4,-4,-4,-4,-4,0,0,1,1,1,0,False,False,False,False,0,7,0,0,False,75,18,1,1,1,0,4,-4,-4,8888,-4,-4,-4,False,Unknown,False,False,False,True,True,True
NACC492833,3,0,0,96,8,8,8,,-4,-4,8,5,2,0,0,997,150,11,0,0,2,2,-4,1,0,0,7,0,True,False,True,True,1,1,-4,-4,False,75,15,2,8,5,0,4,-4,-4,-4,888,1,1,False,Unknown,False,False,True,False,False,True
NACC492872,16,15,-4,-4,-4,-4,-4,,-4,-4,-4,-4,-4,-4,-4,75,29,-4,-4,-4,-4,-4,0,0,1,1,2,0,False,False,False,True,1,1,0,1,False,66,18,1,1,1,0,4,-4,-4,8888,-4,-4,-4,False,Unknown,False,False,False,True,True,True
NACC493766,97,97,97,97,97,8,8,,-4,-4,8,97,97,97,97,997,997,97,97,97,88,88,-4,1,1,1,1,0,True,False,True,True,0,7,-4,-4,False,87,20,1,1,1,0,4,-4,-4,-4,85,1,1,False,Unknown,False,False,True,True,True,True
NACC493802,16,15,6,8,27,8,8,,-4,-4,8,27,19,23,19,243,105,16,10,1,22,23,0,0,8,1,1,1,True,False,True,True,0,7,-4,-4,False,75,12,2,1,1,0,3,-4,-4,8888,72,1,1,False,Unknown,True,False,False,False,False,False
NACC493852,96,96,96,96,96,1,0,,-4,-4,8,96,96,96,96,996,996,96,96,96,2,2,-4,0,1,1,2,0,True,False,True,True,1,1,-4,-4,False,77,16,1,1,1,0,4,-4,-4,-4,75,1,1,False,A+,False,False,False,True,True,True
NACC494584,14,6,5,5,27,8,8,,-4,-4,8,6,7,3,4,166,49,16,8,1,17,17,0,0,8,1,1,1,True,False,True,True,0,7,-4,-4,False,74,17,1,1,1,0,3,-4,-4,8888,70,1,1,False,Unknown,True,False,False,False,False,False
NACC494858,16,4,-4,-4,-4,-4,-4,,-4,-4,-4,-4,-4,-4,-4,998,122,-4,-4,-4,-4,-4,1,1,0,1,1,0,True,True,True,True,0,7,0,0,False,83,16,1,1,1,0,4,-4,-4,2004,-4,-4,-4,True,Unknown,False,True,True,False,True,True
NACC495027,20,18,12,10,31,0,8,,-4,-4,8,17,12,13,10,155,35,13,11,1,22,22,1,1,8,1,1,1,True,True,True,True,0,7,-4,-4,False,76,16,2,1,1,0,3,-4,-4,2017,66,1,1,True,A-,True,True,True,False,True,True
NACC495065,0,0,-4,-4,-4,-4,-4,,-4,-4,-4,-4,-4,-4,-4,996,996,-4,-4,-4,-4,-4,0,0,1,1,1,0,True,True,True,True,1,2,0,1,False,81,12,1,1,1,0,4,-4,-4,8888,-4,-4,-4,False,Unknown,False,False,False,True,True,True
NACC495198,96,96,96,96,96,8,8,,-4,-4,8,96,96,96,96,996,996,96,96,96,88,88,-4,0,1,1,2,0,True,False,True,True,1,1,-4,-4,False,81,16,1,1,1,0,4,-4,-4,-4,78,1,1,True,Unknown,False,False,False,True,True,True
NACC495524,13,10,-4,-4,-4,-4,-4,,-4,-4,-4,-4,-4,-4,-4,300,135,-4,-4,-4,-4,-4,0,0,1,1,2,0,False,False,False,True,1,1,1,0,False,75,17,1,1,1,0,4,-4,-4,8888,-4,-4,-4,False,Unknown,False,False,False,True,True,True
NACC495537,14,6,14,11,25,8,8,,-4,-4,8,9,9,9,5,180,45,6,1,-4,20,20,0,0,8,1,1,0,True,False,True,True,1,2,-4,-4,False,84,18,1,1,5,0,3,-4,-4,8888,82,1,1,False,Unknown,True,False,False,False,False,False
NACC496008,26,19,21,17,31,8,8,,-4,-4,8,27,19,25,19,90,42,13,11,1,28,28,1,1,8,8,8,0,True,True,True,True,8,8,-4,-4,False,76,18,1,1,1,0,1,-4,-4,2007,56,1,1,True,Unknown,True,True,True,False,True,True
NACC496594,18,11,26,26,28,8,8,,-4,-4,8,38,20,35,19,53,27,17,11,1,27,27,-4,1,8,8,8,0,True,False,True,True,8,8,-4,-4,False,76,16,1,1,1,0,1,-4,-4,-4,76,0,1,False,Unknown,True,False,True,False,False,True
NACC496668,96,96,-4,-4,-4,-4,-4,,-4,-4,-4,-4,-4,-4,-4,996,996,-4,-4,-4,-4,-4,0,0,1,1,1,0,False,False,False,False,1,2,0,1,False,82,12,1,1,1,0,4,-4,-4,8888,-4,-4,-4,False,Unknown,False,False,False,True,True,True
NACC496961,15,8,-4,-4,-4,-4,-4,,-4,-4,-4,-4,-4,-4,-4,300,48,-4,-4,-4,-4,-4,1,1,1,1,1,0,True,True,True,True,0,7,0,0,False,82,16,1,1,1,0,4,-4,-4,2008,-4,-4,-4,True,Unknown,False,True,True,True,True,True
NACC497325,7,3,-4,-4,-4,-4,-4,,-4,-4,-4,-4,-4,-4,-4,996,996,-4,-4,-4,-4,-4,0,0,1,1,1,0,False,False,False,True,0,7,0,0,False,80,18,2,1,1,0,4,-4,-4,8888,-4,-4,-4,False,Unknown,False,False,False,True,True,True
NACC497459,11,7,-4,-4,-4,-4,-4,,-4,-4,-4,-4,-4,-4,-4,996,78,-4,-4,-4,-4,-4,1,1,0,1,3,0,True,True,True,True,1,1,0,1,False,74,12,1,1,1,0,4,-4,-4,2010,-4,-4,-4,True,Unknown,False,True,True,False,True,True
NACC497792,13,8,3,4,27,8,8,,-4,-4,8,18,13,11,10,222,70,14,5,0,21,21,9,0,1,1,1,0,True,False,True,True,0,7,-4,-4,False,72,16,1,1,1,0,4,-4,-4,8888,72,0,1,False,Unknown,True,False,False,True,True,True
NACC497941,14,5,-4,-4,-4,-4,-4,,-4,-4,-4,-4,-4,-4,-4,300,91,-4,-4,-4,-4,-4,1,1,8,1,1,0,True,True,True,True,0,7,0,0,False,80,20,1,1,1,0,3,-4,-4,2004,-4,-4,-4,True,Unknown,False,True,True,False,True,True
NACC498630,4,2,-4,-4,-4,-4,-4,,-4,-4,-4,-4,-4,-4,-4,300,70,-4,-4,-4,-4,-4,0,0,1,1,2,0,False,False,False,True,1,1,1,0,False,82,14,1,1,1,0,4,-4,-4,8888,-4,-4,-4,False,Unknown,False,False,False,True,True,True
NACC499404,97,97,97,97,97,8,8,,-4,-4,8,97,97,97,97,997,997,97,97,97,0,1,9,0,0,1,2,0,True,False,True,True,1,1,-4,-4,False,75,9,2,3,5,0,4,-4,-4,8888,888,0,1,False,Unknown,False,False,False,False,False,False
NACC499451,96,96,96,96,96,8,8,,-4,-4,8,96,96,96,96,996,996,0,96,96,88,88,0,0,1,1,2,0,True,False,True,True,1,1,-4,-4,False,53,12,1,1,1,0,4,-4,-4,8888,52,1,1,False,Unknown,False,False,False,True,True,True
NACC499482,14,7,-4,-4,-4,-4,-4,,-4,-4,-4,-4,-4,-4,-4,996,148,-4,-4,-4,-4,-4,0,0,1,1,1,0,True,True,True,True,0,7,0,0,False,59,18,1,1,1,0,4,-4,-4,8888,-4,-4,-4,True,Unknown,False,False,False,True,True,True
NACC499717,10,11,-4,-4,-4,-4,-4,,-4,-4,-4,-4,-4,-4,-4,258,72,-4,-4,-4,-4,-4,0,0,1,1,2,0,True,False,True,True,1,1,1,0,False,94,12,1,1,1,0,4,-4,-4,8888,-4,-4,-4,False,Unknown,False,False,False,True,True,True
NACC500009,-4,-4,-4,-4,-4,8,8,,-4,-4,8,-4,-4,-4,-4,-4,-4,-4,-4,-4,-4,-4,-4,0,0,1,2,0,True,False,True,True,1,1,-4,-4,False,83,18,1,1,1,0,4,-4,-4,-4,64,-4,-4,False,Unknown,False,False,False,False,False,False
NACC500303,27,17,8,8,26,0,8,,-4,-4,8,26,18,20,17,80,49,14,15,1,20,20,1,0,8,1,1,1,True,True,True,True,0,7,-4,-4,False,63,16,1,1,5,0,3,-4,-4,2015,52,1,1,True,A-,True,True,False,False,True,True
NACC500571,15,8,10,10,29,8,1,,-4,-4,8,3,3,0,0,180,139,2,0,1,17,17,0,0,1,1,2,0,True,False,True,True,1,1,-4,-4,False,67,16,1,1,1,0,4,-4,-4,8888,67,0,1,True,A+,True,False,False,True,True,True
NACC500784,11,3,-4,-4,-4,-4,-4,,-4,-4,-4,-4,-4,-4,-4,275,54,-4,-4,-4,-4,-4,0,0,1,1,1,0,True,False,True,True,0,7,0,0,False,70,17,1,1,1,0,4,-4,-4,8888,-4,-4,-4,False,Unknown,False,False,False,True,True,True
NACC501463,13,6,11,6,30,8,8,,-4,-4,8,4,4,3,4,190,84,10,3,0,19,19,-4,0,1,1,2,0,True,False,True,True,1,1,-4,-4,False,69,14,1,1,1,0,4,-4,-4,-4,69,1,1,False,Unknown,True,False,False,True,True,True
NACC501558,15,5,-4,-4,-4,-4,-4,,-4,-4,-4,-4,-4,-4,-4,300,103,-4,-4,-4,-4,-4,1,1,0,1,1,0,True,True,True,True,0,7,0,0,False,71,16,1,1,1,0,4,-4,-4,1999,-4,-4,-4,True,Unknown,False,True,True,False,True,True
NACC502085,17,15,17,16,-4,8,8,,-4,-4,8,-4,-4,-4,-4,102,37,15,10,1,-4,-4,-4,1,8,8,8,0,True,False,True,True,8,8,-4,-4,False,75,24,1,1,1,0,1,-4,-4,-4,58,0,1,True,Unknown,False,False,True,False,False,True
NACC502792,12,5,9,6,27,0,8,,-4,-4,8,22,16,19,17,300,97,15,11,0,16,17,-4,1,8,1,2,0,True,False,True,True,0,7,-4,-4,False,83,12,1,1,1,1,3,-4,-4,-4,888,0,1,False,A-,True,False,True,False,False,True
NACC502964,12,6,6,6,31,-4,-4,,-4,-4,-4,96,96,2,1,996,37,15,9,1,20,20,0,-4,8,1,1,0,True,True,True,True,0,8,-4,-4,False,83,16,1,1,-4,0,4,27,888,-4,-4,-4,1,False,Unknown,True,False,False,False,False,False
NACC502978,23,13,16,13,32,0,8,,-4,-4,8,30,21,24,19,58,20,17,17,1,28,28,1,1,8,8,8,1,True,True,True,True,8,8,-4,-4,False,56,16,1,1,1,0,1,-4,-4,2018,40,0,1,True,A-,True,True,True,False,True,True
NACC503843,13,5,-4,-4,-4,-4,-4,,-4,-4,-4,-4,-4,-4,-4,300,61,-4,-4,-4,-4,-4,0,0,1,1,2,0,True,False,True,True,1,1,1,0,False,75,20,1,1,1,0,4,-4,-4,8888,-4,-4,-4,False,Unknown,False,False,False,True,True,True
NACC503846,6,7,-4,-4,-4,-4,-4,,-4,-4,-4,-4,-4,-4,-4,112,46,-4,-4,-4,-4,-4,0,0,1,1,2,0,False,False,False,False,1,1,1,0,False,89,20,1,1,1,0,4,-4,-4,8888,-4,-4,-4,False,Unknown,False,False,False,True,True,True
NACC504088,22,14,-4,-4,-4,-4,-4,,-4,-4,-4,-4,-4,-4,-4,997,82,-4,-4,-4,-4,-4,1,1,8,1,1,0,True,True,True,True,0,7,0,0,False,61,18,2,1,1,0,3,-4,-4,2002,-4,-4,-4,True,Unknown,False,True,True,False,True,True
NACC504146,8,6,6,4,24,1,8,,-4,-4,0,15,8,7,2,300,63,12,2,1,20,20,0,0,1,1,1,0,True,False,True,True,0,7,-4,-4,False,82,20,1,1,2,0,4,-4,-4,8888,80,1,1,False,A+,True,False,False,True,True,True
NACC505110,16,97,-4,-4,-4,-4,-4,,-4,-4,-4,-4,-4,-4,-4,997,997,-4,-4,-4,-4,-4,0,0,8,1,1,0,True,False,True,True,0,7,0,0,False,66,16,2,1,1,0,3,-4,-4,8888,-4,-4,-4,False,Unknown,False,False,False,False,False,False
NACC505241,25,13,21,16,-4,8,8,,-4,-4,8,11,9,12,10,-4,-4,-4,-4,-4,-4,-4,0,0,8,1,1,0,True,False,True,True,0,7,-4,-4,False,72,20,1,1,1,0,3,-4,-4,8888,65,0,0,False,Unknown,False,False,False,False,False,False
NACC505482,7,6,-4,-4,-4,-4,-4,,-4,-4,-4,-4,-4,-4,-4,292,100,-4,-4,-4,-4,-4,0,0,8,1,1,0,True,True,True,True,0,7,0,0,False,70,18,1,1,1,0,3,-4,-4,8888,-4,-4,-4,True,Unknown,False,False,False,False,False,False
NACC506120,19,11,11,8,29,8,8,,-4,-4,8,27,19,23,18,141,71,11,14,1,20,21,0,1,8,1,1,0,True,False,True,True,0,7,-4,-4,False,78,12,1,2,1,1,3,-4,-4,8888,78,1,1,False,Unknown,True,False,True,False,False,True
NACC507075,4,6,5,3,28,8,8,,-4,-4,8,6,4,0,0,186,73,17,0,1,15,15,0,0,0,1,2,0,True,False,True,True,1,1,-4,-4,False,83,19,1,1,1,0,4,-4,-4,8888,888,0,1,False,Unknown,True,False,False,False,False,False
NACC507106,4,4,-4,-4,-4,-4,-4,,-4,-4,-4,-4,-4,-4,-4,300,150,-4,-4,-4,-4,-4,0,0,1,1,1,0,True,True,True,True,0,7,0,0,False,73,14,1,8,2,0,4,-4,-4,8888,-4,-4,-4,False,Unknown,False,False,False,True,True,True
NACC507131,20,9,17,21,27,8,8,,-4,-4,8,11,10,9,10,300,47,15,4,1,26,26,1,1,8,1,1,1,True,True,True,True,0,7,-4,-4,True,63,19,1,1,1,0,3,-4,-4,2017,61,1,1,True,Unknown,True,True,True,False,True,True
NACC507206,30,18,17,17,32,8,8,,-4,-4,8,21,15,16,14,70,27,15,0,1,27,27,0,0,8,1,1,0,True,True,True,True,0,7,-4,-4,True,62,16,1,1,1,0,3,-4,-4,8888,62,0,1,False,Unknown,True,False,False,False,False,False
NACC507242,28,26,-4,-4,-4,-4,-4,,-4,-4,-4,-4,-4,-4,-4,68,34,-4,-4,-4,-4,-4,1,1,8,8,8,0,True,True,True,True,8,8,8,8,False,80,18,2,1,1,0,1,-4,-4,2004,-4,-4,-4,True,Unknown,False,True,True,False,True,True
NACC507389,15,15,8,9,31,8,8,,-4,-4,8,19,18,17,16,90,53,14,14,1,27,27,0,0,8,1,1,1,True,True,True,True,0,7,-4,-4,False,62,16,2,1,1,0,3,-4,-4,8888,61,0,1,False,Unknown,True,False,False,False,False,False
NACC507422,18,14,-4,-4,-4,-4,-4,,-4,-4,-4,-4,-4,-4,-4,998,70,-4,-4,-4,-4,-4,0,0,1,1,1,0,True,True,True,True,0,7,0,0,False,81,12,2,1,1,0,4,-4,-4,8888,-4,-4,-4,True,Unknown,False,False,False,True,True,True
NACC507456,30,21,-4,-4,-4,-4,-4,,-4,-4,-4,-4,-4,-4,-4,70,24,-4,-4,-4,-4,-4,1,1,8,8,8,0,True,True,True,True,8,8,8,8,False,48,16,2,1,1,0,1,-4,-4,2000,-4,-4,-4,True,Unknown,False,True,True,False,True,True
NACC507722,6,6,-4,-4,-4,-4,-4,,-4,-4,-4,-4,-4,-4,-4,248,51,-4,-4,-4,-4,-4,0,0,1,1,2,0,False,False,False,False,1,1,1,0,False,75,16,2,1,50,1,4,-4,-4,8888,-4,-4,-4,False,Unknown,False,False,False,True,True,True
NACC508791,8,4,5,7,-4,8,8,,-4,-4,8,15,12,16,14,-4,-4,-4,-4,-4,-4,-4,-4,1,0,0,7,0,True,False,True,True,1,1,-4,-4,False,82,12,1,1,1,0,4,-4,-4,-4,77,-4,-4,True,Unknown,False,False,True,False,False,True
NACC508912,6,3,-4,-4,-4,-4,-4,,-4,-4,-4,-4,-4,-4,-4,997,150,-4,-4,-4,-4,-4,1,1,1,1,2,0,False,True,False,False,1,1,1,0,False,90,18,2,1,1,0,4,-4,-4,2006,-4,-4,-4,True,Unknown,False,True,True,True,True,True
NACC509063,-4,-4,-4,-4,-4,-4,-4,,-4,-4,-4,-4,-4,-4,-4,-4,-4,-4,-4,-4,-4,-4,0,1,1,1,2,0,True,True,True,True,1,1,1,0,False,69,16,2,1,1,0,4,-4,-4,8888,-4,-4,-4,True,Unknown,False,False,True,True,True,True
NACC509218,6,7,-4,-4,-4,-4,-4,,-4,-4,-4,-4,-4,-4,-4,300,150,-4,-4,-4,-4,-4,0,0,1,1,2,0,False,False,False,False,1,1,1,0,False,94,16,2,1,2,0,4,-4,-4,8888,-4,-4,-4,False,Unknown,False,False,False,True,True,True
NACC509267,15,7,3,11,31,8,8,,-4,-4,8,14,11,0,0,996,29,15,0,1,88,88,-4,0,0,1,2,0,True,False,True,True,1,1,-4,-4,False,75,16,1,1,1,0,4,-4,-4,-4,74,1,1,False,Unknown,True,False,False,False,False,False
NACC509696,13,8,-4,-4,-4,-4,-4,,-4,-4,-4,-4,-4,-4,-4,129,72,-4,-4,-4,-4,-4,1,1,0,1,2,0,True,True,True,True,1,1,1,0,False,80,14,1,1,1,0,4,-4,-4,2010,-4,-4,-4,False,Unknown,False,True,True,False,True,True
NACC510197,16,7,-4,-4,-4,-4,-4,,-4,-4,-4,-4,-4,-4,-4,300,65,-4,-4,-4,-4,-4,0,0,1,1,2,0,True,True,True,True,1,1,1,0,False,76,12,1,1,1,0,4,-4,-4,8888,-4,-4,-4,True,Unknown,False,False,False,True,True,True
NACC510498,14,3,8,3,25,1,8,,-4,-4,1,7,6,0,0,996,150,3,0,0,11,12,-4,1,0,1,3,0,True,False,True,True,1,1,-4,-4,False,76,12,1,1,1,0,4,-4,-4,-4,888,0,1,False,A+,True,False,True,False,False,True
NACC510586,7,0,-4,-4,-4,-4,-4,,-4,-4,-4,-4,-4,-4,-4,996,62,-4,-4,-4,-4,-4,0,0,1,1,2,0,False,False,False,False,1,1,0,1,False,83,16,1,1,1,0,4,-4,-4,8888,-4,-4,-4,False,Unknown,False,False,False,True,True,True
NACC510664,97,97,97,97,97,8,8,,-4,-4,8,97,97,97,97,997,997,97,97,97,12,13,-4,0,0,1,1,0,True,False,True,True,0,7,-4,-4,False,85,12,2,1,1,0,4,-4,-4,-4,888,1,1,False,Unknown,False,False,False,False,False,False
NACC511206,10,6,-4,-4,-4,-4,-4,,-4,-4,-4,-4,-4,-4,-4,202,37,-4,-4,-4,-4,-4,0,0,1,1,2,0,False,False,False,False,1,1,0,1,False,66,17,1,1,1,0,4,-4,-4,8888,-4,-4,-4,False,Unknown,False,False,False,True,True,True
NACC511243,28,14,17,14,-4,8,8,,-4,-4,8,22,18,24,15,-4,-4,-4,-4,-4,-4,-4,-4,1,0,0,7,0,True,False,True,True,1,1,-4,-4,False,85,16,1,1,1,0,4,-4,-4,-4,79,-4,-4,True,Unknown,False,False,True,False,False,True
NACC511828,9,4,-4,-4,-4,-4,-4,,-4,-4,-4,-4,-4,-4,-4,300,110,-4,-4,-4,-4,-4,0,0,1,1,1,0,False,False,False,False,0,7,0,0,False,61,12,2,1,1,0,4,-4,-4,8888,-4,-4,-4,False,Unknown,False,False,False,True,True,True
NACC512211,15,7,7,14,32,8,8,,-4,-4,8,18,14,12,14,104,32,17,12,1,21,21,0,0,8,1,1,1,True,False,True,True,0,7,-4,-4,False,84,18,1,1,1,0,3,-4,-4,8888,82,1,1,False,Unknown,True,False,False,False,False,False
NACC512311,13,7,-4,-4,-4,-4,-4,,-4,-4,-4,-4,-4,-4,-4,150,46,-4,-4,-4,-4,-4,1,1,0,1,1,0,True,True,True,True,0,7,0,0,False,70,16,1,1,1,0,4,-4,-4,2005,-4,-4,-4,True,Unknown,False,True,True,False,True,True
NACC512667,27,18,15,14,30,8,8,,-4,-4,8,28,18,25,18,80,41,17,15,1,28,28,1,1,8,8,8,0,True,True,True,True,8,8,-4,-4,False,63,16,1,1,1,0,1,-4,-4,2015,58,1,1,True,Unknown,True,True,True,False,True,True
NACC512856,96,96,96,96,96,8,8,,-4,-4,8,96,96,96,96,996,996,96,96,96,6,6,0,0,1,1,1,0,True,False,True,True,0,7,-4,-4,False,70,17,2,1,1,0,4,-4,-4,8888,67,1,1,True,Unknown,False,False,False,True,True,True
NACC513947,10,7,10,8,26,-4,-4,,1,-4,-4,2,2,0,0,216,75,14,0,0,22,22,0,-4,8,1,1,0,True,True,True,True,1,2,-4,-4,True,70,14,2,1,-4,0,4,20,888,-4,-4,-4,1,False,Unknown,True,False,False,False,False,False
NACC513994,5,1,-4,-4,-4,-4,-4,,-4,-4,-4,-4,-4,-4,-4,996,92,-4,-4,-4,-4,-4,0,0,1,1,2,0,False,True,False,False,1,1,1,0,False,76,16,2,1,1,0,4,-4,-4,8888,-4,-4,-4,False,Unknown,False,False,False,True,True,True
NACC514013,96,96,96,96,-4,-4,-4,,-4,-4,-4,96,96,96,96,-4,-4,-4,-4,-4,-4,-4,0,-4,0,1,2,0,True,False,True,True,1,1,-4,-4,False,64,14,2,1,-4,0,4,-4,888,-4,-4,-4,-4,False,Unknown,False,False,False,False,False,False
NACC514701,19,9,19,19,31,8,8,,-4,-4,8,16,15,21,15,83,49,16,12,1,26,26,-4,1,8,8,8,0,True,False,True,True,8,8,-4,-4,False,83,18,2,1,1,0,1,-4,-4,-4,888,1,1,True,Unknown,True,False,True,False,False,True
NACC514789,5,1,-4,-4,-4,-4,-4,,-4,-4,-4,-4,-4,-4,-4,300,100,-4,-4,-4,-4,-4,9,0,1,1,1,0,False,True,False,True,0,7,0,0,False,76,12,1,1,1,0,4,-4,-4,8888,-4,-4,-4,False,Unknown,False,False,False,True,True,True
NACC514913,10,9,-4,-4,-4,-4,-4,,-4,-4,-4,-4,-4,-4,-4,300,141,-4,-4,-4,-4,-4,0,0,1,1,1,0,False,False,False,False,0,7,0,0,False,71,14,1,1,2,0,4,-4,-4,8888,-4,-4,-4,False,Unknown,False,False,False,True,True,True
NACC515509,27,97,13,15,30,8,8,,-4,-4,8,16,12,14,12,259,53,16,8,1,25,25,1,1,8,1,1,0,True,True,True,True,0,7,-4,-4,False,52,16,2,1,1,0,3,-4,-4,2005,35,1,1,True,Unknown,False,True,True,False,True,True
NACC515896,9,1,-4,-4,-4,-4,-4,,-4,-4,-4,-4,-4,-4,-4,998,112,-4,-4,-4,-4,-4,0,0,1,1,2,0,True,False,True,True,1,1,1,0,False,75,16,1,1,1,0,4,-4,-4,8888,-4,-4,-4,False,Unknown,False,False,False,True,True,True
NACC515905,18,7,6,8,29,8,8,,-4,-4,8,6,5,6,4,300,36,10,3,1,21,21,0,0,8,1,1,1,True,False,True,True,0,7,-4,-4,True,74,16,1,1,1,0,3,-4,-4,8888,71,1,1,False,Unknown,True,False,False,False,False,False
NACC516284,9,4,-4,-4,-4,-4,-4,,-4,-4,-4,-4,-4,-4,-4,300,114,-4,-4,-4,-4,-4,1,1,0,1,1,0,True,True,True,True,0,7,0,0,False,78,9,1,1,2,0,4,-4,-4,1992,-4,-4,-4,True,Unknown,False,True,True,False,True,True
NACC517752,23,11,-4,-4,-4,-4,-4,,-4,-4,-4,-4,-4,-4,-4,93,28,-4,-4,-4,-4,-4,1,1,8,1,1,0,True,True,True,True,0,7,0,0,False,59,16,1,1,1,0,3,-4,-4,2006,-4,-4,-4,True,Unknown,False,True,True,False,True,True
NACC517823,19,6,-4,-4,-4,-4,-4,,-4,-4,-4,-4,-4,-4,-4,155,48,-4,-4,-4,-4,-4,0,0,8,1,1,0,True,False,True,True,0,7,0,0,False,75,16,1,1,1,0,3,-4,-4,8888,-4,-4,-4,False,Unknown,False,False,False,False,False,False
NACC517887,9,15,-4,-4,-4,-4,-4,,-4,-4,-4,-4,-4,-4,-4,166,46,-4,-4,-4,-4,-4,1,1,8,1,1,0,True,True,True,True,0,7,0,0,False,78,16,2,1,1,0,3,-4,-4,2003,-4,-4,-4,True,Unknown,False,True,True,False,True,True
NACC518058,6,97,97,97,97,1,1,,-4,-4,1,97,97,97,97,997,997,2,4,0,88,88,-4,0,0,1,2,0,True,False,True,True,1,1,-4,-4,False,84,16,1,1,1,0,4,-4,-4,-4,77,1,1,False,A+,False,False,False,False,False,False
NACC518819,19,8,10,12,28,8,8,,-4,-4,8,6,5,5,4,103,54,16,5,0,20,20,1,1,8,1,1,0,True,True,True,True,0,7,-4,-4,False,65,16,1,1,2,0,3,-4,-4,2023,64,1,1,True,Unknown,True,True,True,False,True,True
NACC518888,5,4,-4,-4,-4,-4,-4,,-4,-4,-4,-4,-4,-4,-4,996,996,-4,-4,-4,-4,-4,0,0,1,1,1,0,False,False,False,False,1,2,0,1,False,70,15,1,1,1,0,4,-4,-4,8888,-4,-4,-4,False,Unknown,False,False,False,True,True,True
NACC519013,24,10,8,10,27,8,8,,-4,-4,8,21,14,13,12,83,43,17,10,0,24,24,0,0,8,1,1,1,True,False,True,True,0,7,-4,-4,False,64,16,1,1,1,0,3,-4,-4,8888,63,0,1,False,Unknown,True,False,False,False,False,False
NACC519617,11,7,11,10,26,8,1,,-4,-4,8,6,7,6,5,996,92,14,4,1,18,18,0,1,0,1,2,1,True,False,True,True,1,1,-4,-4,True,76,16,2,1,1,1,4,-4,-4,8888,73,1,1,False,A+,True,False,True,False,False,True
NACC519724,25,14,15,19,32,0,8,,-4,-4,8,10,8,7,7,216,87,14,10,1,23,23,1,1,8,1,1,0,True,True,True,True,0,7,-4,-4,False,70,20,1,1,1,0,3,-4,-4,2024,67,1,1,True,A-,True,True,True,False,True,True
NACC519857,9,10,-4,-4,-4,-4,-4,,-4,-4,-4,-4,-4,-4,-4,300,56,-4,-4,-4,-4,-4,0,0,1,1,1,0,True,False,True,True,1,2,0,1,False,76,18,1,1,1,0,4,-4,-4,8888,-4,-4,-4,False,Unknown,False,False,False,True,True,True
NACC520462,19,14,11,12,32,0,0,,-4,-4,0,17,15,16,14,76,22,15,17,1,27,27,1,1,8,8,8,1,True,True,True,True,8,8,-4,-4,False,55,16,1,1,1,0,1,-4,-4,2014,54,0,1,True,A-,True,True,True,False,True,True
NACC520704,17,7,-4,-4,-4,-4,-4,,-4,-4,-4,-4,-4,-4,-4,995,995,-4,-4,-4,-4,-4,0,0,1,1,1,0,True,True,True,True,0,7,0,0,False,77,20,1,1,1,0,4,-4,-4,8888,-4,-4,-4,False,Unknown,False,False,False,True,True,True
NACC520708,12,7,13,19,27,8,8,,-4,-4,8,5,5,2,2,214,53,14,6,1,21,22,1,1,8,1,1,0,True,True,True,True,0,7,-4,-4,False,65,12,1,1,1,0,3,-4,-4,2012,62,1,1,True,Unknown,True,True,True,False,True,True
NACC521020,11,6,-4,-4,-4,-4,-4,,-4,-4,-4,-4,-4,-4,-4,300,150,-4,-4,-4,-4,-4,0,0,1,1,1,0,True,False,True,True,0,7,0,0,False,77,18,2,1,1,0,4,-4,-4,8888,-4,-4,-4,False,Unknown,False,False,False,True,True,True
NACC521276,23,16,-4,-4,-4,-4,-4,,-4,-4,-4,-4,-4,-4,-4,143,20,-4,-4,-4,-4,-4,1,1,8,8,8,0,True,True,True,True,8,8,8,8,False,75,18,2,1,1,0,1,-4,-4,2007,-4,-4,-4,True,Unknown,False,True,True,False,True,True
NACC521886,13,10,13,12,26,8,8,,-4,-4,8,20,14,15,12,996,150,11,8,0,16,16,0,0,8,1,1,1,True,True,True,True,0,7,-4,-4,False,80,20,1,1,1,0,3,-4,-4,8888,78,1,1,False,Unknown,True,False,False,False,False,False
NACC522027,19,12,-4,-4,-4,-4,-4,,-4,-4,-4,-4,-4,-4,-4,67,40,-4,-4,-4,-4,-4,1,1,8,1,3,0,True,True,True,True,0,7,0,0,False,74,16,1,1,1,0,2,-4,-4,2006,-4,-4,-4,True,Unknown,False,True,True,False,True,True
NACC522646,22,17,18,11,29,8,8,,-4,-4,8,16,10,12,10,139,25,14,6,1,25,26,0,1,8,8,8,0,True,False,True,True,8,8,-4,-4,False,71,12,2,1,1,0,1,-4,-4,8888,66,0,1,False,Unknown,True,False,True,False,False,True
NACC522988,12,6,7,4,31,8,8,,-4,-4,8,96,96,96,96,300,84,17,6,1,19,19,0,0,1,1,1,0,True,False,True,True,0,7,-4,-4,False,56,16,1,1,1,0,4,-4,-4,8888,56,1,1,False,Unknown,True,False,False,True,True,True
NACC523305,15,11,20,9,28,8,8,,-4,-4,8,21,15,10,9,300,73,15,13,1,19,19,-4,1,8,0,7,0,True,False,True,True,0,7,-4,-4,False,80,21,1,1,2,0,3,-4,-4,-4,79,0,1,False,Unknown,True,False,True,False,False,True
NACC524293,96,96,-4,-4,-4,-4,-4,,-4,-4,-4,-4,-4,-4,-4,996,996,-4,-4,-4,-4,-4,0,0,1,1,2,0,False,False,False,False,1,1,1,0,False,85,27,1,1,1,0,4,-4,-4,8888,-4,-4,-4,False,Unknown,False,False,False,True,True,True
NACC524473,0,5,-4,-4,-4,-4,-4,,-4,-4,-4,-4,-4,-4,-4,996,150,-4,-4,-4,-4,-4,0,0,1,1,1,0,True,False,True,True,1,2,1,0,False,73,12,1,1,2,0,4,-4,-4,8888,-4,-4,-4,False,Unknown,False,False,False,True,True,True
NACC524496,17,15,7,7,30,8,8,,-4,-4,8,31,20,29,19,300,46,14,7,1,24,24,-4,1,0,0,7,0,True,False,True,True,1,1,-4,-4,False,85,13,2,1,1,0,4,-4,-4,-4,84,1,1,False,Unknown,True,False,True,False,False,True
NACC526257,13,6,-4,-4,-4,-4,-4,,-4,-4,-4,-4,-4,-4,-4,300,130,-4,-4,-4,-4,-4,0,0,1,1,2,0,True,False,True,True,1,1,1,0,False,79,16,1,1,1,0,4,-4,-4,8888,-4,-4,-4,False,Unknown,False,False,False,True,True,True
NACC526744,11,10,9,10,25,8,8,,-4,-4,8,3,3,2,2,221,60,11,7,1,20,20,0,0,8,1,1,1,True,False,True,True,0,7,-4,-4,True,67,20,1,1,1,0,3,-4,-4,8888,67,0,1,False,Unknown,True,False,False,False,False,False
NACC527202,8,13,-4,-4,-4,-4,-4,,-4,-4,-4,-4,-4,-4,-4,300,79,-4,-4,-4,-4,-4,1,1,8,1,2,0,True,True,True,True,0,7,0,0,False,83,20,1,1,1,0,3,-4,-4,9999,-4,-4,-4,False,Unknown,False,True,True,False,True,True
NACC527347,27,11,9,14,32,8,8,,-4,-4,8,12,12,10,11,129,48,16,11,1,26,26,0,0,8,1,2,0,True,False,True,True,0,7,-4,-4,False,75,20,1,1,1,0,3,-4,-4,8888,74,0,1,False,Unknown,True,False,False,False,False,False
NACC528219,-4,-4,-4,-4,-4,-4,-4,,-4,-4,-4,-4,-4,-4,-4,-4,-4,-4,-4,-4,-4,-4,0,0,1,1,1,0,True,False,True,True,0,7,0,0,False,85,12,1,1,2,0,4,-4,-4,8888,-4,-4,-4,False,Unknown,False,False,False,True,True,True
NACC528636,-4,-4,-4,-4,-4,-4,-4,,-4,-4,-4,-4,-4,-4,-4,-4,-4,-4,-4,-4,-4,-4,1,1,8,1,1,0,True,True,True,True,0,7,0,0,False,69,20,1,1,1,0,3,-4,-4,2003,-4,-4,-4,True,Unknown,False,True,True,False,True,True
NACC528739,5,3,-4,-4,-4,-4,-4,,-4,-4,-4,-4,-4,-4,-4,996,89,-4,-4,-4,-4,-4,1,1,1,1,1,0,False,True,False,False,0,7,0,0,False,75,20,1,1,1,0,4,-4,-4,1998,-4,-4,-4,True,Unknown,False,True,True,True,True,True
NACC529871,18,11,-4,-4,-4,-4,-4,,-4,-4,-4,-4,-4,-4,-4,996,118,-4,-4,-4,-4,-4,0,0,1,1,1,1,False,True,False,True,1,2,0,1,False,65,16,1,1,1,0,4,-4,-4,8888,-4,-4,-4,False,Unknown,False,False,False,True,True,True
NACC530369,22,14,-4,-4,-4,-4,-4,,-4,-4,-4,-4,-4,-4,-4,93,35,-4,-4,-4,-4,-4,0,0,1,1,1,0,True,True,True,True,1,2,0,1,False,72,18,1,1,1,0,4,-4,-4,8888,-4,-4,-4,True,Unknown,False,False,False,True,True,True
NACC530448,9,10,-4,-4,-4,-4,-4,,-4,-4,-4,-4,-4,-4,-4,300,150,-4,-4,-4,-4,-4,0,0,1,1,1,0,False,False,False,True,0,7,0,0,False,89,14,2,1,1,0,4,-4,-4,8888,-4,-4,-4,False,Unknown,False,False,False,True,True,True
NACC530625,8,3,-4,-4,-4,-4,-4,,-4,-4,-4,-4,-4,-4,-4,300,62,-4,-4,-4,-4,-4,0,0,1,1,2,0,False,False,False,False,1,1,1,0,False,78,20,1,1,5,0,4,-4,-4,8888,-4,-4,-4,False,Unknown,False,False,False,True,True,True
NACC530628,9,4,-4,-4,-4,-4,-4,,-4,-4,-4,-4,-4,-4,-4,171,54,-4,-4,-4,-4,-4,0,1,0,1,3,0,True,False,True,True,1,1,1,0,False,88,16,1,1,1,0,4,-4,-4,8888,-4,-4,-4,False,Unknown,False,False,True,False,False,True
NACC530873,9,11,-4,-4,-4,-4,-4,,-4,-4,-4,-4,-4,-4,-4,996,136,-4,-4,-4,-4,-4,0,0,1,1,1,0,False,False,False,True,0,7,0,0,False,79,18,2,1,2,0,4,-4,-4,8888,-4,-4,-4,False,Unknown,False,False,False,True,True,True
NACC531082,12,8,-4,-4,-4,-4,-4,,-4,-4,-4,-4,-4,-4,-4,282,51,-4,-4,-4,-4,-4,0,0,1,1,1,0,False,True,False,True,1,2,0,1,False,65,12,1,1,1,0,4,-4,-4,8888,-4,-4,-4,False,Unknown,False,False,False,True,True,True
NACC531316,-4,-4,-4,-4,-4,8,8,,-4,-4,8,-4,-4,-4,-4,-4,-4,-4,-4,-4,-4,-4,-4,0,0,1,2,0,True,False,True,True,0,7,-4,-4,False,72,18,1,8,5,0,4,-4,-4,-4,64,-4,-4,False,Unknown,False,False,False,False,False,False
NACC531438,14,9,3,2,30,8,8,,-4,-4,8,25,14,22,12,300,76,12,6,1,18,18,1,1,0,1,1,0,True,True,True,True,0,7,-4,-4,False,78,20,1,1,1,0,4,-4,-4,9999,64,1,1,True,Unknown,True,True,True,False,True,True
NACC531934,8,7,9,7,18,8,8,,-4,-4,8,13,10,13,12,300,139,16,8,1,13,99,0,0,0,1,2,0,True,False,True,True,1,2,-4,-4,False,68,99,1,4,1,0,4,-4,-4,8888,888,0,1,False,Unknown,True,False,False,False,False,False
NACC533320,20,12,-4,-4,-4,-4,-4,,-4,-4,-4,-4,-4,-4,-4,161,997,-4,-4,-4,-4,-4,1,1,8,1,1,0,True,True,True,True,0,7,0,0,False,65,16,1,1,1,0,3,-4,-4,1989,-4,-4,-4,True,Unknown,False,True,True,False,True,True
NACC533941,96,96,96,96,96,-4,-4,,-4,-4,-4,96,96,96,96,996,996,96,96,96,88,88,0,-4,8,1,1,0,True,True,True,True,1,2,-4,-4,False,79,14,1,1,-4,0,4,888,888,-4,-4,-4,1,False,Unknown,False,False,False,False,False,False
NACC534134,11,8,7,6,28,1,8,,-4,-4,1,18,14,16,13,253,56,15,8,0,21,21,-4,0,1,1,1,1,True,False,True,True,1,2,-4,-4,False,74,16,1,1,1,0,4,-4,-4,-4,73,1,1,False,A+,True,False,False,True,True,True
NACC535175,96,96,96,96,96,8,8,,-4,-4,8,96,96,96,96,996,996,96,96,96,5,5,-4,0,1,1,2,0,True,False,True,True,1,1,-4,-4,False,82,16,1,1,1,0,4,-4,-4,-4,81,0,1,False,Unknown,False,False,False,True,True,True
NACC536114,9,3,-4,-4,-4,-4,-4,,-4,-4,-4,-4,-4,-4,-4,995,995,-4,-4,-4,-4,-4,1,1,0,1,1,0,True,True,True,True,0,7,0,0,False,80,13,2,1,1,0,4,-4,-4,2007,-4,-4,-4,False,Unknown,False,True,True,False,True,True
NACC536469,21,13,10,7,30,0,8,,-4,-4,0,10,9,12,9,158,34,13,7,1,17,17,0,0,8,1,1,1,True,False,True,True,0,7,-4,-4,True,74,13,1,1,1,0,3,-4,-4,8888,72,1,1,False,A-,True,False,False,False,False,False
NACC536613,19,12,-4,-4,-4,-4,-4,,-4,-4,-4,-4,-4,-4,-4,300,83,-4,-4,-4,-4,-4,0,0,8,1,1,0,True,False,True,True,0,7,0,0,False,73,14,2,1,1,0,3,-4,-4,8888,-4,-4,-4,True,Unknown,False,False,False,False,False,False
NACC536897,20,12,9,14,32,1,8,,-4,-4,1,17,16,19,19,65,25,15,11,0,88,88,-4,0,0,1,2,0,True,False,True,True,1,1,-4,-4,False,71,22,1,1,1,0,4,-4,-4,-4,63,0,1,False,A+,True,False,False,False,False,False
NACC536980,9,5,4,5,19,8,8,,-4,-4,8,10,8,5,4,996,99,11,2,1,11,12,0,0,1,1,1,1,True,False,True,True,0,7,-4,-4,False,81,12,2,1,1,0,4,-4,-4,8888,79,1,1,True,Unknown,True,False,False,True,True,True
NACC537399,11,8,9,3,19,8,8,,-4,-4,8,9,9,5,5,996,117,3,3,1,10,11,-4,1,1,1,1,0,True,False,True,True,0,7,-4,-4,False,79,3,2,2,2,1,4,-4,-4,-4,76,1,1,True,Unknown,True,False,True,True,True,True
NACC537458,18,13,-4,-4,-4,-4,-4,,-4,-4,-4,-4,-4,-4,-4,119,45,-4,-4,-4,-4,-4,0,0,1,1,1,0,True,True,True,True,0,7,0,0,False,67,20,1,1,1,0,4,-4,-4,8888,-4,-4,-4,True,Unknown,False,False,False,True,True,True
NACC537518,10,8,11,9,-4,8,8,,-4,-4,8,25,17,16,13,-4,-4,-4,-4,-4,-4,-4,-4,1,8,8,8,0,True,False,True,True,8,8,-4,-4,False,82,16,2,1,1,0,1,-4,-4,-4,80,-4,-4,False,Unknown,False,False,True,False,False,True
NACC537870,11,9,14,7,28,8,8,,-4,-4,8,19,14,15,10,121,54,16,7,1,26,27,-4,1,8,1,1,0,True,False,True,True,0,7,-4,-4,False,85,12,2,1,1,0,3,-4,-4,-4,80,1,1,True,Unknown,True,False,True,False,False,True
NACC538002,97,1,-4,-4,-4,-4,-4,,-4,-4,-4,-4,-4,-4,-4,996,81,-4,-4,-4,-4,-4,0,0,1,1,2,0,False,False,False,False,1,1,1,0,False,69,16,1,1,2,0,4,-4,-4,8888,-4,-4,-4,False,Unknown,False,False,False,True,True,True
NACC538337,10,7,10,12,27,0,8,,-4,-4,1,2,4,5,7,300,94,10,4,1,20,20,-4,0,1,1,1,1,True,False,True,True,0,7,-4,-4,True,75,20,1,1,1,0,4,-4,-4,-4,73,1,1,False,A-,True,False,False,True,True,True
NACC538829,8,5,-4,-4,-4,-4,-4,,-4,-4,-4,-4,-4,-4,-4,996,150,-4,-4,-4,-4,-4,0,0,1,1,1,0,False,True,False,True,0,7,0,0,False,79,12,1,1,1,0,4,-4,-4,8888,-4,-4,-4,False,Unknown,False,False,False,True,True,True
NACC539065,15,13,10,16,31,0,8,,-4,-4,8,20,14,18,14,186,60,16,12,0,25,25,1,1,8,1,1,0,True,True,True,True,0,7,-4,-4,False,70,20,1,1,1,0,3,-4,-4,2021,69,0,1,True,A-,True,True,True,False,True,True
NACC539441,15,6,-4,-4,-4,-4,-4,,-4,-4,-4,-4,-4,-4,-4,129,58,-4,-4,-4,-4,-4,1,1,0,1,1,0,True,True,True,True,0,7,0,0,False,73,12,1,1,1,0,4,-4,-4,2000,-4,-4,-4,True,Unknown,False,True,True,False,True,True
NACC539972,10,10,15,13,97,8,8,,-4,-4,8,32,20,27,18,997,997,97,97,97,23,23,-4,1,8,0,7,0,True,False,True,True,0,7,-4,-4,False,82,16,1,1,1,0,2,-4,-4,-4,79,0,1,False,Unknown,False,False,True,False,False,True
NACC540209,7,4,-4,-4,-4,-4,-4,,-4,-4,-4,-4,-4,-4,-4,996,996,-4,-4,-4,-4,-4,1,1,0,1,1,0,True,True,True,True,0,7,0,0,False,74,19,1,1,1,0,4,-4,-4,2003,-4,-4,-4,True,Unknown,False,True,True,False,True,True
NACC540740,8,10,8,10,25,8,8,,-4,-4,8,10,8,6,4,112,49,15,95,95,17,18,-4,1,0,0,7,0,True,False,True,True,1,1,-4,-4,False,80,12,2,1,1,0,4,-4,-4,-4,888,1,1,False,Unknown,True,False,True,False,False,True
NACC540799,97,97,98,98,24,8,8,,-4,-4,8,3,2,4,3,997,997,8,7,1,9,10,0,0,1,1,1,0,True,False,True,True,1,2,-4,-4,False,70,12,1,1,1,0,4,-4,-4,8888,67,8,1,False,Unknown,False,False,False,True,True,True
NACC540868,5,4,6,9,28,8,8,,-4,-4,8,6,5,19,5,996,150,9,0,0,11,11,1,0,1,1,1,0,True,True,True,True,0,7,-4,-4,False,80,19,1,1,1,0,4,-4,-4,2016,78,1,1,False,Unknown,True,True,False,True,True,True
NACC540927,9,4,-4,-4,-4,-4,-4,,-4,-4,-4,-4,-4,-4,-4,300,69,-4,-4,-4,-4,-4,1,1,8,1,1,0,True,True,True,True,0,7,0,0,False,82,20,1,1,1,0,3,-4,-4,2012,-4,-4,-4,True,Unknown,False,True,True,False,True,True
NACC540942,7,3,-4,-4,-4,-4,-4,,-4,-4,-4,-4,-4,-4,-4,996,101,-4,-4,-4,-4,-4,0,0,1,1,1,0,False,False,False,False,1,2,1,0,False,72,12,1,1,1,0,4,-4,-4,8888,-4,-4,-4,False,Unknown,False,False,False,True,True,True
NACC541349,4,1,3,0,18,8,8,,-4,-4,8,9,8,96,96,996,996,9,96,96,88,88,-4,1,0,1,2,0,True,False,True,True,1,1,-4,-4,False,83,20,1,1,1,0,4,-4,-4,-4,79,1,1,True,Unknown,True,False,True,False,False,True
NACC541561,27,21,19,14,31,8,8,,-4,-4,8,12,11,13,12,40,13,11,12,1,30,30,1,1,8,8,8,0,True,True,True,True,8,8,-4,-4,True,44,18,2,1,3,0,1,-4,-4,2024,42,1,1,True,Unknown,True,True,True,False,True,True
NACC541892,11,5,-4,-4,-4,-4,-4,,-4,-4,-4,-4,-4,-4,-4,996,150,-4,-4,-4,-4,-4,0,0,1,1,1,0,True,False,True,True,0,7,0,0,False,78,18,1,1,3,0,4,-4,-4,8888,-4,-4,-4,False,Unknown,False,False,False,True,True,True
NACC542169,-4,-4,-4,-4,-4,-4,-4,,-4,-4,-4,-4,-4,-4,-4,-4,-4,-4,-4,-4,-4,-4,0,0,1,1,2,0,False,False,False,True,1,1,1,0,False,89,17,1,1,1,0,4,-4,-4,8888,-4,-4,-4,False,Unknown,False,False,False,True,True,True
NACC542212,10,6,-4,-4,-4,-4,-4,,-4,-4,-4,-4,-4,-4,-4,162,34,-4,-4,-4,-4,-4,0,0,8,1,1,1,True,False,True,True,0,7,0,0,False,70,16,1,1,1,0,3,-4,-4,8888,-4,-4,-4,False,Unknown,False,False,False,False,False,False
NACC542448,15,13,10,11,32,8,8,,-4,-4,8,21,15,16,16,149,38,15,8,1,25,25,-4,0,1,1,2,0,True,False,True,True,1,1,-4,-4,False,88,20,1,1,1,0,4,-4,-4,-4,86,1,1,False,Unknown,True,False,False,True,True,True
NACC542811,9,7,-4,-4,-4,-4,-4,,-4,-4,-4,-4,-4,-4,-4,996,996,-4,-4,-4,-4,-4,0,0,1,1,1,0,True,False,True,True,0,7,0,0,False,68,3,1,2,50,1,4,-4,-4,8888,-4,-4,-4,False,Unknown,False,False,False,True,True,True
NACC542812,14,14,-4,-4,-4,-4,-4,,-4,-4,-4,-4,-4,-4,-4,250,55,-4,-4,-4,-4,-4,1,1,8,1,1,0,True,True,True,True,0,7,0,0,False,80,20,2,1,1,0,3,-4,-4,1998,-4,-4,-4,True,Unknown,False,True,True,False,True,True
NACC543028,14,9,-4,-4,-4,-4,-4,,-4,-4,-4,-4,-4,-4,-4,300,120,-4,-4,-4,-4,-4,0,1,8,8,8,0,True,False,True,True,8,8,8,8,False,86,16,1,1,1,0,1,-4,-4,8888,-4,-4,-4,False,Unknown,False,False,True,False,False,True
NACC543165,9,4,16,15,24,8,8,,-4,-4,8,3,4,0,0,179,54,17,3,0,17,18,-4,0,0,1,1,0,True,False,True,True,1,2,-4,-4,False,89,12,1,1,1,0,4,-4,-4,-4,88,1,1,False,Unknown,True,False,False,False,False,False
NACC543684,20,8,-4,-4,-4,-4,-4,,-4,-4,-4,-4,-4,-4,-4,70,25,-4,-4,-4,-4,-4,1,1,8,8,8,1,True,True,True,True,8,8,8,8,False,77,18,1,1,1,0,1,-4,-4,1997,-4,-4,-4,True,Unknown,False,True,True,False,True,True
NACC543761,12,7,-4,-4,-4,-4,-4,,-4,-4,-4,-4,-4,-4,-4,300,96,-4,-4,-4,-4,-4,0,0,1,1,1,0,False,False,False,False,0,7,0,0,False,73,16,1,1,1,0,4,-4,-4,8888,-4,-4,-4,False,Unknown,False,False,False,True,True,True
NACC544137,18,5,15,11,30,8,8,,-4,-4,8,23,15,18,11,996,997,11,7,1,16,16,1,1,1,1,1,1,True,True,True,True,0,7,-4,-4,False,78,14,1,1,1,0,4,-4,-4,2005,58,1,1,True,Unknown,True,True,True,True,True,True
NACC544190,14,10,10,9,32,8,8,,-4,-4,8,27,20,21,16,176,40,14,9,1,26,26,1,1,8,1,1,1,True,True,True,True,0,7,-4,-4,False,72,18,1,1,1,0,3,-4,-4,9999,67,1,1,True,Unknown,True,True,True,False,True,True
NACC544369,17,15,-4,-4,-4,-4,-4,,-4,-4,-4,-4,-4,-4,-4,80,34,-4,-4,-4,-4,-4,1,1,8,1,1,0,True,True,True,True,0,7,0,0,False,82,16,2,1,1,0,3,-4,-4,2002,-4,-4,-4,True,Unknown,False,True,True,False,True,True
NACC544505,2,0,-4,-4,-4,-4,-4,,-4,-4,-4,-4,-4,-4,-4,996,71,-4,-4,-4,-4,-4,0,0,1,1,2,0,False,False,False,False,1,1,1,0,False,85,16,1,1,1,0,4,-4,-4,8888,-4,-4,-4,False,Unknown,False,False,False,True,True,True
NACC545197,21,11,20,17,32,8,8,,-4,-4,8,18,12,17,11,165,45,17,10,1,24,24,-4,0,8,1,1,0,True,False,True,True,0,7,-4,-4,False,85,20,1,1,1,0,3,-4,-4,-4,55,0,1,False,Unknown,True,False,False,False,False,False
NACC545281,7,4,6,11,23,8,8,,-4,-4,8,15,13,8,9,59,29,17,11,0,18,18,-4,1,8,0,7,0,True,False,True,True,1,1,-4,-4,False,81,13,1,1,1,0,3,-4,-4,-4,76,0,1,True,Unknown,True,False,True,False,False,True
NACC545392,11,4,3,2,28,8,8,,-4,-4,8,5,4,1,1,300,35,11,6,1,14,14,-4,1,0,0,7,0,True,False,True,True,1,1,-4,-4,False,82,16,1,1,1,0,4,-4,-4,-4,79,1,1,False,Unknown,True,False,True,False,False,True
NACC545778,-4,-4,-4,-4,-4,8,8,,-4,-4,8,-4,-4,-4,-4,-4,-4,-4,-4,-4,-4,-4,-4,0,1,1,2,0,True,False,True,True,1,2,-4,-4,False,66,16,1,1,1,0,4,-4,-4,-4,62,-4,-4,True,Unknown,False,False,False,True,True,True
NACC545814,20,16,-4,-4,-4,-4,-4,,-4,-4,-4,-4,-4,-4,-4,192,37,-4,-4,-4,-4,-4,9,0,8,1,1,0,True,False,True,True,1,2,0,1,False,66,18,1,1,1,0,3,-4,-4,8888,-4,-4,-4,True,Unknown,False,False,False,False,False,False
NACC546456,21,16,11,9,32,8,8,,-4,-4,8,11,11,11,10,80,26,16,12,1,24,24,-4,0,8,1,2,0,True,False,True,True,1,1,-4,-4,False,72,17,1,1,1,0,3,-4,-4,-4,888,0,1,False,Unknown,True,False,False,False,False,False
NACC546704,97,97,97,97,97,8,8,,-4,-4,8,97,97,97,97,997,997,97,97,97,88,88,-4,1,8,8,8,0,True,False,True,True,8,8,-4,-4,False,84,12,1,1,1,0,1,-4,-4,-4,82,0,1,False,Unknown,False,False,True,False,False,True
NACC546753,98,98,-4,-4,-4,-4,-4,,-4,-4,-4,-4,-4,-4,-4,998,998,-4,-4,-4,-4,-4,0,0,1,1,2,0,False,True,False,False,1,1,1,0,False,74,20,1,1,1,0,4,-4,-4,8888,-4,-4,-4,True,Unknown,False,False,False,True,True,True
NACC547195,2,2,-4,-4,-4,-4,-4,,-4,-4,-4,-4,-4,-4,-4,996,996,-4,-4,-4,-4,-4,1,1,0,1,2,0,True,True,True,True,1,1,1,0,False,83,16,2,1,1,0,4,-4,-4,2010,-4,-4,-4,False,Unknown,False,True,True,False,True,True
NACC547215,9,3,12,8,27,1,8,,-4,-4,8,5,5,7,5,300,66,7,2,1,16,16,-4,0,0,1,2,0,True,False,True,True,1,1,-4,-4,False,81,16,1,1,1,0,4,-4,-4,-4,81,0,1,False,A+,True,False,False,False,False,False
NACC547370,13,9,-4,-4,-4,-4,-4,,-4,-4,-4,-4,-4,-4,-4,300,70,-4,-4,-4,-4,-4,1,1,8,8,8,0,True,True,True,True,8,8,8,8,False,73,18,1,1,1,0,1,-4,-4,2005,-4,-4,-4,True,Unknown,False,True,True,False,True,True
NACC547606,-4,-4,-4,-4,-4,8,8,,-4,-4,8,-4,-4,-4,-4,-4,-4,-4,-4,-4,-4,-4,-4,0,1,1,2,0,False,False,False,False,1,1,-4,-4,False,74,20,1,1,5,0,4,-4,-4,-4,-4,-4,-4,False,Unknown,False,False,False,True,True,True
NACC548291,8,7,-4,-4,-4,-4,-4,,-4,-4,-4,-4,-4,-4,-4,996,996,-4,-4,-4,-4,-4,0,0,1,1,1,0,True,False,True,True,0,7,0,0,False,97,12,2,1,1,0,4,-4,-4,8888,-4,-4,-4,False,Unknown,False,False,False,True,True,True
NACC548592,11,7,-4,-4,-4,-4,-4,,-4,-4,-4,-4,-4,-4,-4,996,150,-4,-4,-4,-4,-4,0,0,1,1,1,0,False,False,False,False,1,2,1,0,False,82,12,2,1,1,0,4,-4,-4,8888,-4,-4,-4,False,Unknown,False,False,False,True,True,True
NACC549090,15,7,-4,-4,-4,-4,-4,,-4,-4,-4,-4,-4,-4,-4,261,59,-4,-4,-4,-4,-4,0,0,1,1,1,0,False,True,False,True,0,7,0,0,False,70,18,1,1,1,0,4,-4,-4,8888,-4,-4,-4,False,Unknown,False,False,False,True,True,True
NACC549176,21,10,13,16,32,8,8,,-4,-4,8,15,13,17,13,34,15,13,8,1,29,29,-4,0,8,1,1,1,True,False,True,True,0,7,-4,-4,True,72,18,1,1,1,0,2,-4,-4,-4,72,0,1,False,Unknown,True,False,False,False,False,False
NACC549299,98,98,-4,-4,-4,-4,-4,,-4,-4,-4,-4,-4,-4,-4,998,998,-4,-4,-4,-4,-4,0,0,8,1,2,0,True,False,True,True,1,1,1,0,False,85,18,2,1,1,0,3,-4,-4,8888,-4,-4,-4,False,Unknown,False,False,False,False,False,False
NACC549430,2,0,-4,-4,-4,-4,-4,,-4,-4,-4,-4,-4,-4,-4,996,90,-4,-4,-4,-4,-4,0,0,1,1,2,0,False,False,False,True,1,1,1,0,False,80,12,1,1,1,0,4,-4,-4,8888,-4,-4,-4,False,Unknown,False,False,False,True,True,True
NACC549632,97,97,-4,-4,-4,-4,-4,,-4,-4,-4,-4,-4,-4,-4,997,997,-4,-4,-4,-4,-4,0,0,1,1,1,0,False,False,False,False,1,2,1,0,False,67,12,1,1,1,0,4,-4,-4,8888,-4,-4,-4,False,Unknown,False,False,False,True,True,True
NACC549676,7,6,-4,-4,-4,-4,-4,,-4,-4,-4,-4,-4,-4,-4,300,150,-4,-4,-4,-4,-4,0,0,1,1,1,0,False,False,False,True,1,2,0,1,False,70,20,1,1,1,0,4,-4,-4,8888,-4,-4,-4,False,Unknown,False,False,False,True,True,True
NACC549968,27,20,-4,-4,-4,-4,-4,,-4,-4,-4,-4,-4,-4,-4,95,33,-4,-4,-4,-4,-4,1,1,8,8,8,0,True,True,True,True,8,8,8,8,False,66,16,2,1,1,0,1,-4,-4,2003,-4,-4,-4,True,Unknown,False,True,True,False,True,True
NACC550072,9,12,7,4,23,8,8,,-4,-4,8,11,7,11,6,996,49,10,2,1,13,14,0,0,1,1,2,0,False,False,False,True,1,1,-4,-4,False,77,12,2,1,1,0,4,-4,-4,8888,888,0,0,False,Unknown,True,False,False,True,True,True
NACC550361,13,5,11,7,29,1,8,,-4,-4,8,9,8,4,2,300,92,14,0,1,9,9,0,0,1,1,1,0,True,False,True,True,1,2,-4,-4,False,87,20,1,1,50,1,4,-4,-4,8888,888,1,1,False,A+,True,False,False,True,True,True
NACC550515,11,6,-4,-4,-4,-4,-4,,-4,-4,-4,-4,-4,-4,-4,996,145,-4,-4,-4,-4,-4,0,0,1,1,1,0,True,False,True,True,0,7,0,0,False,71,16,1,1,1,0,4,-4,-4,8888,-4,-4,-4,False,Unknown,False,False,False,True,True,True
NACC550521,96,96,-4,-4,-4,-4,-4,,-4,-4,-4,-4,-4,-4,-4,996,996,-4,-4,-4,-4,-4,0,0,1,1,1,0,False,False,False,False,1,2,0,1,False,85,12,2,1,2,0,4,-4,-4,8888,-4,-4,-4,False,Unknown,False,False,False,True,True,True
NACC550701,12,11,-4,-4,-4,-4,-4,,-4,-4,-4,-4,-4,-4,-4,124,44,-4,-4,-4,-4,-4,1,1,0,1,1,0,True,True,True,True,0,7,0,0,False,82,13,1,1,1,0,4,-4,-4,2003,-4,-4,-4,True,Unknown,False,True,True,False,True,True
NACC550830,10,8,10,10,32,8,8,,-4,-4,8,20,15,21,16,69,34,17,10,1,28,28,1,1,8,8,8,0,True,True,True,True,8,8,-4,-4,False,83,20,1,1,1,0,1,-4,-4,2018,76,1,1,True,Unknown,True,True,True,False,True,True
NACC551204,9,5,-4,-4,-4,-4,-4,,-4,-4,-4,-4,-4,-4,-4,996,996,-4,-4,-4,-4,-4,0,0,1,1,1,0,True,True,True,True,0,7,0,0,False,71,12,1,1,3,0,4,-4,-4,8888,-4,-4,-4,False,Unknown,False,False,False,True,True,True
NACC551326,19,14,-4,-4,-4,-4,-4,,-4,-4,-4,-4,-4,-4,-4,300,35,-4,-4,-4,-4,-4,0,0,1,1,1,0,True,False,True,True,0,7,0,0,False,83,12,1,1,2,0,4,-4,-4,8888,-4,-4,-4,False,Unknown,False,False,False,True,True,True
NACC551344,17,16,-4,-4,-4,-4,-4,,-4,-4,-4,-4,-4,-4,-4,73,36,-4,-4,-4,-4,-4,1,1,8,8,8,0,True,True,True,True,8,8,8,8,False,63,18,2,1,1,0,1,-4,-4,2003,-4,-4,-4,True,Unknown,False,True,True,False,True,True
NACC551541,10,10,-4,-4,-4,-4,-4,,-4,-4,-4,-4,-4,-4,-4,996,150,-4,-4,-4,-4,-4,1,1,0,1,2,0,True,True,True,True,1,1,0,1,False,85,6,2,2,50,1,4,-4,-4,9999,-4,-4,-4,False,Unknown,False,True,True,False,True,True
NACC551656,9,7,5,9,22,8,8,,-4,-4,8,4,5,0,0,996,68,13,0,1,14,14,0,0,1,1,2,0,True,False,True,True,1,1,-4,-4,False,83,16,1,1,1,0,4,-4,-4,8888,888,0,1,False,Unknown,True,False,False,True,True,True
NACC551891,4,4,-4,-4,-4,-4,-4,,-4,-4,-4,-4,-4,-4,-4,996,150,-4,-4,-4,-4,-4,0,0,1,1,2,0,False,False,False,True,1,1,1,0,False,75,13,2,1,1,0,4,-4,-4,8888,-4,-4,-4,True,Unknown,False,False,False,True,True,True
NACC552434,23,13,15,16,29,8,8,,-4,-4,8,27,15,20,14,117,34,16,7,1,22,22,9,0,8,1,1,0,True,False,True,True,0,7,-4,-4,False,70,16,1,1,1,0,3,-4,-4,8888,68,0,1,False,Unknown,True,False,False,False,False,False
NACC552814,-4,-4,-4,-4,-4,-4,-4,,-4,-4,-4,-4,-4,-4,-4,-4,-4,-4,-4,-4,-4,-4,1,1,0,1,3,0,True,True,True,True,1,1,0,1,False,79,20,1,1,1,0,4,-4,-4,2012,-4,-4,-4,False,Unknown,False,True,True,False,True,True
NACC552897,8,9,-4,-4,-4,-4,-4,,-4,-4,-4,-4,-4,-4,-4,300,45,-4,-4,-4,-4,-4,0,0,1,1,2,0,False,False,False,False,1,1,1,0,False,83,12,2,1,1,0,4,-4,-4,8888,-4,-4,-4,False,Unknown,False,False,False,True,True,True
NACC552977,18,7,9,5,31,1,8,,-4,-4,1,18,12,16,11,996,150,6,3,0,19,19,-4,0,1,1,2,0,True,False,True,True,1,1,-4,-4,False,62,13,1,1,1,0,4,-4,-4,-4,62,0,1,True,A+,True,False,False,True,True,True
NACC553496,10,4,-4,-4,-4,-4,-4,,-4,-4,-4,-4,-4,-4,-4,300,69,-4,-4,-4,-4,-4,0,0,1,1,2,0,False,False,False,False,1,1,1,0,False,82,12,2,1,1,0,4,-4,-4,8888,-4,-4,-4,False,Unknown,False,False,False,True,True,True
NACC554139,18,10,20,15,32,8,8,,-4,-4,8,20,14,19,14,83,25,14,13,0,25,25,-4,1,8,8,8,0,True,False,True,True,8,8,-4,-4,False,73,16,1,1,1,0,1,-4,-4,-4,55,0,1,True,Unknown,True,False,True,False,False,True
NACC554636,3,2,-4,-4,-4,-4,-4,,-4,-4,-4,-4,-4,-4,-4,996,996,-4,-4,-4,-4,-4,1,1,1,1,1,0,False,True,False,False,0,7,0,0,False,75,14,1,1,1,0,4,-4,-4,1998,-4,-4,-4,True,Unknown,False,True,True,True,True,True
NACC554679,23,20,20,17,32,8,8,,-4,-4,8,28,19,30,19,66,23,17,13,1,30,30,1,1,8,8,8,1,True,True,True,True,8,8,-4,-4,False,64,16,2,1,1,0,1,-4,-4,2012,57,1,1,True,Unknown,True,True,True,False,True,True
NACC555148,12,9,12,12,30,8,8,,-4,-4,8,13,10,0,1,95,63,16,6,1,22,22,-4,0,1,1,1,0,False,False,False,False,0,7,-4,-4,False,72,18,1,1,1,0,4,-4,-4,-4,888,0,0,False,Unknown,True,False,False,True,True,True
NACC555452,1,0,2,1,1,8,8,,-4,-4,8,1,1,0,0,996,996,0,96,96,1,1,-4,1,0,1,3,0,True,False,True,True,1,1,-4,-4,False,85,16,2,1,1,0,4,-4,-4,-4,84,8,1,False,Unknown,True,False,True,False,False,True
NACC555728,30,27,-4,-4,-4,-4,-4,,-4,-4,-4,-4,-4,-4,-4,37,18,-4,-4,-4,-4,-4,1,1,8,8,8,0,True,True,True,True,8,8,8,8,False,78,20,2,1,1,0,1,-4,-4,2007,-4,-4,-4,True,Unknown,False,True,True,False,True,True
NACC555818,24,19,27,16,32,0,8,,-4,-4,8,32,20,24,17,46,30,17,17,1,30,30,-4,1,8,8,8,1,True,False,True,True,8,8,-4,-4,True,73,19,2,1,1,0,1,-4,-4,-4,71,1,1,True,A-,True,False,True,False,False,True
NACC556104,21,15,16,18,29,8,8,,-4,-4,8,26,18,16,12,152,42,14,9,1,23,23,0,0,8,1,1,1,True,True,True,True,1,2,-4,-4,False,65,14,2,1,2,0,3,-4,-4,8888,60,1,1,False,Unknown,True,False,False,False,False,False
NACC556440,13,3,6,7,25,1,8,,-4,-4,1,2,1,2,3,996,150,9,0,0,15,15,-4,0,1,1,2,0,True,False,True,True,1,1,-4,-4,False,72,16,1,1,1,0,4,-4,-4,-4,71,0,1,False,A+,True,False,False,True,True,True
NACC556669,4,4,-4,-4,-4,-4,-4,,-4,-4,-4,-4,-4,-4,-4,300,70,-4,-4,-4,-4,-4,0,0,1,1,2,0,True,True,True,True,1,1,0,1,False,63,16,1,1,1,0,4,-4,-4,8888,-4,-4,-4,False,Unknown,False,False,False,True,True,True
NACC557160,29,23,21,16,32,8,8,,-4,-4,8,33,19,25,19,84,33,15,10,1,27,27,-4,0,8,8,8,1,True,False,False,True,8,8,-4,-4,False,72,20,1,1,1,0,1,-4,-4,-4,72,0,1,False,Unknown,True,False,False,False,False,False
NACC557225,7,5,-4,-4,-4,-4,-4,,-4,-4,-4,-4,-4,-4,-4,300,60,-4,-4,-4,-4,-4,0,0,1,1,2,0,False,False,False,False,1,1,1,0,False,70,14,1,1,1,0,4,-4,-4,8888,-4,-4,-4,False,Unknown,False,False,False,True,True,True
NACC557691,15,9,12,11,30,8,8,,-4,-4,8,12,6,10,6,996,99,13,6,0,18,18,0,1,0,0,7,0,True,False,True,True,1,1,-4,-4,False,77,13,2,8,5,0,4,-4,-4,8888,73,0,1,False,Unknown,True,False,True,False,False,True
NACC558940,96,96,96,96,96,8,8,,-4,-4,8,96,96,96,96,996,996,96,96,96,88,88,0,0,1,1,1,0,True,True,True,True,0,7,-4,-4,False,75,12,2,1,1,0,4,-4,-4,8888,72,1,1,False,Unknown,False,False,False,True,True,True
NACC558950,10,7,-4,-4,-4,-4,-4,,-4,-4,-4,-4,-4,-4,-4,300,119,-4,-4,-4,-4,-4,0,0,1,1,1,0,False,False,False,False,0,7,0,0,False,74,12,1,1,1,0,4,-4,-4,8888,-4,-4,-4,False,Unknown,False,False,False,True,True,True
NACC559076,4,7,-4,-4,-4,-4,-4,,-4,-4,-4,-4,-4,-4,-4,996,139,-4,-4,-4,-4,-4,0,0,1,1,2,0,True,False,True,True,1,1,1,0,False,88,16,2,1,2,0,4,-4,-4,8888,-4,-4,-4,False,Unknown,False,False,False,True,True,True
NACC559181,27,15,22,20,32,-4,-4,,-4,-4,-4,23,14,20,14,38,17,17,17,1,26,26,0,-4,8,1,2,0,True,False,True,True,1,1,-4,-4,False,75,22,1,1,-4,0,3,9,888,-4,-4,-4,1,False,Unknown,True,False,False,False,False,False
NACC559345,19,17,15,8,29,8,8,,-4,-4,8,22,15,21,13,80,52,16,11,1,28,28,-4,1,8,8,8,0,True,False,True,True,8,8,-4,-4,False,90,18,2,1,2,0,1,-4,-4,-4,85,1,1,True,Unknown,True,False,True,False,False,True
NACC559473,15,14,19,16,32,8,8,,-4,-4,8,13,13,13,12,69,36,15,14,1,28,28,0,1,8,1,1,0,True,True,True,True,0,7,-4,-4,False,61,20,2,1,1,0,3,-4,-4,8888,59,0,1,False,Unknown,True,False,True,False,False,True
NACC559932,8,2,-4,-4,-4,-4,-4,,-4,-4,-4,-4,-4,-4,-4,996,150,-4,-4,-4,-4,-4,0,0,1,1,1,0,False,True,False,True,0,7,0,0,False,65,13,1,1,1,0,4,-4,-4,8888,-4,-4,-4,False,Unknown,False,False,False,True,True,True
NACC559980,1,9,4,1,23,8,8,,-4,-4,8,2,3,0,0,996,54,9,0,0,7,8,0,1,1,1,1,0,True,False,True,True,0,7,-4,-4,False,82,12,1,1,1,0,4,-4,-4,8888,78,1,1,False,Unknown,True,False,True,True,True,True
NACC560018,6,3,9,6,26,8,8,,-4,-4,8,0,0,0,0,996,135,15,0,1,12,12,0,0,1,1,1,0,True,False,True,True,1,2,-4,-4,False,86,16,1,1,1,0,4,-4,-4,8888,84,1,1,False,Unknown,True,False,False,True,True,True
NACC560378,8,5,4,5,31,8,0,,-4,-4,8,13,11,12,10,300,74,10,2,1,18,19,-4,1,0,1,2,0,True,False,True,True,0,7,-4,-4,False,81,12,1,1,1,0,4,-4,-4,-4,79,1,1,False,A-,True,False,True,False,False,True
NACC560433,14,12,-4,-4,-4,-4,-4,,-4,-4,-4,-4,-4,-4,-4,300,71,-4,-4,-4,-4,-4,0,1,8,1,1,0,True,True,True,True,0,7,0,0,False,60,14,1,1,1,0,3,-4,-4,8888,-4,-4,-4,True,Unknown,False,False,True,False,False,True
NACC560724,14,9,-4,-4,-4,-4,-4,,-4,-4,-4,-4,-4,-4,-4,116,47,-4,-4,-4,-4,-4,1,1,8,1,2,0,True,True,True,True,1,1,0,1,False,79,16,1,1,1,0,3,-4,-4,9999,-4,-4,-4,False,Unknown,False,True,True,False,True,True
NACC561313,-4,-4,-4,-4,-4,8,8,,-4,-4,8,-4,-4,-4,-4,-4,-4,-4,-4,-4,-4,-4,-4,0,1,1,2,0,False,False,False,False,1,1,-4,-4,False,80,11,1,1,1,0,4,-4,-4,-4,888,-4,-4,True,Unknown,False,False,False,True,True,True
NACC561355,19,9,8,5,27,8,8,,-4,-4,8,10,10,11,8,102,45,13,10,1,21,22,-4,0,1,1,1,0,True,False,True,True,1,2,-4,-4,False,70,12,2,1,1,1,4,-4,-4,-4,68,1,1,False,Unknown,True,False,False,True,True,True
NACC561851,21,10,12,8,32,8,8,,-4,-4,8,20,16,15,15,138,54,13,10,1,25,25,-4,0,8,1,2,0,True,False,True,True,0,7,-4,-4,False,78,18,2,1,1,0,3,-4,-4,-4,888,0,1,False,Unknown,True,False,False,False,False,False
NACC561863,17,19,20,16,25,8,8,,-4,-4,8,11,12,13,12,56,18,16,11,0,30,30,-4,0,8,1,1,0,True,False,True,True,1,2,-4,-4,False,74,26,2,1,1,0,3,-4,-4,-4,71,0,1,False,Unknown,True,False,False,False,False,False
NACC561917,24,10,11,11,31,8,8,,-4,-4,8,5,5,5,4,122,47,15,12,1,18,18,0,0,1,1,1,1,True,False,True,True,0,7,-4,-4,False,56,14,2,1,1,0,4,-4,-4,8888,888,0,1,True,Unknown,True,False,False,True,True,True
NACC562182,16,13,17,17,29,8,8,,-4,-4,8,10,9,10,10,158,34,17,8,1,28,28,0,0,8,1,1,1,True,False,True,True,0,7,-4,-4,False,77,19,1,1,1,0,3,-4,-4,8888,888,0,1,False,Unknown,True,False,False,False,False,False
NACC562257,15,14,8,7,31,8,8,,-4,-4,8,19,14,19,12,300,38,15,10,1,23,24,0,1,8,1,1,0,True,False,True,True,0,7,-4,-4,False,68,12,1,1,1,0,3,-4,-4,8888,63,1,1,False,Unknown,True,False,True,False,False,True
NACC562926,18,13,15,11,27,8,8,,-4,-4,0,21,16,19,16,79,38,15,15,1,27,27,0,1,8,8,8,0,True,True,True,True,8,8,-4,-4,True,56,16,2,2,50,1,1,-4,-4,8888,55,0,1,False,Unknown,True,False,True,False,False,True
NACC563241,20,13,21,20,31,8,8,,-4,-4,8,10,8,9,8,101,58,15,7,1,27,27,-4,0,1,1,1,1,True,False,True,True,0,7,-4,-4,False,78,14,1,1,1,0,4,-4,-4,-4,67,0,1,True,Unknown,True,False,False,True,True,True
NACC563562,18,12,-4,-4,-4,-4,-4,,-4,-4,-4,-4,-4,-4,-4,111,34,-4,-4,-4,-4,-4,0,0,1,1,1,0,True,True,True,True,0,7,0,0,False,66,18,1,1,1,0,4,-4,-4,8888,-4,-4,-4,False,Unknown,False,False,False,True,True,True
NACC563655,10,5,3,6,29,8,8,,-4,-4,8,8,3,3,0,996,150,8,0,1,12,12,0,1,1,1,1,0,True,False,True,True,0,7,-4,-4,False,68,18,1,1,1,0,4,-4,-4,8888,67,1,1,False,Unknown,True,False,True,True,True,True
NACC563688,96,96,-4,-4,-4,-4,-4,,-4,-4,-4,-4,-4,-4,-4,996,996,-4,-4,-4,-4,-4,0,0,1,1,1,0,False,False,False,True,0,7,0,0,False,78,13,2,1,1,0,4,-4,-4,8888,-4,-4,-4,True,Unknown,False,False,False,True,True,True
NACC564208,1,1,8,8,17,8,8,,-4,-4,0,3,5,2,4,996,150,2,1,1,9,9,9,0,1,1,1,0,True,False,True,True,0,7,-4,-4,True,52,18,1,1,1,0,4,-4,-4,8888,51,0,1,True,Unknown,True,False,False,True,True,True
NACC564328,12,5,-4,-4,-4,-4,-4,,-4,-4,-4,-4,-4,-4,-4,145,67,-4,-4,-4,-4,-4,0,0,1,1,1,0,False,False,False,False,1,2,0,1,False,75,16,2,1,1,0,4,-4,-4,8888,-4,-4,-4,False,Unknown,False,False,False,True,True,True
NACC564331,20,18,18,17,32,8,8,,-4,-4,8,33,21,29,20,44,21,16,11,1,30,30,-4,1,8,8,8,0,True,False,True,True,8,8,-4,-4,False,70,18,2,1,1,0,1,-4,-4,-4,888,0,1,False,Unknown,True,False,True,False,False,True
NACC564873,31,12,21,25,32,8,8,,-4,-4,8,27,21,25,21,78,42,14,11,1,25,25,0,0,8,1,1,0,True,True,True,True,0,7,-4,-4,False,64,14,1,1,1,0,3,-4,-4,8888,62,0,1,False,Unknown,True,False,False,False,False,False
NACC564915,19,11,-4,-4,-4,-4,-4,,-4,-4,-4,-4,-4,-4,-4,57,39,-4,-4,-4,-4,-4,1,1,8,8,8,1,True,True,True,True,8,8,8,8,False,60,16,1,1,1,0,1,-4,-4,2001,-4,-4,-4,True,Unknown,False,True,True,False,True,True
NACC565364,10,5,-4,-4,-4,-4,-4,,-4,-4,-4,-4,-4,-4,-4,996,150,-4,-4,-4,-4,-4,0,0,1,1,1,0,False,False,False,True,0,7,0,0,False,78,7,1,1,1,0,4,-4,-4,8888,-4,-4,-4,False,Unknown,False,False,False,True,True,True
NACC565652,17,6,-4,-4,-4,-4,-4,,-4,-4,-4,-4,-4,-4,-4,996,48,-4,-4,-4,-4,-4,0,0,1,1,1,0,False,False,False,True,0,7,0,0,False,68,12,2,1,3,0,4,-4,-4,8888,-4,-4,-4,False,Unknown,False,False,False,True,True,True
NACC566428,20,13,17,15,32,8,8,,-4,-4,8,12,11,12,6,170,56,14,9,1,24,24,-4,0,1,1,1,0,True,False,True,True,0,7,-4,-4,False,65,16,2,1,1,0,4,-4,-4,-4,63,0,1,False,Unknown,True,False,False,True,True,True
NACC566527,11,7,-4,-4,-4,-4,-4,,-4,-4,-4,-4,-4,-4,-4,300,39,-4,-4,-4,-4,-4,1,1,8,1,2,0,True,True,True,True,0,7,0,0,False,80,16,2,1,2,0,3,-4,-4,2006,-4,-4,-4,True,Unknown,False,True,True,False,True,True
NACC567173,27,17,-4,-4,-4,-4,-4,,-4,-4,-4,-4,-4,-4,-4,105,56,-4,-4,-4,-4,-4,1,1,8,8,8,0,True,True,True,True,8,8,8,8,False,77,18,2,1,1,0,1,-4,-4,2011,-4,-4,-4,False,Unknown,False,True,True,False,True,True
NACC567183,17,15,12,12,31,8,8,,-4,-4,8,25,21,24,19,75,49,15,8,0,26,26,-4,0,8,1,1,1,True,False,True,True,0,7,-4,-4,False,63,20,1,1,1,0,3,-4,-4,-4,62,0,1,False,Unknown,True,False,False,False,False,False
NACC567352,7,7,10,12,29,8,8,,-4,-4,8,12,10,9,7,220,50,17,10,1,20,20,0,0,0,1,1,0,True,False,True,True,0,7,-4,-4,False,72,19,2,1,1,0,4,-4,-4,8888,70,1,1,False,Unknown,True,False,False,False,False,False
NACC567359,7,7,-4,-4,-4,-4,-4,,-4,-4,-4,-4,-4,-4,-4,300,997,-4,-4,-4,-4,-4,0,0,8,1,1,0,True,False,True,True,1,2,0,1,False,79,8,2,1,2,0,3,-4,-4,8888,-4,-4,-4,False,Unknown,False,False,False,False,False,False
NACC567637,15,10,-4,-4,-4,-4,-4,,-4,-4,-4,-4,-4,-4,-4,996,144,-4,-4,-4,-4,-4,0,0,1,1,2,0,False,False,False,False,1,1,1,0,False,76,12,2,1,2,0,4,-4,-4,8888,-4,-4,-4,False,Unknown,False,False,False,True,True,True
NACC567795,15,10,22,18,32,8,8,,-4,-4,8,14,13,14,10,71,38,16,11,1,25,25,0,0,8,1,1,1,True,False,True,True,0,7,-4,-4,False,61,20,1,1,1,0,3,-4,-4,8888,888,0,1,False,Unknown,True,False,False,False,False,False
NACC567855,95,95,95,95,95,0,8,,-4,-4,8,95,95,95,95,995,995,95,95,95,88,88,9,1,1,1,1,0,True,False,True,True,0,7,-4,-4,False,78,99,1,1,1,0,4,-4,-4,8888,72,8,1,True,A-,False,False,True,True,True,True
NACC568184,16,6,8,8,30,0,0,,-4,-4,0,18,16,18,16,995,995,95,97,97,88,88,1,1,8,1,1,1,True,True,True,True,0,7,-4,-4,False,78,10,1,1,1,0,3,-4,-4,2016,77,1,1,True,A-,True,True,True,False,True,True
NACC568356,9,5,-4,-4,-4,-4,-4,,-4,-4,-4,-4,-4,-4,-4,277,50,-4,-4,-4,-4,-4,0,0,1,1,2,0,False,False,False,False,1,1,1,0,False,85,16,1,1,1,0,4,-4,-4,8888,-4,-4,-4,False,Unknown,False,False,False,True,True,True
NACC568491,15,5,-4,-4,-4,-4,-4,,-4,-4,-4,-4,-4,-4,-4,180,34,-4,-4,-4,-4,-4,1,1,8,1,1,0,True,True,True,True,0,7,0,0,False,78,16,1,1,2,0,3,-4,-4,2004,-4,-4,-4,True,Unknown,False,True,True,False,True,True
NACC568749,6,11,-4,-4,-4,-4,-4,,-4,-4,-4,-4,-4,-4,-4,107,60,-4,-4,-4,-4,-4,0,0,1,1,2,0,True,False,True,True,1,1,1,0,False,86,20,1,1,1,0,4,-4,-4,8888,-4,-4,-4,False,Unknown,False,False,False,True,True,True
NACC569262,15,9,16,12,32,8,8,,-4,-4,8,27,18,21,16,109,39,13,12,1,29,29,-4,1,8,8,8,0,True,False,True,True,8,8,-4,-4,False,76,20,1,1,5,0,1,-4,-4,-4,74,0,1,False,Unknown,True,False,True,False,False,True
NACC569300,-4,-4,-4,-4,-4,-4,-4,,-4,-4,-4,-4,-4,-4,-4,-4,-4,-4,-4,-4,-4,-4,0,0,1,1,1,0,True,True,True,True,0,7,0,0,False,71,16,1,1,1,0,4,-4,-4,8888,-4,-4,-4,False,Unknown,False,False,False,True,True,True
NACC569394,98,98,98,98,98,8,8,,-4,-4,8,98,98,98,98,998,998,98,98,98,8,9,0,0,1,1,1,1,True,False,True,True,0,7,-4,-4,False,71,12,2,1,1,0,4,-4,-4,8888,66,1,1,False,Unknown,False,False,False,True,True,True
NACC569663,11,6,6,8,28,8,8,,-4,-4,8,8,6,0,1,152,42,16,6,1,21,21,-4,0,1,1,2,0,True,False,True,True,1,1,-4,-4,False,81,25,1,1,1,0,4,-4,-4,-4,80,1,1,False,Unknown,True,False,False,True,True,True
NACC569796,5,6,-4,-4,-4,-4,-4,,-4,-4,-4,-4,-4,-4,-4,996,150,-4,-4,-4,-4,-4,0,0,1,1,2,0,False,False,False,False,1,1,1,0,False,81,10,2,1,1,0,4,-4,-4,8888,-4,-4,-4,False,Unknown,False,False,False,True,True,True
NACC569980,7,6,-4,-4,-4,-4,-4,,-4,-4,-4,-4,-4,-4,-4,300,59,-4,-4,-4,-4,-4,0,0,1,1,1,0,False,False,False,False,1,2,0,1,False,70,15,2,1,2,0,4,-4,-4,8888,-4,-4,-4,False,Unknown,False,False,False,True,True,True
NACC570211,22,16,12,20,32,8,8,,-4,-4,8,23,18,21,17,54,21,13,9,1,30,30,1,1,8,8,8,1,True,True,True,True,8,8,-4,-4,False,70,18,2,1,1,0,1,-4,-4,2010,63,0,1,True,Unknown,True,True,True,False,True,True
NACC570325,13,10,-4,-4,-4,-4,-4,,-4,-4,-4,-4,-4,-4,-4,297,38,-4,-4,-4,-4,-4,0,0,8,1,1,0,True,True,True,True,0,7,0,0,False,60,20,1,1,1,0,3,-4,-4,8888,-4,-4,-4,False,Unknown,False,False,False,False,False,False
NACC570522,12,5,6,5,24,1,8,,-4,-4,8,2,3,0,0,996,150,4,2,0,11,12,0,0,1,1,1,0,True,False,True,True,1,2,-4,-4,False,71,12,2,1,2,0,4,-4,-4,8888,888,0,1,False,A+,True,False,False,True,True,True
NACC571021,20,16,8,12,32,8,8,,-4,-4,8,18,16,16,15,43,31,17,12,1,26,26,0,1,8,8,8,0,True,True,True,True,8,8,-4,-4,False,67,18,2,1,1,0,1,-4,-4,8888,57,0,1,True,Unknown,True,False,True,False,False,True
NACC571107,3,0,-4,-4,-4,-4,-4,,-4,-4,-4,-4,-4,-4,-4,995,995,-4,-4,-4,-4,-4,1,1,0,1,2,0,True,True,True,True,1,1,1,0,False,70,99,2,1,1,0,4,-4,-4,2011,-4,-4,-4,True,Unknown,False,True,True,False,True,True
NACC571297,7,3,-4,-4,-4,-4,-4,,-4,-4,-4,-4,-4,-4,-4,996,996,-4,-4,-4,-4,-4,0,0,1,1,1,0,True,False,True,True,0,7,0,0,False,76,16,1,1,1,1,4,-4,-4,8888,-4,-4,-4,False,Unknown,False,False,False,True,True,True
NACC571778,17,11,14,12,28,1,8,,-4,-4,8,31,19,23,19,113,34,16,13,0,26,26,0,0,8,1,2,0,True,False,True,True,1,1,-4,-4,False,71,16,1,1,1,1,3,-4,-4,8888,888,0,1,False,A+,True,False,False,False,False,False
NACC572260,27,12,24,19,31,8,8,,-4,-4,8,24,16,20,15,70,26,13,10,1,25,26,0,1,8,8,8,0,True,False,True,True,8,8,-4,-4,False,63,12,1,1,1,0,1,-4,-4,8888,61,0,1,False,Unknown,True,False,True,False,False,True
NACC572385,10,8,-4,-4,-4,-4,-4,,-4,-4,-4,-4,-4,-4,-4,300,120,-4,-4,-4,-4,-4,0,0,1,1,1,0,True,True,True,True,0,7,0,0,False,77,20,1,1,1,0,4,-4,-4,8888,-4,-4,-4,False,Unknown,False,False,False,True,True,True
NACC572397,10,7,-4,-4,-4,-4,-4,,-4,-4,-4,-4,-4,-4,-4,996,136,-4,-4,-4,-4,-4,0,0,1,1,1,0,True,True,True,True,1,2,0,1,False,74,16,2,1,1,0,4,-4,-4,8888,-4,-4,-4,True,Unknown,False,False,False,True,True,True
NACC572481,-4,-4,-4,-4,-4,8,8,,-4,-4,8,-4,-4,-4,-4,-4,-4,-4,-4,-4,-4,-4,-4,1,0,0,7,0,True,False,True,True,1,1,-4,-4,False,97,18,2,1,1,0,4,-4,-4,-4,95,-4,-4,True,Unknown,False,False,True,False,False,True
NACC572585,22,7,-4,-4,-4,-4,-4,,-4,-4,-4,-4,-4,-4,-4,72,31,-4,-4,-4,-4,-4,1,1,8,1,1,0,True,True,True,True,0,7,0,0,False,57,16,1,1,1,0,3,-4,-4,2005,-4,-4,-4,True,Unknown,False,True,True,False,True,True
NACC572714,18,13,13,15,28,8,8,,-4,-4,8,17,10,11,9,300,94,13,8,1,20,20,0,0,1,1,1,1,True,False,True,True,0,7,-4,-4,True,69,18,2,1,1,0,4,-4,-4,8888,68,0,1,False,Unknown,True,False,False,True,True,True
NACC573087,14,9,-4,-4,-4,-4,-4,,-4,-4,-4,-4,-4,-4,-4,69,25,-4,-4,-4,-4,-4,1,0,8,1,1,0,True,True,True,True,0,7,0,0,False,66,14,1,1,1,0,3,-4,-4,2005,-4,-4,-4,True,Unknown,False,True,False,False,True,True
NACC573248,96,96,-4,-4,-4,-4,-4,,-4,-4,-4,-4,-4,-4,-4,996,996,-4,-4,-4,-4,-4,0,0,1,1,2,0,True,False,True,True,1,1,1,0,False,83,12,2,1,5,0,4,-4,-4,8888,-4,-4,-4,False,Unknown,False,False,False,True,True,True
NACC573600,18,14,-4,-4,-4,-4,-4,,-4,-4,-4,-4,-4,-4,-4,300,32,-4,-4,-4,-4,-4,0,0,8,1,1,0,True,False,True,True,0,7,0,0,False,82,20,1,1,1,0,3,-4,-4,8888,-4,-4,-4,False,Unknown,False,False,False,False,False,False
NACC574338,19,9,8,5,-4,8,8,,-4,-4,8,17,12,10,9,-4,-4,-4,-4,-4,-4,-4,0,0,1,1,1,0,True,True,True,True,0,7,-4,-4,False,77,16,1,1,1,0,4,-4,-4,8888,76,0,0,False,Unknown,False,False,False,True,True,True
NACC574435,96,96,-4,-4,-4,-4,-4,,-4,-4,-4,-4,-4,-4,-4,996,996,-4,-4,-4,-4,-4,0,0,1,1,1,0,True,True,True,True,0,7,0,0,False,70,16,2,1,1,0,4,-4,-4,8888,-4,-4,-4,False,Unknown,False,False,False,True,True,True
NACC574586,-4,-4,-4,-4,-4,8,8,,-4,-4,8,-4,-4,-4,-4,-4,-4,-4,-4,-4,-4,-4,-4,0,1,1,2,0,False,False,False,False,1,1,-4,-4,False,86,12,1,1,1,0,4,-4,-4,-4,-4,-4,-4,False,Unknown,False,False,False,True,True,True
NACC575318,95,95,95,95,95,8,8,,-4,-4,8,95,95,95,95,995,995,95,95,95,5,5,0,0,1,1,1,0,True,False,True,True,0,7,-4,-4,False,55,16,1,1,1,0,4,-4,-4,8888,51,1,1,True,Unknown,False,False,False,True,True,True
NACC575461,8,7,-4,-4,-4,-4,-4,,-4,-4,-4,-4,-4,-4,-4,300,85,-4,-4,-4,-4,-4,0,0,1,1,1,0,False,True,False,True,0,7,0,0,False,66,16,1,1,1,0,4,-4,-4,8888,-4,-4,-4,True,Unknown,False,False,False,True,True,True
NACC575553,11,7,-4,-4,-4,-4,-4,,-4,-4,-4,-4,-4,-4,-4,156,50,-4,-4,-4,-4,-4,1,1,8,1,2,0,True,True,True,True,1,1,0,1,False,86,18,1,1,1,0,3,-4,-4,2014,-4,-4,-4,True,Unknown,False,True,True,False,True,True
NACC575898,19,11,14,13,32,8,8,,-4,-4,8,10,10,14,0,159,62,15,9,1,24,24,0,0,1,1,2,0,True,False,True,True,0,7,-4,-4,False,55,19,1,1,1,0,4,-4,-4,8888,44,0,1,False,Unknown,True,False,False,True,True,True
NACC576058,15,11,-4,-4,-4,-4,-4,,-4,-4,-4,-4,-4,-4,-4,191,58,-4,-4,-4,-4,-4,1,1,8,1,1,0,True,True,True,True,0,7,0,0,False,73,8,2,1,1,0,3,-4,-4,1986,-4,-4,-4,True,Unknown,False,True,True,False,True,True
NACC577257,7,5,-4,-4,-4,-4,-4,,-4,-4,-4,-4,-4,-4,-4,996,150,-4,-4,-4,-4,-4,1,1,1,1,1,0,False,True,False,False,0,7,0,0,False,76,12,1,1,1,0,4,-4,-4,1998,-4,-4,-4,True,Unknown,False,True,True,True,True,True
NACC577518,16,7,-4,-4,-4,-4,-4,,-4,-4,-4,-4,-4,-4,-4,300,72,-4,-4,-4,-4,-4,0,0,1,1,1,0,False,True,False,True,0,7,0,0,False,78,18,1,1,1,0,4,-4,-4,8888,-4,-4,-4,False,Unknown,False,False,False,True,True,True
NACC577628,3,97,-4,-4,-4,-4,-4,,-4,-4,-4,-4,-4,-4,-4,996,996,-4,-4,-4,-4,-4,0,0,1,1,1,0,True,True,True,True,0,7,0,0,False,68,8,1,1,1,0,4,-4,-4,8888,-4,-4,-4,False,Unknown,False,False,False,True,True,True
NACC577652,6,2,4,1,29,1,-4,,-4,1,-4,1,1,1,1,996,150,2,0,0,5,5,0,-4,0,1,2,0,True,False,True,True,1,1,-4,-4,False,55,15,1,1,-4,0,4,8,888,-4,-4,-4,0,False,A+,True,False,False,False,False,False
NACC577833,15,6,8,13,27,8,8,,-4,-4,8,15,10,5,5,997,997,12,3,1,88,88,-4,0,0,1,2,0,True,False,True,True,1,2,-4,-4,False,78,16,1,1,1,0,4,-4,-4,-4,76,0,1,False,Unknown,True,False,False,False,False,False
NACC577850,11,11,-4,-4,-4,-4,-4,,-4,-4,-4,-4,-4,-4,-4,300,47,-4,-4,-4,-4,-4,0,0,1,1,1,0,True,True,True,True,0,7,0,0,False,69,18,1,1,1,0,4,-4,-4,8888,-4,-4,-4,True,Unknown,False,False,False,True,True,True
NACC578106,24,97,97,97,31,-4,-4,,-4,-4,-4,97,97,97,97,78,27,14,10,1,88,88,0,-4,7,1,1,0,True,False,True,True,0,8,-4,-4,False,66,18,2,1,-4,1,3,3,888,-4,-4,-4,1,False,Unknown,False,False,False,False,False,False
NACC578518,12,8,-4,-4,-4,-4,-4,,-4,-4,-4,-4,-4,-4,-4,72,26,-4,-4,-4,-4,-4,1,1,8,1,1,0,True,True,True,True,0,7,0,0,False,77,18,1,1,1,0,3,-4,-4,2005,-4,-4,-4,True,Unknown,False,True,True,False,True,True
NACC578529,12,10,13,10,28,1,8,,-4,-4,8,14,10,10,7,95,56,14,3,1,22,22,1,1,8,1,2,1,True,True,True,True,1,1,-4,-4,False,80,13,2,1,1,0,3,-4,-4,2016,73,1,1,True,A+,True,True,True,False,True,True
NACC578537,24,16,-4,-4,-4,-4,-4,,-4,-4,-4,-4,-4,-4,-4,277,51,-4,-4,-4,-4,-4,1,1,8,1,1,0,True,True,True,True,0,7,0,0,False,81,19,2,1,1,0,3,-4,-4,2010,-4,-4,-4,False,Unknown,False,True,True,False,True,True
NACC578670,7,5,-4,-4,-4,-4,-4,,-4,-4,-4,-4,-4,-4,-4,996,996,-4,-4,-4,-4,-4,0,0,1,1,1,0,False,False,False,False,1,2,0,1,False,89,4,2,1,2,0,4,-4,-4,8888,-4,-4,-4,False,Unknown,False,False,False,True,True,True
NACC578975,9,5,-4,-4,-4,-4,-4,,-4,-4,-4,-4,-4,-4,-4,996,996,-4,-4,-4,-4,-4,0,0,1,1,1,0,False,False,False,False,0,7,0,0,False,78,16,1,1,1,0,4,-4,-4,8888,-4,-4,-4,False,Unknown,False,False,False,True,True,True
NACC579049,4,1,-4,-4,-4,-4,-4,,-4,-4,-4,-4,-4,-4,-4,996,996,-4,-4,-4,-4,-4,0,0,1,1,2,0,False,False,False,False,1,1,1,0,False,77,20,1,1,1,0,4,-4,-4,8888,-4,-4,-4,False,Unknown,False,False,False,True,True,True
NACC579269,8,8,-4,-4,-4,-4,-4,,-4,-4,-4,-4,-4,-4,-4,300,50,-4,-4,-4,-4,-4,1,1,1,1,2,0,True,True,True,True,1,1,1,0,False,82,18,1,1,1,0,4,-4,-4,9999,-4,-4,-4,False,Unknown,False,True,True,True,True,True
NACC579475,1,2,-4,-4,-4,-4,-4,,-4,-4,-4,-4,-4,-4,-4,300,996,-4,-4,-4,-4,-4,1,1,1,1,2,0,True,True,True,True,1,1,1,0,False,84,18,1,1,1,0,4,-4,-4,9999,-4,-4,-4,False,Unknown,False,True,True,True,True,True
NACC579504,7,2,96,3,-4,1,8,,-4,-4,1,14,15,14,15,-4,-4,-4,-4,-4,-4,-4,-4,0,0,1,2,0,True,False,True,True,1,1,-4,-4,False,74,18,1,1,1,0,4,-4,-4,-4,71,-4,-4,False,A+,False,False,False,False,False,False
NACC579542,17,10,8,9,25,8,8,,-4,-4,8,11,10,9,9,144,34,12,11,0,19,19,-4,1,0,1,1,0,True,False,True,True,0,7,-4,-4,False,71,16,1,3,5,0,4,-4,-4,-4,68,0,1,True,Unknown,True,False,True,False,False,True
NACC579961,28,15,23,16,32,8,8,,-4,-4,8,26,15,26,15,104,47,13,10,1,30,30,1,1,8,8,8,0,True,True,True,True,8,8,-4,-4,False,63,19,1,1,1,0,1,-4,-4,2010,54,1,1,True,Unknown,True,True,True,False,True,True
NACC580377,11,6,-4,-4,-4,-4,-4,,-4,-4,-4,-4,-4,-4,-4,300,86,-4,-4,-4,-4,-4,0,0,1,1,1,0,True,False,True,True,0,7,0,0,False,84,20,1,1,1,0,4,-4,-4,8888,-4,-4,-4,False,Unknown,False,False,False,True,True,True
NACC580424,0,0,-4,-4,-4,-4,-4,,-4,-4,-4,-4,-4,-4,-4,997,997,-4,-4,-4,-4,-4,0,0,1,1,2,0,True,False,True,True,1,1,1,0,False,76,11,2,1,2,0,4,-4,-4,8888,-4,-4,-4,False,Unknown,False,False,False,True,True,True
NACC580669,28,14,-4,-4,-4,-4,-4,,-4,-4,-4,-4,-4,-4,-4,78,32,-4,-4,-4,-4,-4,1,1,8,1,1,0,True,True,True,True,0,7,0,0,False,68,18,1,1,1,0,3,-4,-4,2010,-4,-4,-4,False,Unknown,False,True,True,False,True,True
NACC580714,22,14,12,10,29,8,8,,-4,-4,8,33,23,23,21,111,26,17,17,1,29,29,1,1,8,8,8,1,True,True,True,True,8,8,-4,-4,False,75,16,2,1,1,0,1,-4,-4,2012,67,0,1,True,Unknown,True,True,True,False,True,True
NACC580770,10,3,7,1,23,8,8,,-4,-4,8,0,0,0,0,996,996,7,0,0,11,11,-4,0,1,1,2,0,True,False,True,True,1,1,-4,-4,False,71,13,1,1,1,0,4,-4,-4,-4,70,0,1,False,Unknown,True,False,False,True,True,True
NACC580788,95,95,-4,-4,-4,-4,-4,,-4,-4,-4,-4,-4,-4,-4,995,995,-4,-4,-4,-4,-4,1,1,0,1,1,0,True,True,True,True,0,7,0,0,False,81,15,2,1,1,0,4,-4,-4,2001,-4,-4,-4,True,Unknown,False,True,True,False,True,True
NACC581103,8,4,10,9,31,8,8,,-4,-4,8,12,9,13,9,300,150,10,5,1,18,18,-4,0,1,1,2,1,False,False,False,True,1,1,-4,-4,False,79,20,1,1,1,0,4,-4,-4,-4,888,0,0,False,Unknown,True,False,False,True,True,True
NACC581223,10,8,-4,-4,-4,-4,-4,,-4,-4,-4,-4,-4,-4,-4,996,150,-4,-4,-4,-4,-4,0,0,1,1,1,0,True,True,True,True,0,7,0,0,False,71,7,1,1,1,0,4,-4,-4,8888,-4,-4,-4,True,Unknown,False,False,False,True,True,True
NACC581238,14,10,1,3,25,8,8,,-4,-4,8,7,9,7,7,996,59,15,3,1,19,19,-4,1,8,1,1,0,True,False,True,True,0,7,-4,-4,False,76,17,2,1,1,0,3,-4,-4,-4,76,1,1,True,Unknown,True,False,True,False,False,True
NACC581328,25,12,9,6,32,8,8,,-4,-4,8,18,13,11,9,65,27,16,12,1,28,28,0,0,1,1,1,0,False,False,False,False,0,7,-4,-4,False,64,23,1,1,1,0,4,-4,-4,8888,888,0,0,False,Unknown,True,False,False,True,True,True
NACC581479,11,6,12,10,28,8,8,,-4,-4,8,10,9,0,0,86,35,13,97,97,19,19,0,0,1,1,1,0,False,False,False,False,0,7,-4,-4,False,79,13,1,1,1,0,4,-4,-4,8888,888,0,0,False,Unknown,True,False,False,True,True,True
NACC581659,-4,-4,-4,-4,-4,-4,-4,,-4,-4,-4,-4,-4,-4,-4,-4,-4,-4,-4,-4,-4,-4,1,1,1,1,1,0,False,True,False,False,1,2,0,1,False,68,3,2,2,1,1,4,-4,-4,2004,-4,-4,-4,True,Unknown,False,True,True,True,True,True
NACC581834,18,98,-4,-4,-4,-4,-4,,-4,-4,-4,-4,-4,-4,-4,998,998,-4,-4,-4,-4,-4,1,1,8,1,1,0,True,True,True,True,0,7,0,0,False,82,18,2,1,1,0,3,-4,-4,2010,-4,-4,-4,False,Unknown,False,True,True,False,True,True
NACC582278,21,13,-4,-4,-4,-4,-4,,-4,-4,-4,-4,-4,-4,-4,35,25,-4,-4,-4,-4,-4,1,1,8,1,1,0,True,True,True,True,0,7,0,0,False,67,99,2,1,99,9,3,-4,-4,2001,-4,-4,-4,True,Unknown,False,True,True,False,True,True
NACC582312,19,13,13,13,28,8,8,,-4,-4,8,25,18,20,16,91,48,12,3,1,19,20,0,0,1,1,1,0,True,True,True,True,0,7,-4,-4,False,60,12,1,1,1,0,4,-4,-4,8888,58,1,1,False,Unknown,True,False,False,True,True,True
NACC582628,5,4,4,3,29,8,8,,-4,-4,8,1,1,5,6,996,996,3,0,0,7,7,0,0,1,1,1,0,True,True,True,True,0,7,-4,-4,False,65,13,1,1,1,0,4,-4,-4,8888,60,1,1,False,Unknown,True,False,False,True,True,True
NACC582874,11,2,-4,-4,-4,-4,-4,,-4,-4,-4,-4,-4,-4,-4,300,150,-4,-4,-4,-4,-4,1,1,1,1,1,0,False,True,False,False,0,7,0,0,False,82,8,1,1,1,0,4,-4,-4,1996,-4,-4,-4,False,Unknown,False,True,True,True,True,True
NACC582911,12,5,-4,-4,-4,-4,-4,,-4,-4,-4,-4,-4,-4,-4,94,90,-4,-4,-4,-4,-4,1,1,0,1,2,0,True,True,True,True,1,1,0,1,False,80,16,1,1,1,0,4,-4,-4,2008,-4,-4,-4,True,Unknown,False,True,True,False,True,True
NACC584433,8,5,12,12,-4,8,8,,-4,-4,8,20,16,20,14,-4,-4,-4,-4,-4,-4,-4,-4,1,0,0,7,0,True,False,True,True,1,1,-4,-4,False,85,16,2,1,1,0,4,-4,-4,-4,78,-4,-4,True,Unknown,False,False,True,False,False,True
NACC584866,7,5,-4,-4,-4,-4,-4,,-4,-4,-4,-4,-4,-4,-4,996,150,-4,-4,-4,-4,-4,1,1,0,1,1,0,True,True,True,True,0,7,0,0,False,68,16,1,1,1,0,4,-4,-4,2007,-4,-4,-4,True,Unknown,False,True,True,False,True,True
NACC584902,7,97,-4,-4,-4,-4,-4,,-4,-4,-4,-4,-4,-4,-4,250,83,-4,-4,-4,-4,-4,0,0,1,1,1,0,False,False,False,True,0,7,0,0,False,73,16,1,1,1,0,4,-4,-4,8888,-4,-4,-4,False,Unknown,False,False,False,True,True,True
NACC586433,96,96,2,4,18,8,8,,-4,-4,8,3,2,96,96,996,996,6,96,96,88,88,9,0,1,1,1,1,True,False,True,True,0,7,-4,-4,False,70,12,2,1,1,0,4,-4,-4,8888,69,1,1,False,Unknown,False,False,False,True,True,True
NACC586541,13,8,-4,-4,-4,-4,-4,,-4,-4,-4,-4,-4,-4,-4,113,69,-4,-4,-4,-4,-4,0,0,8,1,1,0,True,True,True,True,0,7,0,0,False,86,16,1,1,1,0,3,-4,-4,8888,-4,-4,-4,True,Unknown,False,False,False,False,False,False
NACC586916,20,7,3,4,29,8,8,,-4,-4,8,9,8,6,7,300,62,14,9,1,15,16,0,0,1,1,1,0,True,False,True,True,0,7,-4,-4,True,74,12,1,1,1,0,4,-4,-4,8888,73,1,1,False,Unknown,True,False,False,True,True,True
NACC587052,14,8,18,16,29,8,8,,-4,-4,8,16,10,20,17,997,997,97,97,97,23,23,-4,1,0,0,7,0,True,False,True,True,1,1,-4,-4,False,82,14,2,1,1,0,4,-4,-4,-4,888,1,1,True,Unknown,True,False,True,False,False,True
NACC587318,13,8,13,15,31,8,8,,-4,-4,8,16,12,13,8,300,82,16,7,0,18,18,-4,1,0,1,2,0,True,False,True,True,1,1,-4,-4,False,78,16,1,1,1,0,4,-4,-4,-4,77,0,1,True,Unknown,True,False,True,False,False,True
NACC587417,33,19,16,14,32,0,8,,-4,-4,8,8,9,7,7,176,72,17,6,1,24,24,1,1,8,1,1,1,True,True,True,True,0,7,-4,-4,False,77,18,1,1,1,0,3,-4,-4,2018,71,1,1,True,A-,True,True,True,False,True,True
NACC587456,6,5,4,2,26,8,8,,-4,-4,8,24,17,11,12,136,57,14,0,0,22,22,-4,0,0,1,2,0,True,False,True,True,1,1,-4,-4,False,78,18,1,1,1,0,4,-4,-4,-4,888,8,1,False,Unknown,True,False,False,False,False,False
NACC588020,15,8,-4,-4,-4,-4,-4,,-4,-4,-4,-4,-4,-4,-4,170,55,-4,-4,-4,-4,-4,1,1,0,1,1,0,True,True,True,True,0,7,0,0,False,88,29,1,1,1,0,4,-4,-4,2010,-4,-4,-4,True,Unknown,False,True,True,False,True,True
NACC588036,4,4,96,96,96,8,8,,-4,-4,8,96,96,96,96,996,996,96,96,96,88,88,-4,1,0,1,2,0,True,False,True,True,1,1,-4,-4,False,85,16,2,1,1,0,4,-4,-4,-4,78,1,1,True,Unknown,False,False,True,False,False,True
NACC588930,6,5,-4,-4,-4,-4,-4,,-4,-4,-4,-4,-4,-4,-4,300,72,-4,-4,-4,-4,-4,0,0,1,1,2,0,False,False,False,False,1,1,0,1,False,65,12,1,1,1,0,4,-4,-4,8888,-4,-4,-4,False,Unknown,False,False,False,True,True,True
NACC589986,27,18,20,16,30,8,8,,-4,-4,8,36,22,33,23,70,43,16,11,1,28,28,0,1,8,8,8,0,True,False,True,True,8,8,-4,-4,False,68,18,2,1,1,0,1,-4,-4,8888,58,8,1,True,Unknown,True,False,True,False,False,True
NACC589997,18,10,-4,-4,-4,-4,-4,,-4,-4,-4,-4,-4,-4,-4,123,48,-4,-4,-4,-4,-4,1,1,8,1,1,0,True,True,True,True,0,7,0,0,False,58,12,1,1,1,0,3,-4,-4,2006,-4,-4,-4,False,Unknown,False,True,True,False,True,True
NACC589999,9,8,-4,-4,-4,-4,-4,,-4,-4,-4,-4,-4,-4,-4,996,150,-4,-4,-4,-4,-4,0,0,1,1,1,0,True,True,True,True,0,7,0,0,False,72,16,1,1,1,0,4,-4,-4,8888,-4,-4,-4,False,Unknown,False,False,False,True,True,True
NACC590128,6,3,-4,-4,-4,-4,-4,,-4,-4,-4,-4,-4,-4,-4,170,61,-4,-4,-4,-4,-4,0,0,1,1,2,0,False,False,False,True,1,1,0,1,False,76,10,2,1,1,0,4,-4,-4,8888,-4,-4,-4,False,Unknown,False,False,False,True,True,True
NACC590362,96,96,96,96,96,8,8,,-4,-4,8,96,96,96,96,996,996,96,96,96,88,88,1,0,1,1,1,0,True,True,True,True,0,7,-4,-4,False,79,16,2,1,1,0,4,-4,-4,2002,63,1,1,True,Unknown,False,True,False,True,True,True
NACC590416,7,2,-4,-4,-4,-4,-4,,-4,-4,-4,-4,-4,-4,-4,996,150,-4,-4,-4,-4,-4,1,1,1,1,1,0,False,True,False,False,0,7,0,0,False,86,18,1,1,1,0,4,-4,-4,2000,-4,-4,-4,False,Unknown,False,True,True,True,True,True
NACC590422,3,2,96,96,96,-4,-4,,-4,-4,-4,9,8,96,96,996,996,13,4,0,7,7,0,-4,8,1,1,1,True,True,True,True,1,2,-4,-4,True,70,20,1,1,-4,0,4,36,888,-4,-4,-4,1,True,Unknown,False,False,False,False,False,False
NACC590660,21,11,18,16,31,8,8,,-4,-4,8,18,12,10,7,120,39,17,12,1,24,24,1,1,8,8,8,1,True,True,True,True,8,8,-4,-4,False,66,13,1,1,1,0,1,-4,-4,2018,66,1,1,False,Unknown,True,True,True,False,True,True
NACC590794,14,9,98,98,29,8,8,,-4,-4,8,8,10,5,5,998,998,12,8,0,20,20,-4,0,1,1,1,0,False,False,False,True,0,7,-4,-4,False,52,16,1,1,1,0,4,-4,-4,-4,888,0,0,True,Unknown,False,False,False,True,True,True
NACC590899,17,7,17,10,21,8,8,,-4,-4,8,12,10,11,10,60,36,17,6,0,24,24,-4,0,8,1,2,0,True,False,True,True,1,1,-4,-4,False,94,16,1,1,1,0,2,-4,-4,-4,94,0,1,False,Unknown,True,False,False,False,False,False
NACC591808,-4,-4,-4,-4,-4,-4,-4,,-4,-4,-4,-4,-4,-4,-4,-4,-4,-4,-4,-4,-4,-4,0,0,1,1,1,0,True,True,True,True,0,7,0,0,False,71,17,1,1,1,0,4,-4,-4,8888,-4,-4,-4,True,Unknown,False,False,False,True,True,True
NACC591931,14,8,15,9,29,0,8,,-4,-4,8,13,10,7,7,97,52,15,8,1,26,27,1,1,8,1,1,1,True,True,True,True,0,7,-4,-4,False,75,12,1,1,1,0,3,-4,-4,2012,45,1,1,True,A-,True,True,True,False,True,True
NACC592490,11,1,22,14,98,8,8,,-4,-4,8,11,10,0,0,996,145,96,96,96,12,12,-4,1,0,1,2,0,True,False,True,True,1,1,-4,-4,False,77,16,2,1,1,0,4,-4,-4,-4,75,1,1,False,Unknown,False,False,True,False,False,True
NACC592565,30,23,-4,-4,-4,-4,-4,,-4,-4,-4,-4,-4,-4,-4,59,27,-4,-4,-4,-4,-4,1,1,8,1,1,1,True,True,True,True,1,2,0,1,False,74,19,1,1,1,0,3,-4,-4,2010,-4,-4,-4,True,Unknown,False,True,True,False,True,True
NACC592691,95,95,-4,-4,-4,-4,-4,,-4,-4,-4,-4,-4,-4,-4,995,995,-4,-4,-4,-4,-4,0,0,1,1,1,0,True,False,True,True,1,2,0,1,False,82,8,2,1,1,0,4,-4,-4,8888,-4,-4,-4,False,Unknown,False,False,False,True,True,True
NACC594296,10,9,-4,-4,-4,-4,-4,,-4,-4,-4,-4,-4,-4,-4,300,137,-4,-4,-4,-4,-4,1,1,1,1,1,0,True,True,True,True,0,7,0,0,False,73,16,1,1,1,0,4,-4,-4,2003,-4,-4,-4,True,Unknown,False,True,True,True,True,True
NACC594621,16,5,-4,-4,-4,-4,-4,,-4,-4,-4,-4,-4,-4,-4,300,55,-4,-4,-4,-4,-4,1,1,1,1,1,0,False,True,False,False,0,7,0,0,False,79,18,1,1,1,0,4,-4,-4,9999,-4,-4,-4,False,Unknown,False,True,True,True,True,True
NACC595004,6,4,-4,-4,-4,-4,-4,,-4,-4,-4,-4,-4,-4,-4,161,38,-4,-4,-4,-4,-4,0,0,1,1,2,0,True,False,True,True,1,1,1,0,False,78,12,1,1,1,0,4,-4,-4,8888,-4,-4,-4,False,Unknown,False,False,False,True,True,True
NACC595601,5,5,-4,-4,-4,-4,-4,,-4,-4,-4,-4,-4,-4,-4,996,150,-4,-4,-4,-4,-4,0,0,1,1,2,0,False,False,False,False,1,1,1,0,False,85,12,1,1,1,0,4,-4,-4,8888,-4,-4,-4,False,Unknown,False,False,False,True,True,True
NACC595645,7,3,12,8,22,1,8,,-4,-4,8,0,0,0,0,996,80,16,0,0,14,14,0,0,1,1,2,0,False,False,False,False,1,1,-4,-4,False,82,14,1,1,1,0,4,-4,-4,8888,888,0,0,False,A+,True,False,False,True,True,True
NACC595765,20,13,15,15,32,8,8,,-4,-4,8,21,17,16,13,108,33,16,8,1,21,21,0,0,1,1,2,0,False,False,False,True,1,2,-4,-4,False,82,21,1,1,1,0,4,-4,-4,8888,888,0,0,False,Unknown,True,False,False,True,True,True
NACC595943,17,7,12,13,97,8,8,,-4,-4,8,10,11,10,9,133,49,15,14,1,20,21,0,0,8,1,2,0,True,False,True,True,1,1,-4,-4,False,77,9,1,1,1,1,3,-4,-4,8888,77,0,1,False,Unknown,False,False,False,False,False,False
NACC595951,-4,-4,-4,-4,-4,8,8,,-4,-4,8,-4,-4,-4,-4,-4,-4,-4,-4,-4,-4,-4,-4,1,0,1,2,0,True,False,True,True,1,1,-4,-4,False,89,13,2,1,2,0,4,-4,-4,-4,85,-4,-4,False,Unknown,False,False,True,False,False,True
NACC596052,22,10,16,28,32,1,8,,-4,-4,8,18,13,16,12,66,37,16,10,1,24,24,-4,0,8,1,2,0,True,False,True,True,1,1,-4,-4,False,80,20,1,1,1,0,3,-4,-4,-4,76,1,1,False,A+,True,False,False,False,False,False
NACC596286,12,8,15,13,15,1,1,,-4,-4,8,13,11,11,11,104,58,16,13,1,22,22,-4,0,0,1,2,0,True,False,True,True,1,1,-4,-4,False,76,18,1,1,1,0,4,-4,-4,-4,76,0,1,False,A+,True,False,False,False,False,False
NACC596336,20,12,15,12,21,8,8,,-4,-4,8,17,12,8,7,139,47,15,9,0,26,26,-4,1,8,1,1,0,True,False,True,True,1,2,-4,-4,False,85,18,2,1,1,0,3,-4,-4,-4,84,1,1,False,Unknown,True,False,True,False,False,True
NACC596812,17,14,-4,-4,-4,-4,-4,,-4,-4,-4,-4,-4,-4,-4,86,51,-4,-4,-4,-4,-4,1,1,8,1,1,0,True,True,True,True,0,7,0,0,False,68,14,1,1,1,9,3,-4,-4,2004,-4,-4,-4,True,Unknown,False,True,True,False,True,True
NACC596861,12,4,-4,-4,-4,-4,-4,,-4,-4,-4,-4,-4,-4,-4,996,48,-4,-4,-4,-4,-4,0,0,1,1,2,0,False,False,False,True,1,2,0,1,False,74,16,1,1,1,0,4,-4,-4,8888,-4,-4,-4,False,Unknown,False,False,False,True,True,True
NACC597068,22,9,-4,-4,-4,-4,-4,,-4,-4,-4,-4,-4,-4,-4,79,24,-4,-4,-4,-4,-4,0,0,1,1,2,0,False,False,False,True,1,1,0,1,False,82,16,1,1,1,0,4,-4,-4,8888,-4,-4,-4,False,Unknown,False,False,False,True,True,True
NACC597373,16,7,-4,-4,-4,-4,-4,,-4,-4,-4,-4,-4,-4,-4,259,73,-4,-4,-4,-4,-4,0,0,1,1,1,0,True,True,True,True,0,7,0,0,False,77,16,1,1,1,0,4,-4,-4,8888,-4,-4,-4,False,Unknown,False,False,False,True,True,True
NACC597895,12,12,-4,-4,-4,-4,-4,,-4,-4,-4,-4,-4,-4,-4,300,55,-4,-4,-4,-4,-4,1,1,8,1,1,0,True,True,True,True,0,7,0,0,False,72,13,2,1,1,0,3,-4,-4,2004,-4,-4,-4,True,Unknown,False,True,True,False,True,True
NACC598138,0,1,-4,-4,-4,-4,-4,,-4,-4,-4,-4,-4,-4,-4,998,998,-4,-4,-4,-4,-4,0,0,1,1,2,0,False,False,False,True,1,1,1,0,False,69,19,2,1,1,0,4,-4,-4,8888,-4,-4,-4,False,Unknown,False,False,False,True,True,True
NACC598221,14,9,11,3,29,8,8,,-4,-4,8,19,14,13,11,998,45,14,10,1,16,16,0,0,1,1,1,1,True,True,True,True,0,7,-4,-4,False,76,16,1,1,1,0,4,-4,-4,8888,72,1,1,True,Unknown,True,False,False,True,True,True
NACC598361,11,6,9,10,30,8,8,,-4,-4,8,3,3,2,2,300,102,14,2,1,20,20,0,1,1,1,1,1,True,False,True,True,1,2,-4,-4,False,82,18,1,1,1,0,4,-4,-4,8888,81,1,1,True,Unknown,True,False,True,True,True,True
NACC599661,97,97,97,97,97,8,8,,-4,-4,8,97,97,97,97,997,997,97,97,97,13,13,1,1,1,1,1,0,True,True,True,True,0,7,-4,-4,False,83,20,1,1,1,0,4,-4,-4,2014,81,1,1,True,Unknown,False,True,True,True,True,True
NACC599796,1,1,-4,-4,-4,-4,-4,,-4,-4,-4,-4,-4,-4,-4,996,150,-4,-4,-4,-4,-4,0,0,1,1,2,0,False,False,False,True,1,2,0,1,False,75,16,1,1,1,0,4,-4,-4,8888,-4,-4,-4,False,Unknown,False,False,False,True,True,True
NACC600023,25,9,-4,-4,-4,-4,-4,,-4,-4,-4,-4,-4,-4,-4,45,21,-4,-4,-4,-4,-4,1,1,8,8,8,0,True,True,True,True,8,8,8,8,False,49,16,1,1,1,0,1,-4,-4,2006,-4,-4,-4,True,Unknown,False,True,True,False,True,True
NACC600475,12,3,-4,-4,-4,-4,-4,,-4,-4,-4,-4,-4,-4,-4,996,996,-4,-4,-4,-4,-4,0,0,1,1,2,0,False,False,False,False,1,1,0,1,False,65,16,1,1,1,0,4,-4,-4,8888,-4,-4,-4,False,Unknown,False,False,False,True,True,True
NACC600982,21,10,-4,-4,-4,-4,-4,,-4,-4,-4,-4,-4,-4,-4,89,33,-4,-4,-4,-4,-4,1,1,8,8,8,0,True,True,True,True,8,8,8,8,False,74,20,2,1,1,0,1,-4,-4,1999,-4,-4,-4,True,Unknown,False,True,True,False,True,True
NACC601010,22,7,-4,-4,-4,-4,-4,,-4,-4,-4,-4,-4,-4,-4,75,32,-4,-4,-4,-4,-4,1,1,8,1,1,0,True,True,True,True,0,7,0,0,False,65,12,1,1,1,0,3,-4,-4,1999,-4,-4,-4,True,Unknown,False,True,True,False,True,True
NACC601447,10,5,-4,-4,-4,-4,-4,,-4,-4,-4,-4,-4,-4,-4,300,142,-4,-4,-4,-4,-4,1,1,1,1,1,0,False,True,False,False,0,7,0,0,False,75,12,1,1,1,0,4,-4,-4,2005,-4,-4,-4,False,Unknown,False,True,True,True,True,True
NACC601661,8,6,-4,-4,-4,-4,-4,,-4,-4,-4,-4,-4,-4,-4,300,80,-4,-4,-4,-4,-4,1,1,0,1,2,0,True,True,True,True,0,7,0,0,False,67,12,1,1,1,0,4,-4,-4,2006,-4,-4,-4,True,Unknown,False,True,True,False,True,True
NACC601816,96,96,96,96,4,8,8,,-4,-4,8,96,96,96,96,996,996,0,96,96,1,1,-4,1,0,1,3,0,True,False,True,True,1,1,-4,-4,False,61,14,1,1,1,0,4,-4,-4,-4,61,0,1,False,Unknown,False,False,True,False,False,True
NACC601834,15,10,6,9,28,0,1,,-4,-4,8,8,6,2,3,300,122,2,1,0,14,14,0,0,1,1,2,0,True,False,True,True,1,1,-4,-4,False,57,20,2,1,1,0,4,-4,-4,8888,57,0,1,False,A+,True,False,False,True,True,True
NACC601923,-4,-4,-4,-4,-4,8,8,,-4,-4,8,-4,-4,-4,-4,-4,-4,-4,-4,-4,-4,-4,-4,0,0,1,2,0,True,False,True,True,1,1,-4,-4,False,74,14,1,1,1,0,4,-4,-4,-4,73,-4,-4,False,Unknown,False,False,False,False,False,False
NACC601924,7,2,-4,-4,-4,-4,-4,,-4,-4,-4,-4,-4,-4,-4,995,995,-4,-4,-4,-4,-4,0,0,1,1,1,0,False,True,False,False,0,7,0,0,False,86,13,1,1,1,0,4,-4,-4,8888,-4,-4,-4,False,Unknown,False,False,False,True,True,True
NACC602070,14,10,7,4,30,8,8,,-4,-4,8,25,18,13,15,998,998,17,6,1,16,16,1,1,1,1,1,1,True,True,True,True,0,7,-4,-4,False,72,16,1,1,1,0,4,-4,-4,2013,66,1,1,True,Unknown,True,True,True,True,True,True
NACC602404,4,4,-4,-4,-4,-4,-4,,-4,-4,-4,-4,-4,-4,-4,996,105,-4,-4,-4,-4,-4,0,0,1,1,1,0,False,False,False,False,0,7,0,0,False,80,16,2,1,1,0,4,-4,-4,8888,-4,-4,-4,False,Unknown,False,False,False,True,True,True
NACC603640,96,96,96,96,96,8,8,,-4,-4,8,96,96,96,96,996,996,96,96,96,88,88,-4,0,1,1,2,0,True,False,True,True,1,1,-4,-4,False,84,14,1,1,1,0,4,-4,-4,-4,68,1,1,False,Unknown,False,False,False,True,True,True
NACC603651,5,1,-4,-4,-4,-4,-4,,-4,-4,-4,-4,-4,-4,-4,996,996,-4,-4,-4,-4,-4,0,0,1,1,2,0,True,False,True,True,1,1,1,0,False,77,16,1,1,1,0,4,-4,-4,8888,-4,-4,-4,False,Unknown,False,False,False,True,True,True
NACC603739,0,4,-4,-4,-4,-4,-4,,-4,-4,-4,-4,-4,-4,-4,996,150,-4,-4,-4,-4,-4,0,0,1,1,2,0,True,True,True,True,1,1,0,1,False,62,20,1,1,1,0,4,-4,-4,8888,-4,-4,-4,False,Unknown,False,False,False,True,True,True
NACC603945,4,1,-4,-4,-4,-4,-4,,-4,-4,-4,-4,-4,-4,-4,997,996,-4,-4,-4,-4,-4,0,0,1,1,1,0,False,False,False,False,1,2,1,0,False,70,17,1,1,1,0,4,-4,-4,8888,-4,-4,-4,False,Unknown,False,False,False,True,True,True
NACC604271,-4,-4,-4,-4,-4,-4,-4,,-4,-4,-4,-4,-4,-4,-4,-4,-4,-4,-4,-4,-4,-4,1,1,8,1,1,0,True,True,True,True,0,7,0,0,False,84,16,1,1,1,0,3,-4,-4,9999,-4,-4,-4,True,Unknown,False,True,True,False,True,True
NACC604555,9,3,-4,-4,-4,-4,-4,,-4,-4,-4,-4,-4,-4,-4,300,52,-4,-4,-4,-4,-4,1,1,1,1,1,0,False,True,False,True,1,2,0,1,False,77,19,1,1,1,0,4,-4,-4,2007,-4,-4,-4,True,Unknown,False,True,True,True,True,True
NACC604605,13,11,-4,-4,-4,-4,-4,,-4,-4,-4,-4,-4,-4,-4,300,91,-4,-4,-4,-4,-4,1,1,8,1,1,0,True,True,True,True,0,7,0,0,False,88,13,2,1,1,0,3,-4,-4,2009,-4,-4,-4,False,Unknown,False,True,True,False,True,True
NACC604978,11,5,-4,-4,-4,-4,-4,,-4,-4,-4,-4,-4,-4,-4,300,84,-4,-4,-4,-4,-4,1,1,8,1,1,0,True,True,True,True,1,2,0,1,False,100,9,2,1,1,0,3,-4,-4,2009,-4,-4,-4,True,Unknown,False,True,True,False,True,True
NACC605440,97,97,-4,-4,-4,-4,-4,,-4,-4,-4,-4,-4,-4,-4,997,997,-4,-4,-4,-4,-4,0,0,1,1,2,0,True,False,True,True,1,1,1,0,False,68,16,2,3,5,0,4,-4,-4,8888,-4,-4,-4,False,Unknown,False,False,False,True,True,True
NACC605500,96,96,-4,-4,-4,-4,-4,,-4,-4,-4,-4,-4,-4,-4,996,996,-4,-4,-4,-4,-4,1,1,1,1,1,0,False,True,False,False,0,7,0,0,False,73,2,1,1,2,0,4,-4,-4,2000,-4,-4,-4,True,Unknown,False,True,True,True,True,True
NACC605762,6,3,2,0,18,8,8,,-4,-4,8,1,1,0,0,996,996,0,0,0,2,2,-4,0,1,1,2,0,True,False,True,True,1,1,-4,-4,False,66,15,1,1,1,0,4,-4,-4,-4,59,1,1,False,Unknown,True,False,False,True,True,True
NACC605874,18,16,13,14,28,8,8,,-4,-4,8,22,15,19,14,101,48,14,10,1,22,22,-4,0,8,1,1,0,True,False,True,True,0,7,-4,-4,False,70,14,2,1,2,0,3,-4,-4,-4,69,0,1,True,Unknown,True,False,False,False,False,False
NACC606150,7,5,-4,-4,-4,-4,-4,,-4,-4,-4,-4,-4,-4,-4,300,94,-4,-4,-4,-4,-4,9,1,8,1,1,0,True,False,True,True,0,7,0,0,False,83,11,1,1,1,0,2,-4,-4,8888,-4,-4,-4,False,Unknown,False,False,True,False,False,True
NACC606200,10,6,11,14,27,8,8,,-4,-4,8,17,13,13,12,245,54,16,8,0,16,17,-4,0,8,1,1,1,True,False,True,True,0,7,-4,-4,False,70,12,1,1,1,0,3,-4,-4,-4,888,0,1,False,Unknown,True,False,False,False,False,False
NACC606253,96,96,-4,-4,-4,-4,-4,,-4,-4,-4,-4,-4,-4,-4,996,996,-4,-4,-4,-4,-4,1,1,0,1,1,0,True,True,True,True,0,7,0,0,False,67,18,1,1,1,0,4,-4,-4,1980,-4,-4,-4,True,Unknown,False,True,True,False,True,True
NACC606392,9,6,-4,-4,-4,-4,-4,,-4,-4,-4,-4,-4,-4,-4,997,69,-4,-4,-4,-4,-4,0,1,1,1,1,0,True,True,True,True,1,2,0,1,False,76,18,1,1,1,0,4,-4,-4,8888,-4,-4,-4,True,Unknown,False,False,True,True,True,True
NACC607056,8,5,-4,-4,-4,-4,-4,,-4,-4,-4,-4,-4,-4,-4,126,38,-4,-4,-4,-4,-4,0,0,1,1,1,0,False,False,False,True,0,7,0,0,False,56,12,1,1,1,0,4,-4,-4,8888,-4,-4,-4,False,Unknown,False,False,False,True,True,True
NACC607131,16,7,-4,-4,-4,-4,-4,,-4,-4,-4,-4,-4,-4,-4,300,47,-4,-4,-4,-4,-4,1,1,8,1,1,0,True,True,True,True,0,7,0,0,False,62,18,1,1,1,0,3,-4,-4,2006,-4,-4,-4,True,Unknown,False,True,True,False,True,True
NACC608521,18,13,-4,-4,-4,-4,-4,,-4,-4,-4,-4,-4,-4,-4,101,39,-4,-4,-4,-4,-4,1,1,8,8,8,0,True,True,True,True,8,8,8,8,False,66,16,2,1,1,0,1,-4,-4,2005,-4,-4,-4,True,Unknown,False,True,True,False,True,True
NACC608877,0,0,-4,-4,-4,-4,-4,,-4,-4,-4,-4,-4,-4,-4,996,996,-4,-4,-4,-4,-4,0,0,1,1,1,0,True,True,True,True,1,2,0,1,False,92,20,2,1,1,0,4,-4,-4,8888,-4,-4,-4,False,Unknown,False,False,False,True,True,True
NACC608993,18,8,-4,-4,-4,-4,-4,,-4,-4,-4,-4,-4,-4,-4,81,33,-4,-4,-4,-4,-4,0,0,1,1,2,0,True,False,True,True,1,1,0,1,False,65,20,1,3,5,0,4,-4,-4,8888,-4,-4,-4,False,Unknown,False,False,False,True,True,True
NACC609077,17,12,9,8,97,8,8,,-4,-4,8,25,16,22,16,997,997,16,97,97,25,25,0,0,8,1,1,1,True,False,True,True,0,7,-4,-4,False,73,16,1,1,1,0,3,-4,-4,8888,70,0,1,False,Unknown,False,False,False,False,False,False
NACC609202,18,9,19,20,32,8,8,,-4,-4,8,27,19,23,19,155,33,16,12,0,26,26,-4,1,8,8,8,0,True,False,True,True,8,8,-4,-4,False,80,18,2,1,1,0,1,-4,-4,-4,78,1,1,True,Unknown,True,False,True,False,False,True
NACC609264,8,5,-4,-4,-4,-4,-4,,-4,-4,-4,-4,-4,-4,-4,996,150,-4,-4,-4,-4,-4,0,0,1,1,1,0,False,False,False,False,0,7,0,0,False,81,16,1,1,1,0,4,-4,-4,8888,-4,-4,-4,False,Unknown,False,False,False,True,True,True
NACC609713,9,7,-4,-4,-4,-4,-4,,-4,-4,-4,-4,-4,-4,-4,996,89,-4,-4,-4,-4,-4,0,0,1,1,1,0,True,True,True,True,0,7,0,0,False,82,16,1,1,1,0,4,-4,-4,8888,-4,-4,-4,True,Unknown,False,False,False,True,True,True
NACC609820,11,8,7,6,29,8,8,,-4,-4,8,9,10,10,10,142,55,16,15,1,26,26,0,1,1,1,1,0,True,False,True,True,0,7,-4,-4,False,72,16,1,1,1,0,4,-4,-4,8888,888,0,1,False,Unknown,True,False,True,True,True,True
NACC610516,13,9,-4,-4,-4,-4,-4,,-4,-4,-4,-4,-4,-4,-4,206,48,-4,-4,-4,-4,-4,1,1,8,1,1,0,True,True,True,True,0,7,0,0,False,77,12,1,1,1,0,3,-4,-4,2007,-4,-4,-4,True,Unknown,False,True,True,False,True,True
NACC610572,8,10,-4,-4,-4,-4,-4,,-4,-4,-4,-4,-4,-4,-4,996,996,-4,-4,-4,-4,-4,0,0,1,1,1,0,False,True,False,True,0,7,0,0,False,72,18,1,1,2,0,4,-4,-4,8888,-4,-4,-4,False,Unknown,False,False,False,True,True,True
NACC610638,0,0,-4,-4,-4,-4,-4,,-4,-4,-4,-4,-4,-4,-4,996,996,-4,-4,-4,-4,-4,0,0,1,1,2,0,True,True,True,True,1,1,1,0,False,71,16,1,1,1,0,4,-4,-4,8888,-4,-4,-4,False,Unknown,False,False,False,True,True,True
NACC610690,16,9,-4,-4,-4,-4,-4,,-4,-4,-4,-4,-4,-4,-4,201,59,-4,-4,-4,-4,-4,1,1,8,1,1,0,True,True,True,True,0,7,0,0,False,83,16,1,1,1,0,3,-4,-4,2006,-4,-4,-4,True,Unknown,False,True,True,False,True,True
NACC611238,97,97,-4,-4,-4,-4,-4,,-4,-4,-4,-4,-4,-4,-4,997,997,-4,-4,-4,-4,-4,0,0,1,1,2,0,True,False,True,True,1,1,1,0,False,78,12,2,1,1,0,4,-4,-4,8888,-4,-4,-4,False,Unknown,False,False,False,True,True,True
NACC611299,17,6,-4,-4,-4,-4,-4,,-4,-4,-4,-4,-4,-4,-4,148,53,-4,-4,-4,-4,-4,1,1,8,1,1,0,True,True,True,True,0,7,0,0,False,79,16,1,1,1,0,2,-4,-4,2013,-4,-4,-4,False,Unknown,False,True,True,False,True,True
NACC611373,7,4,-4,-4,-4,-4,-4,,-4,-4,-4,-4,-4,-4,-4,996,150,-4,-4,-4,-4,-4,0,0,1,1,1,0,False,True,False,False,1,2,1,0,False,79,16,1,1,1,0,4,-4,-4,8888,-4,-4,-4,False,Unknown,False,False,False,True,True,True
NACC611374,8,5,-4,-4,-4,-4,-4,,-4,-4,-4,-4,-4,-4,-4,996,104,-4,-4,-4,-4,-4,1,1,0,1,2,0,True,True,True,True,1,1,0,1,False,93,20,1,1,1,0,4,-4,-4,2009,-4,-4,-4,False,Unknown,False,True,True,False,True,True
NACC611380,12,13,-4,-4,-4,-4,-4,,-4,-4,-4,-4,-4,-4,-4,80,36,-4,-4,-4,-4,-4,0,0,8,1,1,0,True,False,True,True,0,7,0,0,False,85,13,1,1,1,0,3,-4,-4,8888,-4,-4,-4,False,Unknown,False,False,False,False,False,False
NACC611474,14,4,19,12,28,8,8,,-4,-4,8,9,8,0,0,148,40,17,97,97,23,23,0,0,8,1,1,1,True,True,True,True,0,7,-4,-4,False,73,16,1,1,1,0,3,-4,-4,8888,68,0,1,False,Unknown,True,False,False,False,False,False
NACC612390,8,3,-4,-4,-4,-4,-4,,-4,-4,-4,-4,-4,-4,-4,996,150,-4,-4,-4,-4,-4,0,0,1,1,1,0,True,False,True,True,0,7,0,0,False,81,20,1,1,1,0,4,-4,-4,8888,-4,-4,-4,False,Unknown,False,False,False,True,True,True
NACC612401,16,12,22,14,32,8,8,,-4,-4,8,14,9,14,10,29,38,15,9,1,28,99,-4,0,8,1,1,1,True,False,True,True,0,7,-4,-4,False,74,99,1,1,1,0,3,-4,-4,-4,70,0,1,False,Unknown,True,False,False,False,False,False
NACC612865,96,96,96,96,96,1,8,,-4,-4,8,96,96,96,96,996,996,96,96,96,88,88,0,0,1,1,2,0,True,True,True,True,1,1,-4,-4,False,77,14,1,1,1,0,4,-4,-4,8888,74,1,1,True,A+,False,False,False,True,True,True
NACC613216,97,97,97,97,97,-4,-4,,-4,-4,-4,97,97,97,97,997,997,97,97,97,88,88,0,-4,8,1,1,0,False,False,False,False,0,8,-4,-4,False,92,18,2,1,-4,0,4,-4,888,-4,-4,-4,0,False,Unknown,False,False,False,False,False,False
NACC613281,-4,-4,-4,-4,-4,-4,-4,,-4,-4,-4,-4,-4,-4,-4,-4,-4,-4,-4,-4,-4,-4,0,1,8,1,1,0,True,True,True,True,1,2,0,1,False,83,16,2,1,1,0,3,-4,-4,8888,-4,-4,-4,False,Unknown,False,False,True,False,False,True
NACC613432,3,3,4,3,21,8,8,,-4,-4,8,1,1,0,1,995,997,1,0,1,9,9,1,1,0,1,2,0,True,True,True,True,1,1,-4,-4,False,79,16,1,1,1,0,4,-4,-4,2016,75,1,1,False,Unknown,True,True,True,False,True,True
NACC614139,14,8,11,8,29,0,0,,-4,-4,0,23,17,19,14,244,56,15,97,97,20,20,0,0,8,1,1,1,True,True,True,True,0,7,-4,-4,False,84,17,1,1,1,0,3,-4,-4,8888,83,0,1,False,A-,True,False,False,False,False,False
NACC614335,10,6,-4,-4,-4,-4,-4,,-4,-4,-4,-4,-4,-4,-4,156,47,-4,-4,-4,-4,-4,0,1,0,1,2,0,True,False,True,True,1,1,1,0,False,84,12,1,1,2,0,4,-4,-4,8888,-4,-4,-4,False,Unknown,False,False,True,False,False,True
NACC614360,19,13,21,15,31,8,8,,-4,-4,8,19,16,12,15,71,19,17,12,1,29,29,-4,1,8,8,8,0,True,False,True,True,8,8,-4,-4,False,80,18,2,1,1,0,1,-4,-4,-4,79,1,1,True,Unknown,True,False,True,False,False,True
NACC614493,14,14,-4,-4,-4,-4,-4,,-4,-4,-4,-4,-4,-4,-4,300,72,-4,-4,-4,-4,-4,0,0,1,1,1,0,False,False,False,False,0,7,0,0,False,74,17,2,1,1,0,4,-4,-4,8888,-4,-4,-4,False,Unknown,False,False,False,True,True,True
NACC614953,5,4,-4,-4,-4,-4,-4,,-4,-4,-4,-4,-4,-4,-4,995,150,-4,-4,-4,-4,-4,1,0,1,1,1,0,True,True,True,True,0,7,0,0,False,75,18,1,1,1,0,4,-4,-4,2004,-4,-4,-4,True,Unknown,False,True,False,True,True,True
NACC614984,12,10,-4,-4,-4,-4,-4,,-4,-4,-4,-4,-4,-4,-4,131,52,-4,-4,-4,-4,-4,0,0,1,1,1,0,False,True,False,True,0,7,0,0,False,55,15,1,1,1,0,4,-4,-4,8888,-4,-4,-4,False,Unknown,False,False,False,True,True,True
NACC615526,2,0,1,2,27,8,8,,-4,-4,8,15,11,18,11,998,150,13,12,0,9,9,0,0,0,1,2,0,True,False,True,True,1,1,-4,-4,False,82,20,2,1,1,0,4,-4,-4,8888,45,1,1,False,Unknown,True,False,False,False,False,False
NACC616065,20,15,8,9,32,8,8,,-4,-4,8,21,14,20,14,151,59,17,11,1,24,25,1,1,8,8,8,1,True,True,True,True,8,8,-4,-4,False,67,12,2,1,1,0,1,-4,-4,2011,60,1,1,True,Unknown,True,True,True,False,True,True
NACC616159,17,6,-4,-4,-4,-4,-4,,-4,-4,-4,-4,-4,-4,-4,300,50,-4,-4,-4,-4,-4,0,0,1,1,2,0,False,False,False,False,1,1,0,1,False,91,12,1,2,1,1,4,-4,-4,8888,-4,-4,-4,False,Unknown,False,False,False,True,True,True
NACC616399,27,15,21,18,32,8,8,,-4,-4,8,19,15,15,14,300,77,11,9,0,26,26,0,0,1,1,1,0,False,False,False,False,0,7,-4,-4,False,70,16,1,1,1,0,4,-4,-4,8888,888,0,0,False,Unknown,True,False,False,True,True,True
NACC616439,9,5,-4,-4,-4,-4,-4,,-4,-4,-4,-4,-4,-4,-4,300,71,-4,-4,-4,-4,-4,0,0,1,1,2,0,False,True,False,True,1,1,1,0,False,77,17,1,1,1,0,4,-4,-4,8888,-4,-4,-4,False,Unknown,False,False,False,True,True,True
NACC616500,-4,-4,-4,-4,-4,-4,-4,,-4,-4,-4,-4,-4,-4,-4,-4,-4,-4,-4,-4,-4,-4,0,0,1,1,1,0,True,False,True,True,0,7,0,0,False,66,20,2,1,1,0,4,-4,-4,8888,-4,-4,-4,False,Unknown,False,False,False,True,True,True
NACC617643,15,20,16,14,28,8,8,,-4,-4,8,22,19,27,21,65,114,17,12,0,24,24,-4,0,8,1,1,0,True,False,True,True,0,7,-4,-4,False,78,18,2,1,2,0,3,-4,-4,-4,76,1,1,False,Unknown,True,False,False,False,False,False
NACC618110,20,9,20,14,31,8,8,,-4,-4,8,18,14,21,16,86,47,12,5,1,24,24,-4,1,8,0,7,0,True,False,True,True,0,7,-4,-4,False,85,18,1,1,1,0,2,-4,-4,-4,84,0,1,False,Unknown,True,False,True,False,False,True
NACC618336,23,14,-4,-4,-4,-4,-4,,-4,-4,-4,-4,-4,-4,-4,60,22,-4,-4,-4,-4,-4,0,0,1,1,1,0,True,True,True,True,0,7,0,0,False,52,10,1,1,1,0,4,-4,-4,8888,-4,-4,-4,False,Unknown,False,False,False,True,True,True
NACC618699,95,95,-4,-4,-4,-4,-4,,-4,-4,-4,-4,-4,-4,-4,996,113,-4,-4,-4,-4,-4,1,1,0,1,2,0,True,True,True,True,1,1,1,0,False,90,12,1,1,1,0,4,-4,-4,2012,-4,-4,-4,False,Unknown,False,True,True,False,True,True
NACC618713,27,12,-4,-4,-4,-4,-4,,-4,-4,-4,-4,-4,-4,-4,78,27,-4,-4,-4,-4,-4,1,1,8,8,8,1,True,True,True,True,8,8,8,8,False,75,20,1,1,1,0,1,-4,-4,2014,-4,-4,-4,True,Unknown,False,True,True,False,True,True
NACC618757,4,96,-4,-4,-4,-4,-4,,-4,-4,-4,-4,-4,-4,-4,300,139,-4,-4,-4,-4,-4,0,0,1,1,2,0,True,False,True,True,1,1,1,0,False,74,12,2,1,2,0,4,-4,-4,8888,-4,-4,-4,True,Unknown,False,False,False,True,True,True
NACC619313,17,10,20,12,27,8,8,,-4,-4,8,1,1,1,1,168,39,8,7,1,18,19,1,1,0,1,1,0,True,True,True,True,0,7,-4,-4,False,74,12,2,1,1,1,4,-4,-4,9999,71,0,1,False,Unknown,True,True,True,False,True,True
NACC619357,8,4,9,5,25,8,8,,-4,-4,8,1,1,0,0,995,995,95,95,95,9,9,-4,0,1,1,2,0,True,False,True,True,1,1,-4,-4,False,93,13,2,1,2,0,4,-4,-4,-4,85,0,0,False,Unknown,True,False,False,True,True,True
NACC619611,18,7,13,7,29,1,0,,-4,-4,8,6,6,8,7,119,41,14,6,1,18,19,0,0,1,1,1,1,True,False,True,True,1,2,-4,-4,False,74,12,1,1,1,0,4,-4,-4,8888,72,0,1,False,A+,True,False,False,True,True,True
NACC619745,6,9,13,11,97,8,8,,-4,-4,8,97,97,97,97,170,67,97,97,97,88,88,0,0,8,1,1,0,True,True,True,True,0,7,-4,-4,True,71,13,1,1,1,0,3,-4,-4,8888,69,0,1,True,Unknown,False,False,False,False,False,False
NACC619807,11,8,-4,-4,-4,-4,-4,,-4,-4,-4,-4,-4,-4,-4,87,42,-4,-4,-4,-4,-4,9,0,1,1,1,0,True,True,True,True,0,7,0,0,False,62,14,1,1,1,0,4,-4,-4,8888,-4,-4,-4,True,Unknown,False,False,False,True,True,True
NACC619809,5,7,-4,-4,-4,-4,-4,,-4,-4,-4,-4,-4,-4,-4,996,150,-4,-4,-4,-4,-4,1,1,1,1,1,0,True,True,True,True,0,7,0,0,False,76,14,1,1,1,0,4,-4,-4,2001,-4,-4,-4,True,Unknown,False,True,True,True,True,True
NACC619897,15,8,-4,-4,-4,-4,-4,,-4,-4,-4,-4,-4,-4,-4,50,24,-4,-4,-4,-4,-4,1,1,8,1,1,0,True,True,True,True,0,7,0,0,False,70,18,1,1,1,0,3,-4,-4,2004,-4,-4,-4,True,Unknown,False,True,True,False,True,True
NACC620028,9,7,14,17,32,1,1,,-4,-4,8,14,12,20,14,247,71,17,8,1,22,22,0,0,1,1,1,1,True,False,True,True,1,2,-4,-4,False,78,19,1,1,1,0,4,-4,-4,8888,72,1,1,True,A+,True,False,False,True,True,True
NACC620110,7,5,-4,-4,-4,-4,-4,,-4,-4,-4,-4,-4,-4,-4,996,996,-4,-4,-4,-4,-4,0,0,1,1,1,0,True,True,True,True,0,7,0,0,False,68,14,1,1,1,0,4,-4,-4,8888,-4,-4,-4,True,Unknown,False,False,False,True,True,True
NACC620248,15,9,-4,-4,-4,-4,-4,,-4,-4,-4,-4,-4,-4,-4,92,41,-4,-4,-4,-4,-4,0,0,8,1,1,0,True,False,True,True,1,2,0,1,False,77,18,1,1,5,0,3,-4,-4,8888,-4,-4,-4,False,Unknown,False,False,False,False,False,False
NACC620310,11,8,-4,-4,-4,-4,-4,,-4,-4,-4,-4,-4,-4,-4,87,44,-4,-4,-4,-4,-4,0,0,1,1,2,0,False,False,False,False,1,1,1,0,False,77,16,2,1,1,0,4,-4,-4,8888,-4,-4,-4,False,Unknown,False,False,False,True,True,True
NACC620880,24,10,22,10,31,8,8,,-4,-4,8,24,14,17,11,112,54,16,8,1,24,24,0,0,1,1,1,0,False,False,False,False,0,7,-4,-4,False,77,18,1,1,1,0,4,-4,-4,8888,888,0,0,False,Unknown,True,False,False,True,True,True
NACC620981,14,7,9,7,30,8,8,,-4,-4,8,8,7,2,3,184,56,13,6,1,17,17,-4,1,8,1,1,0,True,False,True,True,0,7,-4,-4,False,79,20,1,1,1,0,3,-4,-4,-4,79,1,1,False,Unknown,True,False,True,False,False,True
NACC621055,96,96,-4,-4,-4,-4,-4,,-4,-4,-4,-4,-4,-4,-4,996,996,-4,-4,-4,-4,-4,0,0,1,1,1,0,True,True,True,True,1,2,0,1,False,73,16,1,1,1,0,4,-4,-4,8888,-4,-4,-4,False,Unknown,False,False,False,True,True,True
NACC621253,7,5,6,7,27,8,8,,-4,-4,8,8,8,4,4,150,72,14,9,0,19,19,-4,1,8,8,8,0,True,False,True,True,8,8,-4,-4,False,79,15,1,1,1,0,1,-4,-4,-4,75,1,1,False,Unknown,True,False,True,False,False,True
NACC621382,6,4,-4,-4,-4,-4,-4,,-4,-4,-4,-4,-4,-4,-4,300,83,-4,-4,-4,-4,-4,1,1,1,1,1,0,False,True,False,False,0,7,0,0,False,73,15,1,1,1,0,4,-4,-4,2006,-4,-4,-4,True,Unknown,False,True,True,True,True,True
NACC621558,14,10,10,7,29,8,8,,-4,-4,8,26,18,19,15,128,32,17,97,97,21,21,1,0,8,1,1,1,True,True,True,True,0,7,-4,-4,False,52,20,2,1,3,0,3,-4,-4,2023,50,0,1,True,Unknown,True,True,False,False,True,True
NACC621590,11,7,-4,-4,-4,-4,-4,,-4,-4,-4,-4,-4,-4,-4,203,39,-4,-4,-4,-4,-4,1,1,8,1,1,0,True,True,True,True,0,7,0,0,False,80,19,1,1,1,0,3,-4,-4,2005,-4,-4,-4,True,Unknown,False,True,True,False,True,True
NACC621753,9,3,14,5,25,8,8,,-4,-4,8,12,10,9,10,164,57,17,6,1,24,24,-4,1,0,1,2,0,True,False,True,True,1,1,-4,-4,False,76,18,1,1,1,0,4,-4,-4,-4,75,1,1,True,Unknown,True,False,True,False,False,True
NACC622285,2,1,0,0,10,8,8,,-4,-4,8,5,4,2,2,996,148,15,8,1,7,8,-4,1,0,1,2,0,True,False,True,True,1,1,-4,-4,False,92,12,1,1,1,0,4,-4,-4,-4,90,1,1,True,Unknown,True,False,True,False,False,True
NACC622773,-4,-4,-4,-4,-4,8,8,,-4,-4,8,-4,-4,-4,-4,-4,-4,-4,-4,-4,-4,-4,-4,1,0,1,2,0,True,False,True,True,1,1,-4,-4,False,76,18,1,1,1,0,4,-4,-4,-4,70,-4,-4,True,Unknown,False,False,True,False,False,True
NACC622945,15,8,7,10,30,8,8,,-4,-4,8,10,9,8,11,62,30,14,8,1,21,21,-4,1,8,1,1,0,True,False,True,True,0,7,-4,-4,False,79,18,1,1,1,0,3,-4,-4,-4,72,0,1,True,Unknown,True,False,True,False,False,True
NACC623005,96,96,9,8,28,8,8,,-4,-4,8,0,0,0,0,996,996,96,97,97,10,10,0,0,1,1,1,1,True,False,True,True,1,2,-4,-4,True,83,18,2,1,1,0,4,-4,-4,8888,82,1,1,False,Unknown,False,False,False,True,True,True
NACC623618,11,7,-4,-4,-4,-4,-4,,-4,-4,-4,-4,-4,-4,-4,300,150,-4,-4,-4,-4,-4,1,1,0,1,3,0,True,True,True,True,1,1,1,0,False,73,18,1,1,1,0,4,-4,-4,9999,-4,-4,-4,True,Unknown,False,True,True,False,True,True
NACC623632,2,2,-4,-4,-4,-4,-4,,-4,-4,-4,-4,-4,-4,-4,996,996,-4,-4,-4,-4,-4,0,0,1,1,2,0,False,False,False,False,1,1,1,0,False,87,18,1,1,1,0,4,-4,-4,8888,-4,-4,-4,False,Unknown,False,False,False,True,True,True
NACC623854,14,15,-4,-4,-4,-4,-4,,-4,-4,-4,-4,-4,-4,-4,300,69,-4,-4,-4,-4,-4,0,0,1,1,1,0,False,False,False,False,0,7,0,0,False,84,9,2,1,3,0,4,-4,-4,8888,-4,-4,-4,False,Unknown,False,False,False,True,True,True
NACC623863,7,6,-4,-4,-4,-4,-4,,-4,-4,-4,-4,-4,-4,-4,236,68,-4,-4,-4,-4,-4,0,0,1,1,2,0,False,True,False,False,1,1,0,1,False,63,20,1,1,1,0,4,-4,-4,8888,-4,-4,-4,False,Unknown,False,False,False,True,True,True
NACC624515,11,5,-4,-4,-4,-4,-4,,-4,-4,-4,-4,-4,-4,-4,223,70,-4,-4,-4,-4,-4,0,0,1,1,1,0,False,False,False,False,0,7,0,0,False,79,7,1,1,1,1,4,-4,-4,8888,-4,-4,-4,False,Unknown,False,False,False,True,True,True
NACC625585,18,10,-4,-4,-4,-4,-4,,-4,-4,-4,-4,-4,-4,-4,252,49,-4,-4,-4,-4,-4,1,1,8,1,1,0,True,True,True,True,1,2,0,1,False,92,8,1,1,1,0,3,-4,-4,2009,-4,-4,-4,True,Unknown,False,True,True,False,True,True
NACC625613,4,1,-4,-4,-4,-4,-4,,-4,-4,-4,-4,-4,-4,-4,996,53,-4,-4,-4,-4,-4,1,1,0,1,2,0,True,True,True,True,1,1,1,0,False,84,19,1,1,1,0,4,-4,-4,2011,-4,-4,-4,False,Unknown,False,True,True,False,True,True
NACC625781,14,7,-4,-4,-4,-4,-4,,-4,-4,-4,-4,-4,-4,-4,300,67,-4,-4,-4,-4,-4,0,0,1,1,1,0,True,True,True,True,0,7,0,0,False,65,20,1,1,1,0,4,-4,-4,8888,-4,-4,-4,True,Unknown,False,False,False,True,True,True
NACC626001,13,7,9,9,31,8,8,,-4,-4,8,3,4,5,6,79,33,15,97,97,20,20,1,0,8,1,1,1,True,True,True,True,0,7,-4,-4,False,78,18,1,1,1,0,3,-4,-4,2018,76,0,1,True,Unknown,True,True,False,False,True,True
NACC626020,8,5,12,7,28,0,8,,-4,-4,8,19,13,9,5,300,110,15,10,1,22,22,0,0,0,1,1,1,True,False,True,True,0,7,-4,-4,True,81,16,1,1,1,0,4,-4,-4,8888,76,1,1,False,A-,True,False,False,False,False,False
NACC626421,8,5,-4,-4,-4,-4,-4,,-4,-4,-4,-4,-4,-4,-4,996,996,-4,-4,-4,-4,-4,0,0,1,1,2,0,False,False,False,False,1,1,1,0,False,57,16,2,1,1,0,4,-4,-4,8888,-4,-4,-4,False,Unknown,False,False,False,True,True,True
NACC626466,8,4,-4,-4,-4,-4,-4,,-4,-4,-4,-4,-4,-4,-4,300,107,-4,-4,-4,-4,-4,1,1,0,1,1,0,True,True,True,True,0,7,0,0,False,76,12,1,1,1,0,4,-4,-4,1998,-4,-4,-4,True,Unknown,False,True,True,False,True,True
NACC626967,95,95,-4,-4,-4,-4,-4,,-4,-4,-4,-4,-4,-4,-4,995,995,-4,-4,-4,-4,-4,1,1,0,1,1,0,True,True,True,True,0,7,0,0,False,80,12,1,1,1,0,4,-4,-4,9999,-4,-4,-4,True,Unknown,False,True,True,False,True,True
NACC627347,96,96,-4,-4,-4,-4,-4,,-4,-4,-4,-4,-4,-4,-4,996,996,-4,-4,-4,-4,-4,0,0,1,1,2,0,False,False,False,True,1,1,1,0,False,61,12,1,1,1,0,4,-4,-4,8888,-4,-4,-4,False,Unknown,False,False,False,True,True,True
NACC627435,16,15,-4,-4,-4,-4,-4,,-4,-4,-4,-4,-4,-4,-4,79,24,-4,-4,-4,-4,-4,1,1,8,1,1,0,True,True,True,True,0,7,0,0,False,65,12,2,1,1,0,2,-4,-4,2007,-4,-4,-4,False,Unknown,False,True,True,False,True,True
NACC627574,25,9,19,17,29,8,8,,-4,-4,8,12,11,9,9,93,61,16,11,1,26,26,1,1,1,1,2,0,True,True,True,True,0,7,-4,-4,True,67,20,1,1,5,0,4,-4,-4,2018,60,1,1,False,Unknown,True,True,True,True,True,True
NACC627594,8,5,-4,-4,-4,-4,-4,,-4,-4,-4,-4,-4,-4,-4,300,62,-4,-4,-4,-4,-4,0,0,1,1,1,0,True,False,True,True,0,7,0,0,False,83,12,2,1,1,0,4,-4,-4,8888,-4,-4,-4,False,Unknown,False,False,False,True,True,True
NACC627803,8,2,3,7,29,8,8,,-4,-4,8,13,10,6,4,996,150,10,2,1,10,10,0,0,1,1,1,1,True,False,True,True,0,7,-4,-4,False,72,18,1,1,1,0,4,-4,-4,8888,71,1,1,False,Unknown,True,False,False,True,True,True
NACC627858,13,14,15,10,31,8,8,,-4,-4,8,12,10,8,8,201,43,11,7,0,22,22,-4,0,1,1,1,0,True,False,True,True,1,2,-4,-4,False,71,16,1,1,1,0,4,-4,-4,-4,71,0,1,False,Unknown,True,False,False,True,True,True
NACC628336,16,13,17,13,31,8,8,,-4,-4,8,14,13,13,12,57,25,13,9,1,28,28,0,0,8,1,1,1,True,False,True,True,0,7,-4,-4,False,52,18,1,1,1,0,3,-4,-4,8888,52,0,1,False,Unknown,True,False,False,False,False,False
NACC628412,13,14,-4,-4,-4,-4,-4,,-4,-4,-4,-4,-4,-4,-4,300,35,-4,-4,-4,-4,-4,1,1,8,8,8,0,True,True,True,True,8,8,8,8,False,78,14,2,1,1,0,1,-4,-4,2002,-4,-4,-4,True,Unknown,False,True,True,False,True,True
NACC628623,0,0,1,0,96,1,-4,,-4,8,-4,2,1,0,1,996,996,96,0,0,88,88,0,-4,8,1,2,0,True,False,True,True,1,1,-4,-4,False,78,16,1,1,-4,0,4,888,888,-4,-4,-4,1,False,A+,False,False,False,False,False,False
NACC629044,18,9,13,9,30,8,8,,-4,-4,8,19,16,17,15,300,40,10,8,1,17,17,0,0,8,1,1,1,True,False,True,True,0,7,-4,-4,True,69,13,1,1,1,0,3,-4,-4,8888,888,0,1,False,Unknown,True,False,False,False,False,False
NACC629209,19,11,6,3,32,8,8,,-4,-4,8,22,13,16,9,125,40,16,14,1,22,22,0,1,8,1,1,0,True,False,True,True,0,7,-4,-4,False,79,18,1,1,1,0,2,-4,-4,8888,78,0,1,False,Unknown,True,False,True,False,False,True
NACC629431,23,10,10,5,27,8,8,,-4,-4,8,20,14,19,14,300,34,14,10,1,19,19,-4,0,8,1,1,1,True,False,True,True,1,2,-4,-4,False,79,16,1,1,3,1,3,-4,-4,-4,75,1,1,False,Unknown,True,False,False,False,False,False
NACC629452,5,4,-4,-4,-4,-4,-4,,-4,-4,-4,-4,-4,-4,-4,996,82,-4,-4,-4,-4,-4,1,1,1,1,1,0,True,True,True,True,0,7,0,0,False,80,12,1,1,1,0,4,-4,-4,2005,-4,-4,-4,True,Unknown,False,True,True,True,True,True
NACC629583,-4,-4,-4,-4,-4,-4,-4,,-4,-4,-4,-4,-4,-4,-4,-4,-4,-4,-4,-4,-4,-4,1,1,0,1,1,0,True,True,True,True,0,7,0,0,False,73,12,1,1,1,1,4,-4,-4,1974,-4,-4,-4,True,Unknown,False,True,True,False,True,True
NACC629881,7,5,10,11,25,1,1,,-4,-4,1,7,6,5,7,81,25,14,8,1,20,20,-4,0,8,1,2,1,True,False,True,True,1,1,-4,-4,False,73,19,1,1,1,0,3,-4,-4,-4,73,0,1,False,A+,True,False,False,False,False,False
NACC630333,7,7,-4,-4,-4,-4,-4,,-4,-4,-4,-4,-4,-4,-4,105,24,-4,-4,-4,-4,-4,0,0,1,1,2,0,False,False,False,False,1,1,1,0,False,69,17,2,1,1,0,4,-4,-4,8888,-4,-4,-4,False,Unknown,False,False,False,True,True,True
NACC630424,0,0,-4,-4,-4,-4,-4,,-4,-4,-4,-4,-4,-4,-4,996,996,-4,-4,-4,-4,-4,0,0,1,1,2,0,False,False,False,False,1,1,1,0,False,80,16,2,1,1,0,4,-4,-4,8888,-4,-4,-4,False,Unknown,False,False,False,True,True,True
NACC631327,12,14,-4,-4,-4,-4,-4,,-4,-4,-4,-4,-4,-4,-4,300,77,-4,-4,-4,-4,-4,0,0,8,1,1,0,True,False,True,True,0,7,0,0,False,87,16,2,1,2,0,3,-4,-4,8888,-4,-4,-4,False,Unknown,False,False,False,False,False,False
NACC631802,6,6,-4,-4,-4,-4,-4,,-4,-4,-4,-4,-4,-4,-4,997,92,-4,-4,-4,-4,-4,0,0,1,1,2,0,True,False,True,True,1,1,1,0,False,80,18,1,1,1,0,4,-4,-4,8888,-4,-4,-4,False,Unknown,False,False,False,True,True,True
NACC631874,27,11,14,14,31,8,8,,-4,-4,8,8,6,5,6,169,42,13,5,1,21,21,1,0,8,1,1,1,True,True,True,True,0,7,-4,-4,True,55,16,1,1,1,0,3,-4,-4,2018,54,0,1,True,Unknown,True,True,False,False,True,True
NACC632009,-4,-4,-4,-4,-4,-4,-4,,-4,-4,-4,-4,-4,-4,-4,-4,-4,-4,-4,-4,-4,-4,1,1,0,1,2,0,True,True,True,True,1,1,1,0,False,77,14,2,1,1,0,4,-4,-4,2011,-4,-4,-4,True,Unknown,False,True,True,False,True,True
NACC632050,14,15,13,12,24,8,8,,-4,-4,8,22,16,18,16,996,96,17,11,1,24,25,-4,0,8,1,1,0,True,False,True,True,0,7,-4,-4,False,84,12,1,1,2,0,2,-4,-4,-4,83,1,1,False,Unknown,True,False,False,False,False,False
NACC632880,15,12,-4,-4,-4,-4,-4,,-4,-4,-4,-4,-4,-4,-4,186,41,-4,-4,-4,-4,-4,0,0,8,1,1,0,True,False,True,True,0,7,0,0,False,80,8,2,8,1,0,3,-4,-4,8888,-4,-4,-4,False,Unknown,False,False,False,False,False,False
NACC632898,11,9,-4,-4,-4,-4,-4,,-4,-4,-4,-4,-4,-4,-4,996,150,-4,-4,-4,-4,-4,0,0,1,1,2,0,True,False,True,True,1,1,1,0,False,66,26,1,1,1,0,4,-4,-4,8888,-4,-4,-4,False,Unknown,False,False,False,True,True,True
NACC634204,20,12,10,9,29,0,0,,-4,-4,0,20,14,16,13,50,26,14,10,1,23,23,0,0,8,1,1,0,True,False,True,True,0,7,-4,-4,False,73,19,1,1,1,0,3,-4,-4,8888,888,0,1,False,A-,True,False,False,False,False,False
NACC634329,11,5,-4,-4,-4,-4,-4,,-4,-4,-4,-4,-4,-4,-4,996,996,-4,-4,-4,-4,-4,0,0,1,1,2,0,False,False,False,False,1,1,1,0,False,75,14,1,1,1,0,4,-4,-4,8888,-4,-4,-4,False,Unknown,False,False,False,True,True,True
NACC634584,24,14,15,17,32,8,8,,-4,-4,8,11,10,16,14,104,44,16,15,1,23,23,-4,0,8,1,2,0,True,False,True,True,1,1,-4,-4,False,67,16,1,1,1,0,3,-4,-4,-4,888,0,1,False,Unknown,True,False,False,False,False,False
NACC634713,8,8,-4,-4,-4,-4,-4,,-4,-4,-4,-4,-4,-4,-4,998,56,-4,-4,-4,-4,-4,0,1,0,1,3,0,True,False,True,True,1,1,1,0,False,74,12,2,2,1,1,4,-4,-4,8888,-4,-4,-4,False,Unknown,False,False,True,False,False,True
NACC634878,3,97,-4,-4,-4,-4,-4,,-4,-4,-4,-4,-4,-4,-4,997,997,-4,-4,-4,-4,-4,1,0,1,1,1,0,True,True,True,True,1,2,1,0,False,69,18,1,1,1,0,4,-4,-4,2001,-4,-4,-4,True,Unknown,False,True,False,True,True,True
NACC635546,16,13,-4,-4,-4,-4,-4,,-4,-4,-4,-4,-4,-4,-4,996,55,-4,-4,-4,-4,-4,0,1,0,1,2,0,True,False,True,True,1,1,1,0,False,88,16,2,1,1,0,4,-4,-4,8888,-4,-4,-4,True,Unknown,False,False,True,False,False,True
NACC635909,15,8,-4,-4,-4,-4,-4,,-4,-4,-4,-4,-4,-4,-4,132,86,-4,-4,-4,-4,-4,0,0,1,1,2,0,False,False,False,True,1,1,0,1,False,65,14,2,1,1,1,4,-4,-4,8888,-4,-4,-4,False,Unknown,False,False,False,True,True,True
NACC636226,8,9,-4,-4,-4,-4,-4,,-4,-4,-4,-4,-4,-4,-4,300,150,-4,-4,-4,-4,-4,0,0,1,1,2,0,False,False,False,False,1,1,1,0,False,74,12,2,1,1,0,4,-4,-4,8888,-4,-4,-4,False,Unknown,False,False,False,True,True,True
NACC636939,3,97,-4,-4,-4,-4,-4,,-4,-4,-4,-4,-4,-4,-4,996,996,-4,-4,-4,-4,-4,0,0,1,1,1,0,True,True,True,True,0,7,0,0,False,85,6,2,1,2,0,4,-4,-4,8888,-4,-4,-4,False,Unknown,False,False,False,True,True,True
NACC637075,9,4,12,7,25,1,1,,-4,-4,8,11,9,6,5,996,127,10,0,1,25,25,0,0,1,1,1,0,False,False,False,False,1,2,-4,-4,False,71,16,1,1,2,0,4,-4,-4,8888,888,0,0,False,A+,True,False,False,True,True,True
NACC637137,11,9,7,11,29,0,8,,-4,-4,8,18,14,13,11,230,59,12,9,1,25,25,0,0,8,1,1,1,True,False,True,True,0,7,-4,-4,False,81,16,1,1,2,0,3,-4,-4,8888,80,1,1,False,A-,True,False,False,False,False,False
NACC637275,96,96,96,96,96,8,8,,-4,-4,8,96,96,96,96,996,996,96,96,96,88,88,0,0,1,1,1,0,True,True,True,True,1,2,-4,-4,False,81,16,1,1,1,0,4,-4,-4,8888,78,1,1,False,Unknown,False,False,False,True,True,True
NACC637492,21,15,-4,-4,-4,-4,-4,,-4,-4,-4,-4,-4,-4,-4,51,27,-4,-4,-4,-4,-4,0,0,1,1,2,0,False,False,False,False,1,1,0,1,False,81,16,1,1,1,0,4,-4,-4,8888,-4,-4,-4,False,Unknown,False,False,False,True,True,True
NACC637539,8,2,6,5,24,1,8,,-4,-4,1,96,96,96,96,996,996,3,96,96,7,8,0,0,0,1,2,0,True,False,True,True,1,1,-4,-4,False,60,12,1,1,1,0,4,-4,-4,8888,57,0,1,False,A+,True,False,False,False,False,False
NACC637701,10,8,-4,-4,-4,-4,-4,,-4,-4,-4,-4,-4,-4,-4,191,40,-4,-4,-4,-4,-4,0,0,1,1,2,0,False,False,False,False,1,1,1,0,False,84,10,2,1,1,0,4,-4,-4,8888,-4,-4,-4,False,Unknown,False,False,False,True,True,True
NACC637717,22,12,-4,-4,-4,-4,-4,,-4,-4,-4,-4,-4,-4,-4,119,41,-4,-4,-4,-4,-4,0,0,1,1,1,0,True,True,True,True,0,7,0,0,False,73,12,1,1,1,0,4,-4,-4,8888,-4,-4,-4,False,Unknown,False,False,False,True,True,True
NACC638060,13,10,10,15,29,8,8,,-4,-4,8,13,13,14,11,134,42,15,8,1,18,19,1,1,8,1,1,0,True,True,True,True,0,7,-4,-4,False,70,12,1,1,1,0,3,-4,-4,9999,69,1,1,False,Unknown,True,True,True,False,True,True
NACC638078,96,96,-4,-4,-4,-4,-4,,-4,-4,-4,-4,-4,-4,-4,996,996,-4,-4,-4,-4,-4,0,0,1,1,1,0,True,True,True,True,0,7,0,0,False,88,16,1,1,1,0,4,-4,-4,8888,-4,-4,-4,False,Unknown,False,False,False,True,True,True
NACC638168,11,7,-4,-4,-4,-4,-4,,-4,-4,-4,-4,-4,-4,-4,996,996,-4,-4,-4,-4,-4,0,0,1,1,1,0,True,True,True,True,0,7,0,0,False,67,16,1,1,1,0,4,-4,-4,8888,-4,-4,-4,True,Unknown,False,False,False,True,True,True
NACC638644,15,6,5,8,23,0,8,,-4,-4,0,4,2,1,1,996,86,8,1,0,19,19,0,1,1,1,1,0,True,True,True,True,0,7,-4,-4,False,67,18,1,1,1,0,4,-4,-4,8888,59,1,1,False,A-,True,False,True,True,True,True
NACC638820,6,97,-4,-4,-4,-4,-4,,-4,-4,-4,-4,-4,-4,-4,997,997,-4,-4,-4,-4,-4,0,0,1,1,1,0,True,True,True,True,1,2,0,1,False,77,16,1,1,1,0,4,-4,-4,8888,-4,-4,-4,False,Unknown,False,False,False,True,True,True
NACC639041,17,13,-4,-4,-4,-4,-4,,-4,-4,-4,-4,-4,-4,-4,996,150,-4,-4,-4,-4,-4,0,0,1,1,1,0,False,False,False,False,0,7,0,0,False,65,16,1,1,1,0,4,-4,-4,8888,-4,-4,-4,False,Unknown,False,False,False,True,True,True
NACC639254,9,6,-4,-4,-4,-4,-4,,-4,-4,-4,-4,-4,-4,-4,300,91,-4,-4,-4,-4,-4,1,0,1,1,1,0,False,True,False,True,0,7,0,0,False,81,7,2,1,1,1,4,-4,-4,2007,-4,-4,-4,True,Unknown,False,True,False,True,True,True
NACC639525,9,2,12,8,20,1,8,,-4,-4,8,5,5,3,3,300,65,7,3,1,20,20,0,0,1,1,1,0,False,True,False,False,1,2,-4,-4,False,78,17,1,1,1,0,4,-4,-4,8888,888,0,0,False,A+,True,False,False,True,True,True
NACC639678,2,0,-4,-4,-4,-4,-4,,-4,-4,-4,-4,-4,-4,-4,300,150,-4,-4,-4,-4,-4,1,1,0,1,2,0,True,True,True,True,1,1,1,0,False,73,12,2,1,2,0,4,-4,-4,2008,-4,-4,-4,True,Unknown,False,True,True,False,True,True
NACC639691,15,9,-4,-4,-4,-4,-4,,-4,-4,-4,-4,-4,-4,-4,225,21,-4,-4,-4,-4,-4,0,0,1,1,2,0,False,False,False,True,1,1,0,1,False,78,18,1,1,1,0,4,-4,-4,8888,-4,-4,-4,False,Unknown,False,False,False,True,True,True
NACC640005,16,14,17,20,30,8,8,,-4,-4,8,13,8,8,6,255,48,16,6,1,26,26,0,1,8,1,1,0,True,False,True,True,0,7,-4,-4,False,72,18,1,1,1,0,3,-4,-4,8888,71,1,1,False,Unknown,True,False,True,False,False,True
NACC640018,15,16,12,11,31,8,8,,-4,-4,8,21,13,13,10,86,40,16,15,1,28,29,-4,1,8,8,8,0,True,False,True,True,8,8,-4,-4,False,67,12,2,1,1,0,1,-4,-4,-4,67,1,1,False,Unknown,True,False,True,False,False,True
NACC640045,27,13,13,17,-4,8,0,,-4,-4,8,24,18,22,15,-4,-4,-4,-4,-4,-4,-4,-4,1,8,8,8,0,True,False,True,True,8,8,-4,-4,False,74,19,1,1,1,0,1,-4,-4,-4,68,-4,-4,True,A-,False,False,True,False,False,True
NACC640334,17,8,10,5,28,8,8,,-4,-4,8,16,11,16,12,194,45,16,2,0,20,20,0,0,1,1,1,0,True,True,True,True,1,2,-4,-4,False,73,18,1,1,1,0,4,-4,-4,8888,70,0,1,False,Unknown,True,False,False,True,True,True
NACC640614,9,6,-4,-4,-4,-4,-4,,-4,-4,-4,-4,-4,-4,-4,300,147,-4,-4,-4,-4,-4,1,1,1,1,1,0,False,True,False,True,0,7,0,0,False,58,17,1,1,1,0,4,-4,-4,2001,-4,-4,-4,True,Unknown,False,True,True,True,True,True
NACC641386,16,4,7,8,28,8,8,,-4,-4,8,11,7,8,8,131,53,13,0,1,18,18,-4,1,0,0,7,0,True,False,True,True,1,1,-4,-4,False,82,16,1,1,1,0,4,-4,-4,-4,74,1,1,False,Unknown,True,False,True,False,False,True
NACC641693,5,0,-4,-4,-4,-4,-4,,-4,-4,-4,-4,-4,-4,-4,996,996,-4,-4,-4,-4,-4,0,0,1,1,1,0,False,False,False,False,0,7,0,0,False,85,13,1,2,1,1,4,-4,-4,8888,-4,-4,-4,False,Unknown,False,False,False,True,True,True
NACC641717,14,10,-4,-4,-4,-4,-4,,-4,-4,-4,-4,-4,-4,-4,998,86,-4,-4,-4,-4,-4,0,0,1,1,2,0,True,False,True,True,1,1,0,1,False,70,16,1,1,1,0,4,-4,-4,8888,-4,-4,-4,False,Unknown,False,False,False,True,True,True
NACC642393,11,7,-4,-4,-4,-4,-4,,-4,-4,-4,-4,-4,-4,-4,996,57,-4,-4,-4,-4,-4,0,0,1,1,2,0,False,False,False,False,1,1,1,0,False,66,14,2,1,1,0,4,-4,-4,8888,-4,-4,-4,False,Unknown,False,False,False,True,True,True
NACC643483,19,10,-4,-4,-4,-4,-4,,-4,-4,-4,-4,-4,-4,-4,270,88,-4,-4,-4,-4,-4,1,1,8,8,8,0,True,True,True,True,8,8,8,8,False,87,20,1,1,1,0,1,-4,-4,1999,-4,-4,-4,True,Unknown,False,True,True,False,True,True
NACC643641,-4,-4,-4,-4,-4,8,8,,-4,-4,8,-4,-4,-4,-4,-4,-4,-4,-4,-4,-4,-4,-4,1,8,8,8,0,True,False,True,True,8,8,-4,-4,False,94,18,2,1,1,0,1,-4,-4,-4,90,-4,-4,True,Unknown,False,False,True,False,False,True
NACC643665,23,14,9,10,30,8,8,,-4,-4,8,20,13,17,13,102,45,14,97,97,22,22,1,0,8,1,1,1,True,True,True,True,0,7,-4,-4,False,70,17,1,1,1,0,3,-4,-4,2017,67,1,1,True,Unknown,True,True,False,False,True,True
NACC643691,10,8,10,10,32,8,8,,-4,-4,8,18,13,12,11,998,46,14,3,1,20,20,-4,0,1,1,1,0,True,False,True,True,0,7,-4,-4,False,77,20,1,1,1,0,4,-4,-4,-4,76,1,1,False,Unknown,True,False,False,True,True,True
NACC643741,13,6,-4,-4,-4,-4,-4,,-4,-4,-4,-4,-4,-4,-4,300,71,-4,-4,-4,-4,-4,0,0,1,1,1,0,False,True,False,False,0,7,0,0,False,76,22,1,1,1,0,4,-4,-4,8888,-4,-4,-4,False,Unknown,False,False,False,True,True,True
NACC643903,12,10,-4,-4,-4,-4,-4,,-4,-4,-4,-4,-4,-4,-4,299,63,-4,-4,-4,-4,-4,1,1,8,1,1,0,True,True,True,True,0,7,0,0,False,87,16,1,1,1,0,3,-4,-4,2007,-4,-4,-4,False,Unknown,False,True,True,False,True,True
NACC644453,5,7,-4,-4,-4,-4,-4,,-4,-4,-4,-4,-4,-4,-4,300,68,-4,-4,-4,-4,-4,0,0,1,1,2,0,False,False,False,False,1,1,0,1,False,76,18,2,1,1,0,4,-4,-4,8888,-4,-4,-4,False,Unknown,False,False,False,True,True,True
NACC644836,13,11,-4,-4,-4,-4,-4,,-4,-4,-4,-4,-4,-4,-4,300,35,-4,-4,-4,-4,-4,1,1,8,1,2,0,True,True,True,True,1,1,0,1,False,85,12,1,1,1,0,3,-4,-4,2007,-4,-4,-4,True,Unknown,False,True,True,False,True,True
NACC645518,24,10,16,14,30,0,8,,-4,-4,8,16,12,12,12,124,36,14,9,1,24,24,0,0,8,1,1,0,True,False,True,True,0,7,-4,-4,False,81,19,1,1,1,0,3,-4,-4,8888,888,0,1,False,A-,True,False,False,False,False,False
NACC645746,9,2,7,11,31,8,8,,-4,-4,8,9,7,6,6,300,100,14,0,1,17,17,-4,0,0,1,2,0,True,False,True,True,1,1,-4,-4,False,87,16,1,1,1,0,4,-4,-4,-4,888,0,1,False,Unknown,True,False,False,False,False,False
NACC645910,0,0,-4,-4,-4,-4,-4,,-4,-4,-4,-4,-4,-4,-4,996,996,-4,-4,-4,-4,-4,0,0,1,1,2,0,True,True,True,True,1,1,1,0,False,86,7,2,1,1,0,4,-4,-4,8888,-4,-4,-4,False,Unknown,False,False,False,True,True,True
NACC646125,96,96,-4,-4,-4,-4,-4,,-4,-4,-4,-4,-4,-4,-4,996,996,-4,-4,-4,-4,-4,0,0,1,1,1,0,True,True,True,True,0,7,0,0,False,82,8,2,1,2,0,4,-4,-4,8888,-4,-4,-4,False,Unknown,False,False,False,True,True,True
NACC646161,16,6,-4,-4,-4,-4,-4,,-4,-4,-4,-4,-4,-4,-4,996,133,-4,-4,-4,-4,-4,1,1,1,1,1,0,True,True,True,True,0,7,0,0,False,83,16,1,1,1,0,4,-4,-4,2010,-4,-4,-4,False,Unknown,False,True,True,True,True,True
NACC646851,12,9,-4,-4,-4,-4,-4,,-4,-4,-4,-4,-4,-4,-4,300,97,-4,-4,-4,-4,-4,9,0,1,1,1,0,False,False,False,True,0,7,0,0,False,70,16,1,1,1,0,4,-4,-4,8888,-4,-4,-4,False,Unknown,False,False,False,True,True,True
NACC646927,11,13,-4,-4,-4,-4,-4,,-4,-4,-4,-4,-4,-4,-4,163,57,-4,-4,-4,-4,-4,1,1,8,1,1,0,True,True,True,True,0,7,0,0,False,77,17,2,1,1,0,3,-4,-4,2012,-4,-4,-4,False,Unknown,False,True,True,False,True,True
NACC647441,9,1,-4,-4,-4,-4,-4,,-4,-4,-4,-4,-4,-4,-4,996,150,-4,-4,-4,-4,-4,0,0,1,1,2,0,True,False,True,True,1,1,1,0,False,79,12,1,1,1,0,4,-4,-4,8888,-4,-4,-4,False,Unknown,False,False,False,True,True,True
NACC647915,10,6,-4,-4,-4,-4,-4,,-4,-4,-4,-4,-4,-4,-4,300,40,-4,-4,-4,-4,-4,1,1,1,1,1,0,True,True,True,True,0,7,0,0,False,74,14,1,1,1,0,4,-4,-4,2003,-4,-4,-4,True,Unknown,False,True,True,True,True,True
NACC647922,97,6,4,5,24,8,8,,-4,-4,8,12,9,6,5,997,997,97,97,97,18,18,9,1,8,1,1,0,True,True,True,True,0,7,-4,-4,False,75,15,1,8,1,0,3,-4,-4,8888,70,1,1,False,Unknown,False,False,True,False,False,True
NACC647997,17,5,-4,-4,-4,-4,-4,,-4,-4,-4,-4,-4,-4,-4,271,58,-4,-4,-4,-4,-4,0,0,1,1,2,0,True,False,True,True,1,1,1,0,False,59,18,2,1,1,0,4,-4,-4,8888,-4,-4,-4,False,Unknown,False,False,False,True,True,True
NACC648273,18,12,13,11,30,8,8,,-4,-4,8,20,16,21,14,119,57,16,12,1,27,27,-4,1,8,8,8,0,True,False,True,True,8,8,-4,-4,False,83,20,1,1,1,0,1,-4,-4,-4,80,0,1,True,Unknown,True,False,True,False,False,True
NACC648475,20,12,15,13,29,8,8,,-4,-4,8,12,8,7,6,95,40,16,95,95,24,25,-4,0,8,1,1,1,True,False,True,True,0,7,-4,-4,False,69,12,1,1,1,0,3,-4,-4,-4,888,0,1,False,Unknown,True,False,False,False,False,False
NACC648797,25,18,-4,-4,-4,-4,-4,,-4,-4,-4,-4,-4,-4,-4,182,27,-4,-4,-4,-4,-4,0,0,8,1,1,0,True,True,True,True,0,7,0,0,False,65,16,1,1,1,0,3,-4,-4,8888,-4,-4,-4,False,Unknown,False,False,False,False,False,False
NACC649575,7,1,4,9,18,8,8,,-4,-4,8,3,0,1,0,996,150,5,3,0,8,8,0,0,0,1,2,0,True,False,True,True,1,1,-4,-4,False,62,13,1,1,1,0,4,-4,-4,8888,888,0,1,False,Unknown,True,False,False,False,False,False
NACC650051,96,96,96,96,96,8,8,,-4,-4,8,96,96,96,96,996,996,96,96,96,88,88,0,0,1,1,1,0,True,True,True,True,1,2,-4,-4,False,72,20,1,1,1,0,4,-4,-4,8888,69,1,1,True,Unknown,False,False,False,True,True,True
NACC650443,-4,-4,-4,-4,-4,8,8,,-4,-4,8,-4,-4,-4,-4,-4,-4,-4,-4,-4,-4,-4,-4,0,1,1,2,0,True,False,True,True,1,1,-4,-4,False,75,20,1,1,1,0,4,-4,-4,-4,75,-4,-4,False,Unknown,False,False,False,True,True,True
NACC651435,22,11,8,5,29,8,8,non-elevated,-4,-4,8,15,11,16,13,79,23,15,12,1,23,23,0,0,8,1,1,1,True,False,True,True,0,7,-4,-4,False,83,20,1,1,5,0,3,-4,-4,8888,888,0,1,False,A-,True,False,False,False,False,False
NACC651562,21,9,16,11,30,8,8,,-4,-4,8,8,8,0,0,159,36,15,3,1,19,19,-4,1,0,0,7,0,True,False,True,True,1,1,-4,-4,False,76,19,1,1,1,0,4,-4,-4,-4,70,1,1,False,Unknown,True,False,True,False,False,True
NACC651573,22,10,20,15,32,8,8,,-4,-4,8,26,17,23,14,92,41,15,9,1,25,25,-4,0,8,1,1,0,True,False,True,True,1,2,-4,-4,False,76,17,1,1,1,0,3,-4,-4,-4,888,0,1,False,Unknown,True,False,False,False,False,False
NACC651951,17,11,14,9,30,0,8,,-4,-4,8,11,7,9,7,72,42,17,12,1,26,26,1,1,8,8,8,0,True,True,True,True,8,8,-4,-4,False,65,15,2,2,1,1,1,-4,-4,2020,62,0,1,True,A-,True,True,True,False,True,True
NACC652146,-4,-4,-4,-4,-4,-4,-4,,-4,-4,-4,-4,-4,-4,-4,-4,-4,-4,-4,-4,-4,-4,0,0,8,1,2,0,True,False,True,True,1,1,0,1,False,84,14,1,1,1,0,2,-4,-4,8888,-4,-4,-4,False,Unknown,False,False,False,False,False,False
NACC652218,23,8,21,18,28,8,8,,-4,-4,8,7,7,0,0,192,39,15,8,1,23,23,-4,0,0,1,2,0,True,False,True,True,1,1,-4,-4,False,81,18,2,1,1,0,4,-4,-4,-4,888,1,1,False,Unknown,True,False,False,False,False,False
NACC652939,16,8,-4,-4,-4,-4,-4,,-4,-4,-4,-4,-4,-4,-4,152,49,-4,-4,-4,-4,-4,1,1,8,1,1,0,True,True,True,True,0,7,0,0,False,71,17,1,1,1,0,3,-4,-4,2002,-4,-4,-4,True,Unknown,False,True,True,False,True,True
NACC653102,3,1,-4,-4,-4,-4,-4,,-4,-4,-4,-4,-4,-4,-4,300,111,-4,-4,-4,-4,-4,0,0,1,1,1,0,False,False,False,False,1,2,1,0,False,86,12,2,1,1,0,4,-4,-4,8888,-4,-4,-4,False,Unknown,False,False,False,True,True,True
NACC653215,13,13,14,14,28,8,8,,-4,-4,8,16,13,5,3,76,31,11,1,0,22,23,-4,0,0,1,2,0,True,False,True,True,1,1,-4,-4,False,68,12,2,1,1,0,4,-4,-4,-4,888,0,1,False,Unknown,True,False,False,False,False,False
NACC653331,96,96,-4,-4,-4,-4,-4,,-4,-4,-4,-4,-4,-4,-4,996,996,-4,-4,-4,-4,-4,0,0,1,1,1,0,False,False,False,False,0,7,0,0,False,61,19,1,1,1,0,4,-4,-4,8888,-4,-4,-4,False,Unknown,False,False,False,True,True,True
NACC653971,18,11,17,15,30,8,8,,-4,-4,8,6,4,5,5,106,54,15,13,1,27,27,-4,0,8,1,2,0,True,False,True,True,1,1,-4,-4,False,77,16,1,1,1,0,3,-4,-4,-4,72,1,1,False,Unknown,True,False,False,False,False,False
NACC653980,12,98,-4,-4,-4,-4,-4,,-4,-4,-4,-4,-4,-4,-4,155,42,-4,-4,-4,-4,-4,0,0,8,1,1,0,True,True,True,True,0,7,0,0,False,78,17,1,2,1,1,3,-4,-4,8888,-4,-4,-4,False,Unknown,False,False,False,False,False,False
NACC654336,2,1,-4,-4,-4,-4,-4,,-4,-4,-4,-4,-4,-4,-4,996,150,-4,-4,-4,-4,-4,0,0,1,1,2,0,False,False,False,True,1,1,1,0,False,80,7,2,1,1,0,4,-4,-4,8888,-4,-4,-4,False,Unknown,False,False,False,True,True,True
NACC654392,10,6,-4,-4,-4,-4,-4,,-4,-4,-4,-4,-4,-4,-4,996,150,-4,-4,-4,-4,-4,0,0,1,1,1,0,False,True,False,True,0,7,0,0,False,83,16,1,1,1,0,4,-4,-4,8888,-4,-4,-4,True,Unknown,False,False,False,True,True,True
NACC654411,21,15,-4,-4,-4,-4,-4,,-4,-4,-4,-4,-4,-4,-4,128,55,-4,-4,-4,-4,-4,0,1,8,1,1,0,True,False,True,True,0,7,0,0,False,73,18,1,1,1,0,3,-4,-4,8888,-4,-4,-4,False,Unknown,False,False,True,False,False,True
NACC654501,5,5,-4,-4,-4,-4,-4,,-4,-4,-4,-4,-4,-4,-4,995,150,-4,-4,-4,-4,-4,1,1,0,1,2,0,True,True,True,True,0,7,0,0,False,81,12,1,1,1,0,4,-4,-4,2010,-4,-4,-4,True,Unknown,False,True,True,False,True,True
NACC654874,6,4,-4,-4,-4,-4,-4,,-4,-4,-4,-4,-4,-4,-4,300,70,-4,-4,-4,-4,-4,0,0,1,1,2,0,False,False,False,False,1,1,1,0,False,82,16,2,1,1,0,4,-4,-4,8888,-4,-4,-4,False,Unknown,False,False,False,True,True,True
NACC655006,10,9,-4,-4,-4,-4,-4,,-4,-4,-4,-4,-4,-4,-4,295,92,-4,-4,-4,-4,-4,9,0,1,1,1,0,False,True,False,False,0,7,0,0,False,72,12,2,1,1,0,4,-4,-4,8888,-4,-4,-4,True,Unknown,False,False,False,True,True,True
NACC655143,8,11,-4,-4,-4,-4,-4,,-4,-4,-4,-4,-4,-4,-4,300,77,-4,-4,-4,-4,-4,0,0,1,1,1,0,False,False,False,True,0,7,0,0,False,54,16,2,1,1,0,4,-4,-4,8888,-4,-4,-4,True,Unknown,False,False,False,True,True,True
NACC655328,17,9,14,14,30,8,8,,-4,-4,8,15,12,8,9,103,37,14,7,1,20,20,1,0,8,1,1,0,True,True,True,True,1,2,-4,-4,True,66,13,1,1,1,0,3,-4,-4,2016,64,1,1,True,Unknown,True,True,False,False,True,True
NACC655336,17,6,-4,-4,-4,-4,-4,,-4,-4,-4,-4,-4,-4,-4,300,134,-4,-4,-4,-4,-4,0,0,1,1,1,0,False,False,False,False,0,7,0,0,False,69,15,1,1,1,0,4,-4,-4,8888,-4,-4,-4,False,Unknown,False,False,False,True,True,True
NACC656042,17,10,-4,-4,-4,-4,-4,,-4,-4,-4,-4,-4,-4,-4,997,149,-4,-4,-4,-4,-4,1,1,0,1,2,0,True,True,True,True,0,7,0,0,False,71,0,1,2,1,1,4,-4,-4,2007,-4,-4,-4,False,Unknown,False,True,True,False,True,True
NACC656102,3,2,-4,-4,-4,-4,-4,,-4,-4,-4,-4,-4,-4,-4,995,995,-4,-4,-4,-4,-4,0,0,1,1,1,0,False,True,False,False,1,2,0,1,False,57,16,2,1,5,0,4,-4,-4,8888,-4,-4,-4,True,Unknown,False,False,False,True,True,True
NACC657544,9,4,-4,-4,-4,-4,-4,,-4,-4,-4,-4,-4,-4,-4,84,34,-4,-4,-4,-4,-4,1,1,1,1,1,0,True,True,True,True,0,7,0,0,False,79,20,1,1,1,0,4,-4,-4,2008,-4,-4,-4,True,Unknown,False,True,True,True,True,True
NACC657938,26,15,19,20,30,8,8,,-4,-4,8,28,18,27,18,75,34,14,11,1,24,25,-4,1,8,1,1,0,True,False,True,True,0,7,-4,-4,False,63,12,2,1,1,0,3,-4,-4,-4,57,1,1,True,Unknown,True,False,True,False,False,True
NACC658342,15,9,11,13,26,1,1,,-4,-4,1,18,14,12,10,107,33,13,8,1,23,23,0,0,8,1,1,0,True,False,True,True,0,7,-4,-4,False,64,16,1,1,1,0,3,-4,-4,8888,61,0,1,False,A+,True,False,False,False,False,False
NACC658504,13,6,-4,-4,-4,-4,-4,,-4,-4,-4,-4,-4,-4,-4,300,64,-4,-4,-4,-4,-4,0,0,1,1,2,0,False,False,False,False,1,1,0,1,False,83,16,1,1,1,0,4,-4,-4,8888,-4,-4,-4,False,Unknown,False,False,False,True,True,True
NACC658637,14,12,19,16,32,8,8,,-4,-4,8,27,20,24,19,90,36,15,7,1,26,26,1,1,8,1,1,1,True,True,True,True,0,7,-4,-4,False,70,19,1,1,1,0,3,-4,-4,2010,63,1,1,True,Unknown,True,True,True,False,True,True
NACC658834,2,3,-4,-4,-4,-4,-4,,-4,-4,-4,-4,-4,-4,-4,995,995,-4,-4,-4,-4,-4,0,0,1,1,1,0,True,True,True,True,1,2,1,0,False,55,12,1,1,1,0,4,-4,-4,8888,-4,-4,-4,False,Unknown,False,False,False,True,True,True
NACC659060,13,10,6,5,31,8,8,,-4,-4,8,9,8,0,0,996,150,9,0,1,12,12,-4,0,1,1,1,0,True,False,True,True,1,2,-4,-4,False,77,16,1,1,1,0,4,-4,-4,-4,77,1,1,False,Unknown,True,False,False,True,True,True
NACC659224,19,17,11,12,31,8,8,,-4,-4,8,24,20,21,19,60,24,14,14,1,30,30,-4,0,8,1,1,1,True,False,True,True,0,7,-4,-4,True,62,20,2,1,1,0,3,-4,-4,-4,62,0,1,False,Unknown,True,False,False,False,False,False
NACC659438,18,16,11,14,31,8,8,,-4,-4,8,17,19,15,9,80,40,15,8,0,29,29,0,0,8,1,1,0,True,False,True,True,0,7,-4,-4,False,68,20,1,1,1,0,3,-4,-4,8888,67,0,0,True,Unknown,True,False,False,False,False,False
NACC660167,19,10,8,7,31,8,8,,-4,-4,8,18,9,12,7,115,61,17,15,1,28,29,1,1,8,1,1,0,True,True,True,True,0,7,-4,-4,False,74,12,1,1,1,0,3,-4,-4,2015,70,1,1,False,Unknown,True,True,True,False,True,True
NACC660429,5,2,-4,-4,-4,-4,-4,,-4,-4,-4,-4,-4,-4,-4,300,98,-4,-4,-4,-4,-4,9,0,1,1,1,0,True,True,True,True,0,7,0,0,False,55,18,1,1,1,0,4,-4,-4,8888,-4,-4,-4,False,Unknown,False,False,False,True,True,True
NACC660663,26,11,-4,-4,-4,-4,-4,,-4,-4,-4,-4,-4,-4,-4,124,33,-4,-4,-4,-4,-4,0,1,8,1,1,0,True,True,True,True,0,7,0,0,False,75,18,1,1,2,0,3,-4,-4,8888,-4,-4,-4,False,Unknown,False,False,True,False,False,True
NACC661388,21,14,-4,-4,-4,-4,-4,,-4,-4,-4,-4,-4,-4,-4,103,38,-4,-4,-4,-4,-4,1,1,8,8,8,0,True,True,True,True,8,8,8,8,False,76,14,1,1,1,0,1,-4,-4,2004,-4,-4,-4,True,Unknown,False,True,True,False,True,True
NACC662301,14,11,-4,-4,-4,-4,-4,,-4,-4,-4,-4,-4,-4,-4,102,55,-4,-4,-4,-4,-4,1,1,8,1,1,0,True,True,True,True,0,7,0,0,False,70,16,1,1,1,0,3,-4,-4,2006,-4,-4,-4,True,Unknown,False,True,True,False,True,True
NACC662315,96,96,96,96,96,8,8,,-4,-4,8,96,96,96,96,996,996,96,96,96,88,88,-4,1,0,1,3,0,True,False,True,True,0,7,-4,-4,False,86,14,2,1,1,0,4,-4,-4,-4,84,1,1,False,Unknown,False,False,True,False,False,True
NACC662405,8,4,-4,-4,-4,-4,-4,,-4,-4,-4,-4,-4,-4,-4,300,90,-4,-4,-4,-4,-4,0,0,1,1,1,0,True,False,True,True,0,7,0,0,False,85,13,2,1,1,0,4,-4,-4,8888,-4,-4,-4,False,Unknown,False,False,False,True,True,True
NACC662663,13,6,-4,-4,-4,-4,-4,,-4,-4,-4,-4,-4,-4,-4,996,996,-4,-4,-4,-4,-4,0,0,1,1,2,0,True,False,True,True,1,1,0,1,False,84,18,2,1,1,0,4,-4,-4,8888,-4,-4,-4,False,Unknown,False,False,False,True,True,True
NACC662919,14,9,-4,-4,-4,-4,-4,,-4,-4,-4,-4,-4,-4,-4,153,39,-4,-4,-4,-4,-4,0,0,1,1,1,0,False,False,False,False,1,2,0,1,False,75,20,1,1,1,0,4,-4,-4,8888,-4,-4,-4,False,Unknown,False,False,False,True,True,True
NACC663299,27,97,-4,-4,-4,-4,-4,,-4,-4,-4,-4,-4,-4,-4,81,40,-4,-4,-4,-4,-4,1,1,8,1,1,0,True,True,True,True,0,7,0,0,False,68,12,2,1,1,0,3,-4,-4,2003,-4,-4,-4,True,Unknown,False,True,True,False,True,True
NACC663693,97,97,97,97,97,8,8,,-4,-4,8,97,97,97,97,997,997,97,97,97,21,21,-4,1,8,8,8,0,True,False,True,True,8,8,-4,-4,False,89,20,1,1,1,0,1,-4,-4,-4,87,1,1,True,Unknown,False,False,True,False,False,True
NACC663760,10,7,-4,-4,-4,-4,-4,,-4,-4,-4,-4,-4,-4,-4,105,43,-4,-4,-4,-4,-4,0,0,1,1,2,0,False,False,False,False,1,1,1,0,False,80,12,2,1,1,0,4,-4,-4,8888,-4,-4,-4,False,Unknown,False,False,False,True,True,True
NACC663877,7,6,20,19,23,8,8,,-4,-4,8,1,1,3,1,300,39,15,0,1,24,24,-4,1,0,1,2,0,True,False,True,True,1,1,-4,-4,False,83,20,2,1,1,0,4,-4,-4,-4,80,0,1,False,Unknown,True,False,True,False,False,True
NACC663905,20,8,-4,-4,-4,-4,-4,,-4,-4,-4,-4,-4,-4,-4,300,84,-4,-4,-4,-4,-4,0,0,1,1,2,0,True,False,True,True,1,1,0,1,False,64,20,2,1,1,0,4,-4,-4,8888,-4,-4,-4,False,Unknown,False,False,False,True,True,True
NACC664012,3,1,-4,-4,-4,-4,-4,,-4,-4,-4,-4,-4,-4,-4,300,150,-4,-4,-4,-4,-4,0,0,1,1,1,0,True,True,True,True,0,7,0,0,False,84,18,1,1,1,0,4,-4,-4,8888,-4,-4,-4,False,Unknown,False,False,False,True,True,True
NACC664086,7,5,-4,-4,-4,-4,-4,,-4,-4,-4,-4,-4,-4,-4,996,95,-4,-4,-4,-4,-4,0,0,1,1,1,0,False,True,False,False,0,7,0,0,False,73,12,1,1,1,0,4,-4,-4,8888,-4,-4,-4,True,Unknown,False,False,False,True,True,True
NACC664189,14,15,-4,-4,-4,-4,-4,,-4,-4,-4,-4,-4,-4,-4,66,26,-4,-4,-4,-4,-4,0,1,8,1,1,0,True,True,True,True,0,7,0,0,False,67,18,1,1,1,0,3,-4,-4,8888,-4,-4,-4,True,Unknown,False,False,True,False,False,True
NACC664517,23,8,25,13,27,8,8,,-4,-4,8,24,16,22,15,300,96,15,97,97,19,19,1,0,8,1,1,1,True,True,True,True,0,7,-4,-4,False,73,16,1,1,1,0,3,-4,-4,2019,71,1,1,True,Unknown,True,True,False,False,True,True
NACC664622,2,2,-4,-4,-4,-4,-4,,-4,-4,-4,-4,-4,-4,-4,996,150,-4,-4,-4,-4,-4,0,0,1,1,2,0,True,True,True,True,1,1,1,0,False,81,16,1,1,1,0,4,-4,-4,8888,-4,-4,-4,False,Unknown,False,False,False,True,True,True
NACC665205,8,6,-4,-4,-4,-4,-4,,-4,-4,-4,-4,-4,-4,-4,996,150,-4,-4,-4,-4,-4,0,0,1,1,2,0,False,False,False,False,1,1,0,1,False,87,14,2,1,50,1,4,-4,-4,8888,-4,-4,-4,False,Unknown,False,False,False,True,True,True
NACC665493,97,97,-4,-4,-4,-4,-4,,-4,-4,-4,-4,-4,-4,-4,997,997,-4,-4,-4,-4,-4,0,0,1,1,2,0,True,False,True,True,1,1,0,1,False,78,7,1,1,3,0,4,-4,-4,8888,-4,-4,-4,False,Unknown,False,False,False,True,True,True
NACC666002,5,4,7,4,22,8,8,,-4,-4,8,16,8,8,5,997,150,13,7,1,15,15,1,1,1,1,1,1,True,True,True,True,0,7,-4,-4,False,73,16,1,1,3,0,4,-4,-4,2012,62,1,1,True,Unknown,True,True,True,True,True,True
NACC666062,10,2,-4,-4,-4,-4,-4,,-4,-4,-4,-4,-4,-4,-4,997,64,-4,-4,-4,-4,-4,0,0,1,1,1,0,False,True,False,False,0,7,0,0,False,59,12,1,1,1,0,4,-4,-4,8888,-4,-4,-4,False,Unknown,False,False,False,True,True,True
NACC666774,24,20,-4,-4,-4,-4,-4,,-4,-4,-4,-4,-4,-4,-4,134,30,-4,-4,-4,-4,-4,0,0,1,1,2,0,False,False,False,False,1,1,1,0,False,68,16,2,1,1,0,4,-4,-4,8888,-4,-4,-4,False,Unknown,False,False,False,True,True,True
NACC666849,11,6,-4,-4,-4,-4,-4,,-4,-4,-4,-4,-4,-4,-4,300,150,-4,-4,-4,-4,-4,1,1,1,1,1,0,True,True,True,True,1,2,0,1,False,82,12,1,1,2,0,4,-4,-4,2009,-4,-4,-4,True,Unknown,False,True,True,True,True,True
NACC667301,16,11,-4,-4,-4,-4,-4,,-4,-4,-4,-4,-4,-4,-4,53,24,-4,-4,-4,-4,-4,1,1,8,8,8,0,True,True,True,True,8,8,8,8,False,72,20,1,1,1,0,1,-4,-4,2001,-4,-4,-4,True,Unknown,False,True,True,False,True,True
NACC667323,10,14,-4,-4,-4,-4,-4,,-4,-4,-4,-4,-4,-4,-4,217,46,-4,-4,-4,-4,-4,1,1,8,1,1,0,True,True,True,True,0,7,0,0,False,70,12,1,1,1,0,3,-4,-4,2002,-4,-4,-4,True,Unknown,False,True,True,False,True,True
NACC667731,18,11,-4,-4,-4,-4,-4,,-4,-4,-4,-4,-4,-4,-4,184,38,-4,-4,-4,-4,-4,1,1,8,1,1,0,True,True,True,True,0,7,0,0,False,57,16,1,1,1,0,3,-4,-4,2001,-4,-4,-4,True,Unknown,False,True,True,False,True,True
NACC667985,12,5,-4,-4,-4,-4,-4,,-4,-4,-4,-4,-4,-4,-4,300,120,-4,-4,-4,-4,-4,0,0,1,1,2,0,True,False,True,True,1,1,0,1,False,59,12,1,1,1,0,4,-4,-4,8888,-4,-4,-4,False,Unknown,False,False,False,True,True,True
NACC668059,17,7,12,10,28,8,8,,-4,-4,8,9,7,10,8,300,42,12,8,1,20,21,0,0,1,1,1,1,True,False,True,True,0,7,-4,-4,True,59,12,1,1,1,0,4,-4,-4,8888,57,1,1,False,Unknown,True,False,False,True,True,True
NACC668422,96,96,-4,-4,-4,-4,-4,,-4,-4,-4,-4,-4,-4,-4,996,996,-4,-4,-4,-4,-4,0,0,1,1,1,0,False,True,False,False,0,7,0,0,False,89,10,1,1,1,0,4,-4,-4,8888,-4,-4,-4,False,Unknown,False,False,False,True,True,True
NACC668616,-4,-4,-4,-4,-4,-4,-4,,-4,-4,-4,-4,-4,-4,-4,-4,-4,-4,-4,-4,-4,-4,1,1,8,1,1,0,True,True,True,True,0,7,0,0,False,53,14,1,1,1,0,3,-4,-4,2009,-4,-4,-4,True,Unknown,False,True,True,False,True,True
NACC668666,10,6,0,4,31,8,0,,-4,-4,8,7,9,4,4,996,996,12,5,0,12,12,0,0,1,1,1,1,True,False,True,True,0,7,-4,-4,False,58,18,1,1,1,0,4,-4,-4,8888,57,1,1,False,A-,True,False,False,True,True,True
NACC668860,17,10,3,3,27,8,8,,-4,-4,8,8,6,9,8,300,87,11,8,1,19,19,0,0,1,1,1,0,True,True,True,True,0,7,-4,-4,False,70,20,1,1,1,0,4,-4,-4,8888,67,1,1,False,Unknown,True,False,False,True,True,True
NACC669079,6,3,-4,-4,-4,-4,-4,,-4,-4,-4,-4,-4,-4,-4,996,150,-4,-4,-4,-4,-4,0,0,1,1,1,0,False,False,False,True,0,7,0,0,False,79,6,1,2,1,1,4,-4,-4,8888,-4,-4,-4,False,Unknown,False,False,False,True,True,True
NACC669143,96,96,-4,-4,-4,-4,-4,,-4,-4,-4,-4,-4,-4,-4,996,996,-4,-4,-4,-4,-4,0,0,1,1,1,0,True,True,True,True,1,2,0,1,False,87,20,1,1,1,0,4,-4,-4,8888,-4,-4,-4,False,Unknown,False,False,False,True,True,True
NACC669231,13,9,5,6,23,8,8,,-4,-4,8,15,10,15,11,253,93,12,3,0,11,12,-4,0,8,1,2,0,True,False,True,True,1,1,-4,-4,False,86,12,2,1,3,0,3,-4,-4,-4,82,8,1,False,Unknown,True,False,False,False,False,False
NACC669235,14,10,-4,-4,-4,-4,-4,,-4,-4,-4,-4,-4,-4,-4,187,59,-4,-4,-4,-4,-4,0,1,8,1,2,0,True,False,True,True,1,1,0,1,False,79,20,1,1,1,0,3,-4,-4,8888,-4,-4,-4,False,Unknown,False,False,True,False,False,True
NACC669453,5,4,-4,-4,-4,-4,-4,,-4,-4,-4,-4,-4,-4,-4,996,150,-4,-4,-4,-4,-4,0,0,1,1,1,0,True,False,True,True,0,7,0,0,False,83,11,1,1,1,0,4,-4,-4,8888,-4,-4,-4,False,Unknown,False,False,False,True,True,True
NACC669525,24,11,15,15,31,8,8,,-4,-4,8,4,3,0,0,105,43,13,2,1,24,24,0,0,0,1,1,0,True,False,True,True,0,7,-4,-4,True,64,20,1,1,1,0,4,-4,-4,8888,59,0,1,False,Unknown,True,False,False,False,False,False
NACC670091,9,2,-4,-4,-4,-4,-4,,-4,-4,-4,-4,-4,-4,-4,996,74,-4,-4,-4,-4,-4,0,0,1,1,2,0,False,False,False,False,1,1,1,0,False,53,12,1,1,1,0,4,-4,-4,8888,-4,-4,-4,False,Unknown,False,False,False,True,True,True
NACC670539,5,4,-4,-4,-4,-4,-4,,-4,-4,-4,-4,-4,-4,-4,996,996,-4,-4,-4,-4,-4,0,0,1,1,2,0,False,False,False,False,1,1,0,1,False,86,13,2,1,1,0,4,-4,-4,8888,-4,-4,-4,False,Unknown,False,False,False,True,True,True
NACC670628,11,9,4,5,29,8,8,,-4,-4,8,13,10,16,9,163,63,14,6,0,20,21,1,1,8,1,1,1,True,True,True,True,0,7,-4,-4,False,56,12,2,1,1,0,3,-4,-4,2024,888,0,1,False,Unknown,True,True,True,False,True,True
NACC671150,17,12,-4,-4,-4,-4,-4,,-4,-4,-4,-4,-4,-4,-4,134,24,-4,-4,-4,-4,-4,0,0,8,1,2,0,True,False,True,True,1,1,1,0,False,77,11,2,1,1,0,3,-4,-4,8888,-4,-4,-4,False,Unknown,False,False,False,False,False,False
NACC671416,16,11,-4,-4,-4,-4,-4,,-4,-4,-4,-4,-4,-4,-4,178,31,-4,-4,-4,-4,-4,0,0,1,1,1,0,True,True,True,True,0,7,0,0,False,64,18,2,1,1,0,4,-4,-4,8888,-4,-4,-4,False,Unknown,False,False,False,True,True,True
NACC671832,21,17,16,15,32,8,8,,-4,-4,8,20,15,24,17,44,28,16,14,1,27,27,9,1,8,1,1,0,True,False,True,True,0,7,-4,-4,False,61,16,1,1,1,0,2,-4,-4,8888,57,1,1,True,Unknown,True,False,True,False,False,True
NACC671938,27,16,13,12,29,8,8,,-4,-4,8,12,9,11,10,62,35,14,12,1,27,27,-4,0,8,1,1,0,True,False,True,True,0,7,-4,-4,False,65,18,1,1,1,0,3,-4,-4,-4,888,0,1,False,Unknown,True,False,False,False,False,False
NACC672341,18,6,2,8,28,8,8,,-4,-4,8,16,14,0,0,115,40,15,1,1,19,19,0,1,1,1,1,0,True,True,True,True,1,2,-4,-4,False,78,16,1,1,1,0,4,-4,-4,8888,75,0,1,False,Unknown,True,False,True,True,True,True
NACC672406,15,11,17,19,32,8,8,,-4,-4,8,33,20,24,17,67,34,16,8,1,25,25,1,1,8,1,1,0,True,True,True,True,0,7,-4,-4,False,72,18,1,1,1,0,3,-4,-4,2015,72,0,1,False,Unknown,True,True,True,False,True,True
NACC672676,12,5,8,1,25,1,1,,-4,-4,1,8,8,6,7,996,150,0,0,1,8,8,-4,0,1,1,2,0,False,False,False,False,1,1,-4,-4,False,62,14,1,1,1,0,4,-4,-4,-4,888,0,0,False,A+,True,False,False,True,True,True
NACC673467,97,97,97,97,97,1,8,,-4,-4,8,97,97,97,97,997,997,97,97,97,88,88,0,1,0,0,7,0,True,False,True,True,1,1,-4,-4,False,76,18,1,1,1,0,4,-4,-4,8888,68,1,1,False,A+,False,False,True,False,False,True
NACC673835,-4,-4,-4,-4,-4,8,8,,-4,-4,8,-4,-4,-4,-4,-4,-4,-4,-4,-4,-4,-4,-4,0,1,1,1,0,False,False,False,False,0,7,-4,-4,False,67,16,1,1,1,0,4,-4,-4,-4,888,-4,-4,False,Unknown,False,False,False,True,True,True
NACC673970,7,6,-4,-4,-4,-4,-4,,-4,-4,-4,-4,-4,-4,-4,68,48,-4,-4,-4,-4,-4,0,0,8,1,1,0,True,True,True,True,0,7,0,0,False,70,20,1,1,1,0,3,-4,-4,8888,-4,-4,-4,False,Unknown,False,False,False,False,False,False
NACC674344,19,13,-4,-4,-4,-4,-4,,-4,-4,-4,-4,-4,-4,-4,61,28,-4,-4,-4,-4,-4,1,1,8,8,8,0,True,True,True,True,8,8,8,8,False,76,14,2,1,1,0,1,-4,-4,2005,-4,-4,-4,True,Unknown,False,True,True,False,True,True
NACC674585,17,11,-4,-4,-4,-4,-4,,-4,-4,-4,-4,-4,-4,-4,996,139,-4,-4,-4,-4,-4,0,0,1,1,2,0,True,True,True,True,1,1,0,1,False,82,8,2,1,2,0,4,-4,-4,8888,-4,-4,-4,True,Unknown,False,False,False,True,True,True
NACC675350,4,2,-4,-4,-4,-4,-4,,-4,-4,-4,-4,-4,-4,-4,996,47,-4,-4,-4,-4,-4,0,0,1,1,2,0,False,False,False,False,1,1,1,0,False,82,12,1,1,1,0,4,-4,-4,8888,-4,-4,-4,False,Unknown,False,False,False,True,True,True
NACC675562,12,7,-4,-4,-4,-4,-4,,-4,-4,-4,-4,-4,-4,-4,300,66,-4,-4,-4,-4,-4,1,1,8,1,1,0,True,True,True,True,0,7,0,0,False,77,7,1,8,1,0,3,-4,-4,9999,-4,-4,-4,True,Unknown,False,True,True,False,True,True
NACC675751,27,18,-4,-4,-4,-4,-4,,-4,-4,-4,-4,-4,-4,-4,56,15,-4,-4,-4,-4,-4,1,1,8,8,8,0,True,True,True,True,8,8,8,8,False,67,16,2,1,1,0,1,-4,-4,2011,-4,-4,-4,True,Unknown,False,True,True,False,True,True
NACC675992,96,96,96,96,96,8,8,,-4,-4,8,96,96,96,96,996,996,96,96,96,88,88,-4,1,0,1,2,0,True,False,True,True,1,1,-4,-4,False,74,18,1,1,1,0,4,-4,-4,-4,74,0,1,False,Unknown,False,False,True,False,False,True
NACC676561,5,6,-4,-4,-4,-4,-4,,-4,-4,-4,-4,-4,-4,-4,996,150,-4,-4,-4,-4,-4,0,0,1,1,2,0,False,True,False,False,1,1,1,0,False,90,12,2,1,1,0,4,-4,-4,8888,-4,-4,-4,True,Unknown,False,False,False,True,True,True
NACC676717,13,10,-4,-4,-4,-4,-4,,-4,-4,-4,-4,-4,-4,-4,300,86,-4,-4,-4,-4,-4,0,0,1,1,1,0,False,True,False,True,1,2,0,1,False,66,12,1,1,1,0,4,-4,-4,8888,-4,-4,-4,False,Unknown,False,False,False,True,True,True
NACC676983,97,97,97,97,97,-4,-4,,-4,-4,-4,97,97,97,97,997,997,97,97,97,88,88,0,-4,8,1,1,0,False,False,False,False,0,8,-4,-4,False,85,20,1,1,-4,0,4,-4,888,-4,-4,-4,0,False,Unknown,False,False,False,False,False,False
NACC677510,12,10,-4,-4,-4,-4,-4,,-4,-4,-4,-4,-4,-4,-4,300,59,-4,-4,-4,-4,-4,0,1,8,1,1,0,True,True,True,True,1,2,0,1,False,89,16,2,1,1,0,3,-4,-4,8888,-4,-4,-4,False,Unknown,False,False,True,False,False,True
NACC678188,21,18,-4,-4,-4,-4,-4,,-4,-4,-4,-4,-4,-4,-4,74,27,-4,-4,-4,-4,-4,1,1,8,8,8,0,True,True,True,True,8,8,8,8,False,61,16,1,1,1,0,1,-4,-4,2010,-4,-4,-4,False,Unknown,False,True,True,False,True,True
NACC678431,18,14,-4,-4,-4,-4,-4,,-4,-4,-4,-4,-4,-4,-4,144,29,-4,-4,-4,-4,-4,1,1,8,1,1,0,True,True,True,True,0,7,0,0,False,72,14,2,1,1,0,3,-4,-4,9999,-4,-4,-4,False,Unknown,False,True,True,False,True,True
NACC678523,4,2,-4,-4,-4,-4,-4,,-4,-4,-4,-4,-4,-4,-4,996,99,-4,-4,-4,-4,-4,0,0,1,1,1,0,False,False,False,True,0,7,0,0,False,68,20,1,1,1,0,4,-4,-4,8888,-4,-4,-4,False,Unknown,False,False,False,True,True,True
NACC678775,17,9,-4,-4,-4,-4,-4,,-4,-4,-4,-4,-4,-4,-4,73,41,-4,-4,-4,-4,-4,9,1,8,1,1,0,True,False,True,True,0,7,0,0,False,76,20,1,1,1,0,3,-4,-4,8888,-4,-4,-4,False,Unknown,False,False,True,False,False,True
NACC679251,20,15,13,15,30,8,8,,-4,-4,8,24,17,19,15,44,27,17,9,0,27,27,-4,0,8,1,2,0,True,False,True,True,1,1,-4,-4,False,66,16,2,1,2,0,3,-4,-4,-4,66,0,1,False,Unknown,True,False,False,False,False,False
NACC679424,21,11,-4,-4,-4,-4,-4,,-4,-4,-4,-4,-4,-4,-4,172,61,-4,-4,-4,-4,-4,1,1,8,1,1,0,True,True,True,True,0,7,0,0,False,64,13,1,1,1,0,3,-4,-4,2004,-4,-4,-4,True,Unknown,False,True,True,False,True,True
NACC679843,16,6,18,8,26,1,8,,-4,-4,8,0,0,0,0,175,55,17,0,0,15,15,-4,1,0,0,7,0,True,False,True,True,1,1,-4,-4,False,79,18,1,1,1,0,4,-4,-4,-4,78,1,1,False,A+,True,False,True,False,False,True
NACC680170,12,6,14,8,29,8,1,,-4,-4,8,2,2,1,2,996,38,14,9,1,20,20,0,0,1,1,1,1,False,False,False,False,0,7,-4,-4,True,63,16,1,1,1,0,4,-4,-4,8888,888,0,0,False,A+,True,False,False,True,True,True
NACC680583,-4,-4,-4,-4,-4,-4,-4,,-4,-4,-4,-4,-4,-4,-4,-4,-4,-4,-4,-4,-4,-4,0,0,1,1,2,0,False,True,False,True,1,1,0,1,False,82,20,1,1,1,0,4,-4,-4,8888,-4,-4,-4,True,Unknown,False,False,False,True,True,True
NACC681769,22,15,-4,-4,-4,-4,-4,,-4,-4,-4,-4,-4,-4,-4,80,23,-4,-4,-4,-4,-4,1,1,8,1,1,0,True,True,True,True,0,7,0,0,False,53,24,2,1,1,0,3,-4,-4,2012,-4,-4,-4,True,Unknown,False,True,True,False,True,True
NACC681783,21,12,17,7,30,8,8,,-4,-4,8,10,8,6,4,87,17,16,9,1,28,28,-4,0,8,1,1,0,True,False,True,True,0,7,-4,-4,False,67,16,1,1,5,0,3,-4,-4,-4,65,1,1,False,Unknown,True,False,False,False,False,False
NACC682253,15,11,7,5,30,8,8,,-4,-4,8,10,11,10,11,281,77,17,13,1,25,25,-4,0,0,1,2,0,True,False,True,True,0,7,-4,-4,False,66,13,1,1,1,0,4,-4,-4,-4,60,0,0,False,Unknown,True,False,False,False,False,False
NACC682539,9,3,-4,-4,-4,-4,-4,,-4,-4,-4,-4,-4,-4,-4,995,995,-4,-4,-4,-4,-4,1,1,8,1,2,0,True,True,True,True,1,1,0,1,False,96,14,1,1,1,0,3,-4,-4,9999,-4,-4,-4,True,Unknown,False,True,True,False,True,True
NACC682658,25,16,8,16,31,8,8,,-4,-4,8,21,15,20,14,146,74,14,13,1,27,27,-4,1,8,1,1,0,True,False,True,True,0,7,-4,-4,False,78,16,1,1,1,0,3,-4,-4,-4,76,0,1,False,Unknown,True,False,True,False,False,True
NACC682763,14,6,16,16,31,1,-4,,-4,1,-4,7,7,0,0,79,38,17,0,0,24,24,1,-4,8,1,1,0,True,True,True,True,1,2,-4,-4,False,75,21,2,1,-4,0,3,17,70,-4,-4,-4,1,True,A+,True,True,False,False,True,True
NACC682798,13,6,8,8,32,0,8,,-4,-4,8,20,17,12,11,223,41,15,8,1,21,22,1,1,8,1,1,1,True,True,True,True,0,7,-4,-4,True,77,12,1,1,1,0,3,-4,-4,2021,75,1,1,True,A-,True,True,True,False,True,True
NACC683342,26,10,13,14,31,8,8,,-4,-4,8,19,14,18,14,66,20,14,11,1,20,21,1,1,8,8,8,1,True,True,True,True,8,8,-4,-4,False,74,12,2,1,1,0,1,-4,-4,2014,65,0,1,True,Unknown,True,True,True,False,True,True
NACC683566,12,6,10,7,29,8,0,,-4,-4,8,30,21,32,21,130,34,13,7,1,27,27,-4,1,8,1,1,0,True,False,True,True,0,7,-4,-4,False,74,16,2,1,1,0,3,-4,-4,-4,72,0,1,True,A-,True,False,True,False,False,True
NACC683603,15,5,11,8,30,8,8,,-4,-4,8,15,13,9,9,93,49,13,9,1,24,24,-4,0,8,1,1,1,True,False,True,True,0,7,-4,-4,False,70,16,1,1,1,0,3,-4,-4,-4,63,8,1,False,Unknown,True,False,False,False,False,False
NACC683890,12,6,-4,-4,-4,-4,-4,,-4,-4,-4,-4,-4,-4,-4,996,137,-4,-4,-4,-4,-4,0,0,1,1,1,0,False,True,False,True,0,7,0,0,False,72,20,1,1,1,0,4,-4,-4,8888,-4,-4,-4,False,Unknown,False,False,False,True,True,True
NACC684006,8,7,-4,-4,-4,-4,-4,,-4,-4,-4,-4,-4,-4,-4,300,76,-4,-4,-4,-4,-4,0,0,1,1,1,0,False,True,False,True,0,7,0,0,False,73,18,1,1,1,0,4,-4,-4,8888,-4,-4,-4,True,Unknown,False,False,False,True,True,True
NACC684515,5,3,-4,-4,-4,-4,-4,,-4,-4,-4,-4,-4,-4,-4,996,150,-4,-4,-4,-4,-4,0,0,1,1,1,0,False,True,False,False,0,7,0,0,False,77,15,1,1,1,0,4,-4,-4,8888,-4,-4,-4,False,Unknown,False,False,False,True,True,True
NACC685047,6,4,-4,-4,-4,-4,-4,,-4,-4,-4,-4,-4,-4,-4,997,997,-4,-4,-4,-4,-4,0,0,1,1,2,0,False,False,False,False,1,1,1,0,False,63,16,1,1,1,0,4,-4,-4,8888,-4,-4,-4,False,Unknown,False,False,False,True,True,True
NACC685608,13,4,11,5,31,8,8,,-4,-4,8,20,19,25,18,224,65,16,7,1,21,21,1,1,8,1,1,0,True,True,True,True,0,7,-4,-4,True,84,20,1,1,1,0,3,-4,-4,2024,83,1,1,True,Unknown,True,True,True,False,True,True
NACC685818,18,8,7,5,30,8,8,,-4,-4,8,6,6,4,4,197,76,15,8,1,21,21,0,0,1,1,1,1,True,False,True,True,0,7,-4,-4,False,87,18,1,1,1,0,4,-4,-4,8888,84,1,1,True,Unknown,True,False,False,True,True,True
NACC685920,97,97,-4,-4,-4,-4,-4,,-4,-4,-4,-4,-4,-4,-4,997,997,-4,-4,-4,-4,-4,0,0,1,1,2,0,True,False,True,True,1,1,1,0,False,81,6,1,3,5,0,4,-4,-4,8888,-4,-4,-4,False,Unknown,False,False,False,True,True,True
NACC685977,22,18,19,18,30,8,8,,-4,-4,8,24,18,27,17,95,37,17,12,1,26,26,1,1,8,8,8,0,True,True,True,True,8,8,-4,-4,False,71,15,1,1,1,1,1,-4,-4,2022,57,0,1,True,Unknown,True,True,True,False,True,True
NACC686864,9,7,-4,-4,-4,-4,-4,,-4,-4,-4,-4,-4,-4,-4,996,98,-4,-4,-4,-4,-4,1,1,1,1,1,0,False,True,False,False,0,7,0,0,False,83,12,2,1,1,0,4,-4,-4,2003,-4,-4,-4,True,Unknown,False,True,True,True,True,True
NACC686914,16,10,10,12,26,8,8,,-4,-4,8,11,10,8,7,300,49,16,6,1,17,18,-4,0,8,1,1,0,True,False,True,True,0,7,-4,-4,False,77,12,2,2,99,1,3,-4,-4,-4,76,1,1,False,Unknown,True,False,False,False,False,False
NACC687241,-4,-4,-4,-4,-4,-4,-4,,-4,-4,-4,-4,-4,-4,-4,-4,-4,-4,-4,-4,-4,-4,1,1,8,1,1,0,True,True,True,True,0,7,0,0,False,69,16,1,1,1,0,3,-4,-4,2009,-4,-4,-4,True,Unknown,False,True,True,False,True,True
NACC687319,8,2,-4,-4,-4,-4,-4,,-4,-4,-4,-4,-4,-4,-4,300,67,-4,-4,-4,-4,-4,0,1,0,1,2,0,True,True,True,True,1,1,1,0,False,80,16,1,1,1,0,4,-4,-4,8888,-4,-4,-4,False,Unknown,False,False,True,False,False,True
NACC687545,14,10,-4,-4,-4,-4,-4,,-4,-4,-4,-4,-4,-4,-4,187,41,-4,-4,-4,-4,-4,1,1,8,1,1,0,True,True,True,True,0,7,0,0,False,81,16,2,1,1,0,3,-4,-4,9999,-4,-4,-4,True,Unknown,False,True,True,False,True,True
NACC688409,25,12,-4,-4,-4,-4,-4,,-4,-4,-4,-4,-4,-4,-4,70,30,-4,-4,-4,-4,-4,1,1,8,8,8,1,True,True,True,True,8,8,8,8,False,64,16,2,1,1,0,1,-4,-4,2008,-4,-4,-4,True,Unknown,False,True,True,False,True,True
NACC688471,6,7,-4,-4,-4,-4,-4,,-4,-4,-4,-4,-4,-4,-4,300,150,-4,-4,-4,-4,-4,0,0,1,1,1,0,False,True,False,False,0,7,0,0,False,79,8,1,1,2,0,4,-4,-4,8888,-4,-4,-4,False,Unknown,False,False,False,True,True,True
NACC688585,15,13,17,16,32,8,8,,-4,-4,8,21,19,21,19,76,26,10,7,1,28,28,-4,0,8,1,1,1,True,False,True,True,0,7,-4,-4,True,80,20,1,1,1,0,3,-4,-4,-4,80,0,1,False,Unknown,True,False,False,False,False,False
NACC689042,-4,-4,-4,-4,-4,8,8,,-4,-4,8,-4,-4,-4,-4,-4,-4,-4,-4,-4,-4,-4,-4,1,1,1,2,0,True,False,True,True,1,1,-4,-4,False,86,16,2,1,1,0,4,-4,-4,-4,78,-4,-4,False,Unknown,False,False,True,True,True,True
NACC689310,9,5,5,3,23,8,8,,-4,-4,8,15,12,2,2,996,150,4,1,0,7,8,-4,0,1,1,2,0,True,False,True,True,1,1,-4,-4,False,66,12,1,1,2,0,4,-4,-4,-4,65,0,1,False,Unknown,True,False,False,True,True,True
NACC689672,6,5,-4,-4,-4,-4,-4,,-4,-4,-4,-4,-4,-4,-4,996,996,-4,-4,-4,-4,-4,0,0,1,1,2,0,False,False,False,False,1,1,1,0,False,69,18,1,1,1,0,4,-4,-4,8888,-4,-4,-4,False,Unknown,False,False,False,True,True,True
NACC689697,96,96,-4,-4,-4,-4,-4,,-4,-4,-4,-4,-4,-4,-4,996,996,-4,-4,-4,-4,-4,0,0,1,1,2,0,False,False,False,False,0,7,0,0,False,83,14,1,1,1,0,4,-4,-4,8888,-4,-4,-4,False,Unknown,False,False,False,True,True,True
NACC689728,17,6,-4,-4,-4,-4,-4,,-4,-4,-4,-4,-4,-4,-4,255,92,-4,-4,-4,-4,-4,0,0,1,1,1,0,True,False,True,True,0,7,0,0,False,81,12,1,1,1,0,4,-4,-4,8888,-4,-4,-4,False,Unknown,False,False,False,True,True,True
NACC690834,9,7,-4,-4,-4,-4,-4,,-4,-4,-4,-4,-4,-4,-4,300,103,-4,-4,-4,-4,-4,0,0,1,1,1,0,True,False,True,True,0,7,0,0,False,83,6,1,1,1,0,4,-4,-4,8888,-4,-4,-4,False,Unknown,False,False,False,True,True,True
NACC691591,8,3,2,1,17,8,8,,-4,-4,8,21,14,9,7,996,146,2,0,0,14,15,0,0,1,1,1,0,True,False,True,True,0,7,-4,-4,False,71,12,1,1,1,0,4,-4,-4,8888,69,0,1,False,Unknown,True,False,False,True,True,True
NACC692280,17,9,-4,-4,-4,-4,-4,,-4,-4,-4,-4,-4,-4,-4,300,108,-4,-4,-4,-4,-4,0,0,1,1,1,0,True,True,True,True,0,7,0,0,False,69,15,1,1,1,0,4,-4,-4,8888,-4,-4,-4,False,Unknown,False,False,False,True,True,True
NACC692365,10,11,-4,-4,-4,-4,-4,,-4,-4,-4,-4,-4,-4,-4,300,64,-4,-4,-4,-4,-4,0,0,1,1,1,0,True,True,True,True,1,2,0,1,False,81,18,1,1,1,0,4,-4,-4,8888,-4,-4,-4,False,Unknown,False,False,False,True,True,True
NACC693387,4,3,-4,-4,-4,-4,-4,,-4,-4,-4,-4,-4,-4,-4,997,997,-4,-4,-4,-4,-4,1,1,1,1,1,0,False,True,False,False,0,7,0,0,False,71,12,1,1,1,0,4,-4,-4,2005,-4,-4,-4,True,Unknown,False,True,True,True,True,True
NACC694390,15,9,-4,-4,-4,-4,-4,,-4,-4,-4,-4,-4,-4,-4,300,47,-4,-4,-4,-4,-4,1,0,1,1,1,0,True,True,True,True,0,7,0,0,False,72,18,1,1,1,0,4,-4,-4,2012,-4,-4,-4,True,Unknown,False,True,False,True,True,True
NACC695061,96,96,-4,-4,-4,-4,-4,,-4,-4,-4,-4,-4,-4,-4,996,996,-4,-4,-4,-4,-4,0,0,1,1,1,0,False,True,False,False,0,7,0,0,False,53,12,2,1,1,0,4,-4,-4,8888,-4,-4,-4,False,Unknown,False,False,False,True,True,True
NACC695231,5,11,16,14,26,8,8,,-4,-4,8,13,10,11,11,300,76,11,1,1,17,17,1,1,1,1,1,0,True,True,True,True,1,2,-4,-4,True,73,18,1,1,1,0,4,-4,-4,2014,66,1,1,True,Unknown,True,True,True,True,True,True
NACC695896,7,2,-4,-4,-4,-4,-4,,-4,-4,-4,-4,-4,-4,-4,996,91,-4,-4,-4,-4,-4,0,0,1,1,2,0,False,False,False,True,1,1,1,0,False,66,14,1,1,1,0,4,-4,-4,8888,-4,-4,-4,False,Unknown,False,False,False,True,True,True
NACC696285,24,17,-4,-4,-4,-4,-4,,-4,-4,-4,-4,-4,-4,-4,46,22,-4,-4,-4,-4,-4,1,1,8,8,8,0,True,True,True,True,8,8,8,8,False,73,16,2,1,1,0,1,-4,-4,2012,-4,-4,-4,False,Unknown,False,True,True,False,True,True
NACC696396,-4,-4,-4,-4,-4,8,8,,-4,-4,8,-4,-4,-4,-4,-4,-4,-4,-4,-4,-4,-4,-4,0,1,1,2,0,False,False,False,False,1,1,-4,-4,False,90,12,2,1,50,1,4,-4,-4,-4,888,-4,-4,False,Unknown,False,False,False,True,True,True
NACC696478,5,3,-4,-4,-4,-4,-4,,-4,-4,-4,-4,-4,-4,-4,997,134,-4,-4,-4,-4,-4,1,1,0,1,2,0,True,True,True,True,1,1,0,1,False,76,16,1,1,1,0,4,-4,-4,2009,-4,-4,-4,True,Unknown,False,True,True,False,True,True
NACC696802,8,5,3,3,29,8,8,,-4,-4,8,31,19,19,11,300,76,11,5,1,17,17,0,0,0,0,7,0,True,True,False,True,0,7,-4,-4,False,71,18,1,1,1,0,4,-4,-4,8888,69,1,1,True,Unknown,True,False,False,False,False,False
NACC697179,11,8,97,13,28,8,8,,-4,-4,8,14,11,11,11,300,80,15,9,0,88,88,0,0,8,1,2,0,True,False,True,True,1,1,-4,-4,False,88,20,1,1,1,0,3,-4,-4,8888,85,0,0,False,Unknown,False,False,False,False,False,False
NACC697301,2,4,5,4,96,8,8,,-4,-4,8,7,5,0,0,996,150,1,0,0,7,7,0,0,1,1,1,1,False,False,False,False,0,7,-4,-4,False,68,14,2,1,1,0,4,-4,-4,8888,888,0,0,False,Unknown,False,False,False,True,True,True
NACC697472,11,5,97,97,30,8,8,,-4,-4,8,5,5,6,5,997,997,14,5,1,17,17,0,0,1,1,1,1,True,False,True,True,0,7,-4,-4,False,69,18,1,1,1,0,4,-4,-4,8888,68,0,1,False,Unknown,False,False,False,True,True,True
NACC697744,7,7,-4,-4,-4,-4,-4,,-4,-4,-4,-4,-4,-4,-4,996,150,-4,-4,-4,-4,-4,0,0,1,1,2,0,True,False,True,True,1,1,1,0,False,90,14,2,1,2,0,4,-4,-4,8888,-4,-4,-4,False,Unknown,False,False,False,True,True,True
NACC697814,6,2,-4,-4,-4,-4,-4,,-4,-4,-4,-4,-4,-4,-4,996,150,-4,-4,-4,-4,-4,9,0,1,1,1,0,True,True,True,True,1,2,1,0,False,72,16,1,1,1,0,4,-4,-4,8888,-4,-4,-4,True,Unknown,False,False,False,True,True,True
NACC697979,19,8,17,9,31,8,8,,-4,-4,8,27,17,28,19,153,52,14,2,1,27,27,-4,1,8,1,1,0,True,False,True,True,0,7,-4,-4,False,89,16,2,1,1,0,3,-4,-4,-4,888,1,1,False,Unknown,True,False,True,False,False,True
NACC699534,17,9,21,21,31,8,8,,-4,-4,8,28,20,24,21,91,28,15,14,1,28,28,-4,1,8,8,8,0,True,False,True,True,8,8,-4,-4,False,82,16,1,1,5,0,1,-4,-4,-4,78,1,1,True,Unknown,True,False,True,False,False,True
NACC699599,96,96,-4,-4,-4,-4,-4,,-4,-4,-4,-4,-4,-4,-4,996,996,-4,-4,-4,-4,-4,0,0,1,1,1,0,False,False,False,False,0,7,0,0,False,81,12,1,1,1,0,4,-4,-4,8888,-4,-4,-4,False,Unknown,False,False,False,True,True,True
NACC699702,18,9,-4,-4,-4,-4,-4,,-4,-4,-4,-4,-4,-4,-4,72,26,-4,-4,-4,-4,-4,0,0,8,1,1,0,True,True,True,True,0,7,0,0,False,65,16,1,1,1,0,3,-4,-4,8888,-4,-4,-4,True,Unknown,False,False,False,False,False,False
NACC700325,5,13,-4,-4,-4,-4,-4,,-4,-4,-4,-4,-4,-4,-4,996,91,-4,-4,-4,-4,-4,0,0,1,1,1,0,False,False,False,False,0,7,0,0,False,76,12,1,1,1,0,4,-4,-4,8888,-4,-4,-4,False,Unknown,False,False,False,True,True,True
NACC700609,10,12,8,13,32,0,8,,-4,-4,8,4,4,2,2,300,112,15,13,1,23,23,0,1,8,1,1,0,True,False,True,True,0,7,-4,-4,False,69,16,1,1,1,0,3,-4,-4,8888,888,0,1,False,A-,True,False,True,False,False,True
NACC700686,96,96,96,96,96,1,8,,-4,-4,8,96,96,96,96,996,996,96,96,96,88,88,-4,0,0,1,2,1,True,False,True,True,1,1,-4,-4,False,78,14,2,1,1,0,4,-4,-4,-4,76,0,1,False,A+,False,False,False,False,False,False
NACC700781,96,96,-4,-4,-4,-4,-4,,-4,-4,-4,-4,-4,-4,-4,996,996,-4,-4,-4,-4,-4,0,0,1,1,2,0,False,False,False,True,1,1,1,0,False,66,18,1,1,5,0,4,-4,-4,8888,-4,-4,-4,False,Unknown,False,False,False,True,True,True
NACC701357,4,2,5,4,11,8,8,,-4,-4,8,3,3,0,1,996,150,3,0,0,6,7,-4,0,0,1,2,0,True,False,True,True,1,1,-4,-4,False,85,12,1,1,1,0,4,-4,-4,-4,888,1,1,True,Unknown,True,False,False,False,False,False
NACC701523,17,11,11,10,32,8,8,,-4,-4,8,17,13,15,12,81,29,17,11,1,26,26,1,1,8,1,1,1,True,True,True,True,0,7,-4,-4,False,70,13,1,1,1,0,2,-4,-4,9999,61,1,1,True,Unknown,True,True,True,False,True,True
NACC701846,15,13,-4,-4,-4,-4,-4,,-4,-4,-4,-4,-4,-4,-4,62,26,-4,-4,-4,-4,-4,1,1,8,8,8,0,True,True,True,True,8,8,8,8,False,71,14,2,1,1,0,1,-4,-4,2006,-4,-4,-4,True,Unknown,False,True,True,False,True,True
NACC701981,7,3,-4,-4,-4,-4,-4,,-4,-4,-4,-4,-4,-4,-4,300,58,-4,-4,-4,-4,-4,0,0,1,1,2,0,True,True,True,True,0,7,0,0,False,71,9,1,1,1,0,4,-4,-4,8888,-4,-4,-4,True,Unknown,False,False,False,True,True,True
NACC702034,18,13,10,13,32,0,8,,-4,-4,8,15,11,7,6,78,24,13,6,0,20,20,0,0,8,1,1,1,True,True,True,True,0,7,-4,-4,False,72,14,1,1,1,0,3,-4,-4,8888,70,1,1,False,A-,True,False,False,False,False,False
NACC702069,18,11,-4,-4,-4,-4,-4,,-4,-4,-4,-4,-4,-4,-4,140,51,-4,-4,-4,-4,-4,0,0,1,1,1,0,True,True,True,True,0,7,0,0,False,86,19,1,1,1,0,4,-4,-4,8888,-4,-4,-4,False,Unknown,False,False,False,True,True,True
NACC702532,17,7,10,8,32,8,8,,-4,-4,8,14,13,10,10,996,68,9,2,0,11,11,0,0,1,1,1,0,False,False,False,False,0,7,-4,-4,False,71,16,1,1,1,0,4,-4,-4,8888,888,0,0,False,Unknown,True,False,False,True,True,True
NACC702702,13,4,17,14,32,8,8,,-4,-4,8,16,12,13,10,300,37,11,6,1,22,22,1,1,8,1,1,0,True,True,True,True,0,7,-4,-4,False,81,20,1,1,1,0,3,-4,-4,2000,50,1,1,True,Unknown,True,True,True,False,True,True
NACC703087,18,9,-4,-4,-4,-4,-4,,-4,-4,-4,-4,-4,-4,-4,996,63,-4,-4,-4,-4,-4,0,0,1,1,1,0,False,True,False,True,0,7,0,0,False,58,16,1,1,1,0,4,-4,-4,8888,-4,-4,-4,False,Unknown,False,False,False,True,True,True
NACC703264,7,11,-4,-4,-4,-4,-4,,-4,-4,-4,-4,-4,-4,-4,300,150,-4,-4,-4,-4,-4,1,1,0,1,2,0,True,True,True,True,1,1,0,1,False,86,20,1,1,1,0,4,-4,-4,2008,-4,-4,-4,False,Unknown,False,True,True,False,True,True
NACC703660,96,96,-4,-4,-4,-4,-4,,-4,-4,-4,-4,-4,-4,-4,996,996,-4,-4,-4,-4,-4,0,0,1,1,2,0,False,False,False,False,1,1,1,0,False,93,12,2,1,1,0,4,-4,-4,8888,-4,-4,-4,False,Unknown,False,False,False,True,True,True
NACC704024,-4,-4,-4,-4,-4,-4,-4,,-4,-4,-4,-4,-4,-4,-4,-4,-4,-4,-4,-4,-4,-4,1,1,0,1,1,0,True,True,True,True,0,7,0,0,False,75,16,1,1,1,0,4,-4,-4,1997,-4,-4,-4,True,Unknown,False,True,True,False,True,True
NACC704252,10,3,-4,-4,-4,-4,-4,,-4,-4,-4,-4,-4,-4,-4,300,44,-4,-4,-4,-4,-4,9,0,1,1,1,0,False,True,False,True,0,7,0,0,False,66,16,1,1,1,0,4,-4,-4,8888,-4,-4,-4,False,Unknown,False,False,False,True,True,True
NACC704600,97,97,97,97,97,8,8,,-4,-4,8,97,97,97,97,997,997,97,97,97,88,88,0,0,0,1,2,0,True,False,True,True,1,2,-4,-4,False,72,16,1,1,1,0,4,-4,-4,8888,60,0,1,False,Unknown,False,False,False,False,False,False
NACC705313,21,11,-4,-4,-4,-4,-4,,-4,-4,-4,-4,-4,-4,-4,173,49,-4,-4,-4,-4,-4,0,0,1,1,1,0,False,False,False,True,1,2,0,1,False,73,20,1,1,1,0,4,-4,-4,8888,-4,-4,-4,False,Unknown,False,False,False,True,True,True
NACC705491,13,12,13,8,27,8,8,,-4,-4,8,16,16,14,13,300,84,15,4,1,18,19,-4,0,8,1,1,0,True,False,True,True,1,2,-4,-4,False,79,12,2,2,1,1,3,-4,-4,-4,77,1,1,True,Unknown,True,False,False,False,False,False
NACC706151,13,9,-4,-4,-4,-4,-4,,-4,-4,-4,-4,-4,-4,-4,300,91,-4,-4,-4,-4,-4,1,0,1,1,1,0,True,True,True,True,0,7,0,0,False,74,16,1,1,1,0,4,-4,-4,2008,-4,-4,-4,True,Unknown,False,True,False,True,True,True
NACC706181,6,3,3,3,31,8,8,,-4,-4,8,12,12,7,8,300,150,13,5,1,17,17,0,0,1,1,1,0,True,False,True,True,0,7,-4,-4,False,71,18,2,1,1,0,4,-4,-4,8888,70,0,0,False,Unknown,True,False,False,True,True,True
NACC706394,13,8,19,15,32,8,8,,-4,-4,8,10,9,8,7,132,32,16,7,1,25,25,-4,1,8,0,7,0,True,False,True,True,0,7,-4,-4,False,75,18,1,1,1,0,2,-4,-4,-4,72,1,1,True,Unknown,True,False,True,False,False,True
NACC706426,1,4,-4,-4,-4,-4,-4,,-4,-4,-4,-4,-4,-4,-4,996,996,-4,-4,-4,-4,-4,0,0,1,1,1,0,False,False,False,False,0,7,0,0,False,60,14,1,1,1,0,4,-4,-4,8888,-4,-4,-4,False,Unknown,False,False,False,True,True,True
NACC707512,96,96,-4,-4,-4,-4,-4,,-4,-4,-4,-4,-4,-4,-4,996,996,-4,-4,-4,-4,-4,0,1,0,1,2,0,True,False,True,True,1,1,1,0,False,87,12,1,1,1,0,4,-4,-4,8888,-4,-4,-4,False,Unknown,False,False,True,False,False,True
NACC707810,15,12,8,11,27,0,8,,-4,-4,8,17,11,18,12,220,38,15,9,0,18,19,0,0,8,1,1,1,True,False,True,True,0,7,-4,-4,False,81,12,2,1,2,0,3,-4,-4,8888,79,0,1,False,A-,True,False,False,False,False,False
NACC708047,5,2,-4,-4,-4,-4,-4,,-4,-4,-4,-4,-4,-4,-4,996,150,-4,-4,-4,-4,-4,0,0,1,1,1,0,True,True,True,True,0,7,0,0,False,65,18,1,1,1,0,4,-4,-4,8888,-4,-4,-4,True,Unknown,False,False,False,True,True,True
NACC708378,13,11,11,11,32,8,8,,-4,-4,8,28,18,25,18,106,39,16,10,1,22,22,-4,1,0,0,7,0,True,False,True,True,1,1,-4,-4,False,75,13,1,1,1,0,4,-4,-4,-4,73,1,1,False,Unknown,True,False,True,False,False,True
NACC708616,11,9,-4,-4,-4,-4,-4,,-4,-4,-4,-4,-4,-4,-4,996,150,-4,-4,-4,-4,-4,1,1,1,1,1,0,False,True,False,False,0,7,0,0,False,78,16,2,1,1,0,4,-4,-4,2001,-4,-4,-4,False,Unknown,False,True,True,True,True,True
NACC709284,21,15,24,24,32,8,8,,-4,-4,8,23,17,21,17,89,27,16,13,1,27,27,-4,0,8,8,8,1,True,False,False,True,8,8,-4,-4,False,75,18,1,1,1,0,1,-4,-4,-4,75,0,0,False,Unknown,True,False,False,False,False,False
NACC709690,12,8,-4,-4,-4,-4,-4,,-4,-4,-4,-4,-4,-4,-4,996,80,-4,-4,-4,-4,-4,1,1,1,1,1,0,True,True,True,True,0,7,0,0,False,72,16,1,1,1,0,4,-4,-4,2011,-4,-4,-4,True,Unknown,False,True,True,True,True,True
NACC709898,-4,-4,-4,-4,-4,-4,-4,,-4,-4,-4,-4,-4,-4,-4,-4,-4,-4,-4,-4,-4,-4,0,0,1,1,2,0,True,True,True,True,1,1,1,0,False,67,18,1,1,1,0,4,-4,-4,8888,-4,-4,-4,False,Unknown,False,False,False,True,True,True
NACC710160,96,96,96,96,-4,8,8,,-4,-4,8,96,96,96,96,-4,-4,-4,-4,-4,-4,-4,0,1,0,1,2,0,True,False,True,True,1,1,-4,-4,False,79,17,1,4,1,0,4,-4,-4,8888,77,8,1,False,Unknown,False,False,True,False,False,True
NACC710623,11,7,-4,-4,-4,-4,-4,,-4,-4,-4,-4,-4,-4,-4,177,63,-4,-4,-4,-4,-4,0,0,1,1,1,0,True,True,True,True,1,2,0,1,False,72,18,2,1,1,0,4,-4,-4,8888,-4,-4,-4,False,Unknown,False,False,False,True,True,True
NACC710758,19,15,-4,-4,-4,-4,-4,,-4,-4,-4,-4,-4,-4,-4,238,53,-4,-4,-4,-4,-4,1,1,8,1,1,0,True,True,True,True,0,7,0,0,False,77,12,2,1,1,0,3,-4,-4,2004,-4,-4,-4,True,Unknown,False,True,True,False,True,True
NACC711063,10,6,-4,-4,-4,-4,-4,,-4,-4,-4,-4,-4,-4,-4,300,66,-4,-4,-4,-4,-4,9,0,1,1,1,0,False,True,False,True,0,7,0,0,False,67,12,1,1,1,0,4,-4,-4,8888,-4,-4,-4,False,Unknown,False,False,False,True,True,True
NACC711123,0,0,-4,-4,-4,-4,-4,,-4,-4,-4,-4,-4,-4,-4,997,997,-4,-4,-4,-4,-4,0,0,1,1,1,0,True,True,True,True,1,2,0,1,False,67,12,1,1,1,0,4,-4,-4,8888,-4,-4,-4,False,Unknown,False,False,False,True,True,True
NACC711290,17,8,16,7,97,8,8,,-4,-4,8,15,11,15,13,300,107,14,9,1,24,24,0,0,1,1,1,0,True,False,True,True,0,7,-4,-4,True,75,16,1,1,1,0,4,-4,-4,8888,73,0,1,False,Unknown,False,False,False,True,True,True
NACC711703,-4,-4,-4,-4,-4,-4,-4,,-4,-4,-4,-4,-4,-4,-4,-4,-4,-4,-4,-4,-4,-4,0,0,1,1,2,0,False,False,False,False,1,1,0,1,False,80,16,2,1,1,0,4,-4,-4,8888,-4,-4,-4,False,Unknown,False,False,False,True,True,True
NACC712473,15,6,5,8,24,8,8,,-4,-4,8,10,16,0,0,997,107,10,0,1,12,13,-4,1,0,1,1,0,True,False,True,True,0,7,-4,-4,False,78,12,2,1,1,0,4,-4,-4,-4,54,0,1,False,Unknown,True,False,True,False,False,True
NACC712544,5,6,8,7,27,8,8,,-4,-4,8,12,8,0,0,98,42,17,97,97,20,20,-4,0,8,1,1,0,True,False,True,True,1,2,-4,-4,False,80,16,1,1,1,0,3,-4,-4,-4,79,0,1,False,Unknown,True,False,False,False,False,False
NACC712677,12,6,12,11,27,8,8,,-4,-4,8,12,13,6,9,300,54,17,9,0,23,23,0,0,1,1,1,1,True,False,True,True,0,7,-4,-4,False,71,16,1,1,1,0,4,-4,-4,8888,888,1,1,False,Unknown,True,False,False,True,True,True
NACC712960,15,17,8,14,27,8,8,,-4,-4,8,32,20,29,20,239,75,12,9,1,26,26,0,0,8,1,1,1,True,False,True,True,0,7,-4,-4,True,69,13,2,1,1,0,3,-4,-4,8888,67,1,1,False,Unknown,True,False,False,False,False,False
NACC713766,14,11,-4,-4,-4,-4,-4,,-4,-4,-4,-4,-4,-4,-4,996,88,-4,-4,-4,-4,-4,0,0,1,1,1,0,True,False,True,True,0,7,0,0,False,73,12,1,1,1,0,4,-4,-4,8888,-4,-4,-4,False,Unknown,False,False,False,True,True,True
NACC713978,17,15,6,4,27,8,8,,-4,-4,8,16,11,12,11,300,39,13,7,0,17,18,-4,0,8,1,2,1,True,False,True,True,0,7,-4,-4,False,78,12,2,1,1,0,3,-4,-4,-4,78,0,1,True,Unknown,True,False,False,False,False,False
NACC714231,13,10,14,12,27,-4,-4,,-4,-4,-4,18,12,0,0,143,57,16,0,1,23,23,0,-4,0,1,1,0,True,False,True,True,1,2,-4,-4,False,67,18,2,1,-4,0,4,14,888,-4,-4,-4,1,False,Unknown,True,False,False,False,False,False
NACC714956,5,4,-4,-4,-4,-4,-4,,-4,-4,-4,-4,-4,-4,-4,300,150,-4,-4,-4,-4,-4,0,0,1,1,2,0,False,True,False,False,1,2,0,1,False,83,12,2,1,1,0,4,-4,-4,8888,-4,-4,-4,False,Unknown,False,False,False,True,True,True
NACC715058,19,17,19,19,29,1,8,,-4,-4,8,97,97,97,97,997,997,15,7,1,24,24,-4,0,0,1,2,0,True,False,True,True,1,1,-4,-4,False,76,18,2,1,1,0,4,-4,-4,-4,888,8,1,False,A+,True,False,False,False,False,False
NACC715142,13,10,10,12,30,1,8,,-4,-4,8,20,15,15,13,105,76,15,14,1,23,23,1,1,8,1,1,0,True,True,True,True,1,2,-4,-4,False,93,16,1,1,1,0,3,-4,-4,9999,71,1,1,False,A+,True,True,True,False,True,True
NACC715153,8,6,8,8,27,8,8,,-4,-4,8,2,3,2,4,997,58,14,2,1,14,14,0,0,1,1,1,1,True,False,True,True,0,7,-4,-4,False,73,19,1,1,1,0,4,-4,-4,8888,72,1,1,False,Unknown,True,False,False,True,True,True
NACC715327,20,18,-4,-4,-4,-4,-4,,-4,-4,-4,-4,-4,-4,-4,156,37,-4,-4,-4,-4,-4,1,1,8,1,1,0,True,True,True,True,0,7,0,0,False,64,16,2,1,1,0,3,-4,-4,2002,-4,-4,-4,True,Unknown,False,True,True,False,True,True
NACC715522,9,6,6,9,28,8,8,,-4,-4,8,13,8,9,8,120,69,15,10,1,24,24,-4,0,8,1,2,0,True,False,True,True,1,1,-4,-4,False,80,16,1,1,1,0,3,-4,-4,-4,888,0,1,False,Unknown,True,False,False,False,False,False
NACC715558,-4,-4,-4,-4,-4,-4,-4,,-4,-4,-4,-4,-4,-4,-4,-4,-4,-4,-4,-4,-4,-4,1,1,0,1,1,0,True,True,True,True,0,7,0,0,False,69,18,2,1,1,0,4,-4,-4,1998,-4,-4,-4,True,Unknown,False,True,True,False,True,True
NACC715740,13,9,-4,-4,-4,-4,-4,,-4,-4,-4,-4,-4,-4,-4,150,149,-4,-4,-4,-4,-4,0,0,1,1,2,0,False,False,False,False,1,1,1,0,False,59,14,1,1,1,0,4,-4,-4,8888,-4,-4,-4,False,Unknown,False,False,False,True,True,True
NACC715746,19,13,14,15,29,8,8,,-4,-4,8,18,15,16,14,66,29,13,10,0,25,25,1,1,8,8,8,0,True,True,True,True,8,8,-4,-4,False,69,14,2,1,1,0,1,-4,-4,2014,64,0,1,True,Unknown,True,True,True,False,True,True
NACC715858,11,8,-4,-4,-4,-4,-4,,-4,-4,-4,-4,-4,-4,-4,250,43,-4,-4,-4,-4,-4,0,0,8,1,1,0,True,False,True,True,1,2,0,1,False,79,8,2,1,2,0,3,-4,-4,8888,-4,-4,-4,False,Unknown,False,False,False,False,False,False
NACC716197,18,13,-4,-4,-4,-4,-4,,-4,-4,-4,-4,-4,-4,-4,66,25,-4,-4,-4,-4,-4,1,1,0,1,1,0,True,True,True,True,0,7,0,0,False,62,14,1,1,1,0,4,-4,-4,2005,-4,-4,-4,True,Unknown,False,True,True,False,True,True
NACC716224,19,5,13,13,29,8,8,,-4,-4,8,20,12,14,10,168,34,16,5,1,20,20,-4,1,0,0,7,0,True,False,True,True,1,1,-4,-4,False,80,20,1,1,1,0,4,-4,-4,-4,76,0,1,False,Unknown,True,False,True,False,False,True
NACC716329,9,2,5,7,24,8,8,,-4,-4,8,12,11,9,8,996,81,16,3,0,19,19,-4,0,1,1,1,0,True,False,True,True,0,7,-4,-4,False,70,18,1,1,1,0,4,-4,-4,-4,65,1,1,False,Unknown,True,False,False,True,True,True
NACC716463,24,16,-4,-4,-4,-4,-4,,-4,-4,-4,-4,-4,-4,-4,59,28,-4,-4,-4,-4,-4,0,0,8,1,1,1,True,False,True,True,0,7,0,0,False,63,16,1,1,1,0,2,-4,-4,8888,-4,-4,-4,True,Unknown,False,False,False,False,False,False
NACC716956,10,8,-4,-4,-4,-4,-4,,-4,-4,-4,-4,-4,-4,-4,135,50,-4,-4,-4,-4,-4,1,1,1,1,2,0,False,True,False,False,1,1,1,0,False,89,13,1,1,1,0,4,-4,-4,2005,-4,-4,-4,True,Unknown,False,True,True,True,True,True
NACC717471,22,13,-4,-4,-4,-4,-4,,-4,-4,-4,-4,-4,-4,-4,114,33,-4,-4,-4,-4,-4,0,0,1,1,1,0,True,False,True,True,0,7,0,0,False,64,12,2,1,1,0,4,-4,-4,8888,-4,-4,-4,True,Unknown,False,False,False,True,True,True
NACC717652,3,2,9,4,18,1,1,,-4,-4,1,3,0,1,0,996,996,0,0,1,4,4,-4,0,0,1,2,0,True,False,True,True,1,1,-4,-4,False,66,18,2,1,1,0,4,-4,-4,-4,64,1,1,False,A+,True,False,False,False,False,False
NACC717750,4,2,6,11,-4,8,8,,-4,-4,8,97,97,97,97,-4,-4,-4,-4,-4,-4,-4,9,1,0,1,2,0,True,True,True,True,1,1,-4,-4,False,74,16,1,1,1,0,4,-4,-4,8888,71,1,1,True,Unknown,False,False,True,False,False,True
NACC717865,6,5,6,8,28,8,8,,-4,-4,8,7,3,0,0,998,41,16,0,0,13,13,-4,1,0,1,2,0,True,False,True,True,1,1,-4,-4,False,73,18,1,1,1,0,4,-4,-4,-4,73,0,1,True,Unknown,True,False,True,False,False,True
NACC717879,18,12,-4,-4,-4,-4,-4,,-4,-4,-4,-4,-4,-4,-4,93,61,-4,-4,-4,-4,-4,1,1,8,1,1,0,True,True,True,True,0,7,0,0,False,58,14,2,1,2,0,3,-4,-4,2002,-4,-4,-4,True,Unknown,False,True,True,False,True,True
NACC718036,2,4,96,96,0,8,8,,-4,-4,8,1,1,1,1,996,996,0,96,96,0,99,1,0,1,1,2,0,True,True,True,True,1,1,-4,-4,False,85,99,2,2,99,1,4,-4,-4,9999,82,8,1,True,Unknown,False,True,False,True,True,True
NACC718142,12,7,10,10,-4,0,8,,-4,-4,0,24,18,16,14,-4,-4,-4,-4,-4,-4,-4,0,0,8,1,1,0,True,False,True,True,0,7,-4,-4,False,70,20,1,1,1,0,3,-4,-4,8888,69,0,1,False,A-,False,False,False,False,False,False
NACC718169,12,5,5,6,29,8,8,,-4,-4,8,10,8,6,6,300,150,13,5,0,11,12,0,0,1,1,1,0,True,False,True,True,0,7,-4,-4,False,76,12,2,1,1,0,4,-4,-4,8888,70,0,1,False,Unknown,True,False,False,True,True,True
NACC718741,12,7,-4,-4,-4,-4,-4,,-4,-4,-4,-4,-4,-4,-4,79,36,-4,-4,-4,-4,-4,0,0,1,1,1,0,False,False,False,False,1,2,1,0,False,80,16,1,1,1,0,4,-4,-4,8888,-4,-4,-4,False,Unknown,False,False,False,True,True,True
NACC718844,3,3,-4,-4,-4,-4,-4,,-4,-4,-4,-4,-4,-4,-4,996,996,-4,-4,-4,-4,-4,0,0,1,1,2,0,False,False,False,False,1,1,1,0,False,77,12,2,1,1,0,4,-4,-4,8888,-4,-4,-4,False,Unknown,False,False,False,True,True,True
NACC719049,14,8,-4,-4,-4,-4,-4,,-4,-4,-4,-4,-4,-4,-4,300,72,-4,-4,-4,-4,-4,1,1,1,1,1,0,False,True,False,False,0,7,0,0,False,71,12,1,1,1,0,4,-4,-4,1992,-4,-4,-4,False,Unknown,False,True,True,True,True,True
NACC719145,16,11,-4,-4,-4,-4,-4,,-4,-4,-4,-4,-4,-4,-4,197,65,-4,-4,-4,-4,-4,1,1,8,1,1,0,True,True,True,True,0,7,0,0,False,63,12,1,1,1,0,3,-4,-4,2001,-4,-4,-4,True,Unknown,False,True,True,False,True,True
NACC719148,23,13,-4,-4,-4,-4,-4,,-4,-4,-4,-4,-4,-4,-4,122,23,-4,-4,-4,-4,-4,1,1,8,8,8,0,True,True,True,True,8,8,8,8,False,56,14,1,1,2,0,1,-4,-4,2003,-4,-4,-4,True,Unknown,False,True,True,False,True,True
NACC719764,96,96,-4,-4,-4,-4,-4,,-4,-4,-4,-4,-4,-4,-4,996,996,-4,-4,-4,-4,-4,0,0,1,1,2,0,True,False,True,True,1,1,1,0,False,87,15,1,1,1,0,4,-4,-4,8888,-4,-4,-4,False,Unknown,False,False,False,True,True,True
NACC719894,4,3,6,3,18,8,8,,-4,-4,8,16,9,11,8,300,101,15,7,1,13,13,1,0,1,1,1,0,True,True,True,True,1,2,-4,-4,False,81,14,1,1,2,0,4,-4,-4,2018,79,0,1,False,Unknown,True,True,False,True,True,True
NACC720255,12,4,-4,-4,-4,-4,-4,,-4,-4,-4,-4,-4,-4,-4,134,56,-4,-4,-4,-4,-4,9,0,8,1,1,0,True,True,True,True,0,7,0,0,False,78,16,1,1,1,0,3,-4,-4,8888,-4,-4,-4,True,Unknown,False,False,False,False,False,False
NACC720256,-4,-4,-4,-4,-4,8,1,,-4,-4,8,-4,-4,-4,-4,-4,-4,-4,-4,-4,-4,-4,-4,0,1,1,1,0,False,False,False,False,0,7,-4,-4,False,76,16,1,1,1,0,4,-4,-4,-4,888,-4,-4,False,A+,False,False,False,True,True,True
NACC720436,9,11,7,4,25,8,8,,-4,-4,8,15,14,10,10,300,38,9,3,1,19,19,0,0,0,1,2,1,True,False,True,True,1,1,-4,-4,False,84,16,2,1,5,0,4,-4,-4,8888,888,0,1,True,Unknown,True,False,False,False,False,False
NACC720579,7,6,8,3,25,0,8,,-4,-4,0,12,11,9,9,300,73,10,5,0,11,12,-4,0,0,1,1,0,True,False,True,True,0,7,-4,-4,False,80,12,2,1,1,0,4,-4,-4,-4,63,1,1,False,A-,True,False,False,False,False,False
NACC720786,13,5,-4,-4,-4,-4,-4,,-4,-4,-4,-4,-4,-4,-4,998,82,-4,-4,-4,-4,-4,0,0,1,1,2,0,False,False,False,False,1,1,0,1,False,59,15,2,1,1,0,4,-4,-4,8888,-4,-4,-4,False,Unknown,False,False,False,True,True,True
NACC720950,4,3,2,2,0,8,8,,-4,-4,8,1,1,3,2,996,996,1,1,0,4,4,0,0,1,1,2,0,False,False,False,False,1,1,-4,-4,False,53,16,2,1,1,0,4,-4,-4,8888,888,0,0,True,Unknown,True,False,False,True,True,True
NACC720983,20,16,18,19,32,8,8,,-4,-4,8,19,13,17,10,48,26,15,12,1,28,28,1,1,8,8,8,1,True,True,True,True,8,8,-4,-4,False,63,16,1,1,1,0,1,-4,-4,2017,59,1,1,True,Unknown,True,True,True,False,True,True
NACC721021,0,10,-4,-4,-4,-4,-4,,-4,-4,-4,-4,-4,-4,-4,300,65,-4,-4,-4,-4,-4,0,0,1,1,2,0,True,True,True,True,1,1,1,0,False,83,18,2,1,1,0,4,-4,-4,8888,-4,-4,-4,True,Unknown,False,False,False,True,True,True
NACC721621,14,5,8,11,25,8,8,,-4,-4,8,8,7,5,6,300,135,11,4,1,18,18,-4,0,1,1,2,0,True,False,True,True,1,1,-4,-4,False,75,18,1,1,1,0,4,-4,-4,-4,73,1,1,True,Unknown,True,False,False,True,True,True
NACC721806,17,14,-4,-4,-4,-4,-4,,-4,-4,-4,-4,-4,-4,-4,300,60,-4,-4,-4,-4,-4,1,1,8,1,1,0,True,True,True,True,0,7,0,0,False,68,18,1,1,1,0,3,-4,-4,1992,-4,-4,-4,True,Unknown,False,True,True,False,True,True
NACC722339,7,1,5,4,12,-4,-4,,-4,-4,-4,98,98,98,98,996,996,98,98,98,4,4,0,-4,8,1,1,0,True,False,True,True,1,2,-4,-4,False,77,20,1,1,-4,0,4,888,888,-4,-4,-4,1,False,Unknown,True,False,False,False,False,False
NACC722593,0,1,96,96,96,8,8,,-4,-4,8,96,96,96,96,996,996,96,96,96,88,88,-4,0,1,1,2,0,True,False,True,True,1,1,-4,-4,False,68,16,2,1,1,0,4,-4,-4,-4,66,1,1,False,Unknown,False,False,False,True,True,True
NACC722670,16,4,6,6,29,8,8,,-4,-4,8,10,8,3,3,227,38,17,3,1,20,21,0,0,0,1,2,0,True,False,True,True,1,1,-4,-4,False,83,12,1,1,1,0,4,-4,-4,8888,81,0,1,False,Unknown,True,False,False,False,False,False
NACC722824,11,12,-4,-4,-4,-4,-4,,-4,-4,-4,-4,-4,-4,-4,996,150,-4,-4,-4,-4,-4,0,0,1,1,2,0,True,False,True,True,1,1,1,0,False,81,16,2,1,1,0,4,-4,-4,8888,-4,-4,-4,False,Unknown,False,False,False,True,True,True
NACC723375,15,10,9,7,29,8,8,,-4,-4,8,15,13,13,12,259,39,15,10,1,24,24,0,0,8,1,1,0,True,False,True,True,0,7,-4,-4,False,65,13,1,1,2,0,3,-4,-4,8888,63,1,1,True,Unknown,True,False,False,False,False,False
NACC723649,23,13,-4,-4,-4,-4,-4,,-4,-4,-4,-4,-4,-4,-4,69,34,-4,-4,-4,-4,-4,1,1,8,1,1,0,True,True,True,True,0,7,0,0,False,69,20,1,1,1,0,3,-4,-4,2002,-4,-4,-4,True,Unknown,False,True,True,False,True,True
NACC723757,7,12,-4,-4,-4,-4,-4,,-4,-4,-4,-4,-4,-4,-4,300,61,-4,-4,-4,-4,-4,0,0,1,1,2,0,False,False,False,False,1,1,0,1,False,85,11,2,1,2,0,4,-4,-4,8888,-4,-4,-4,False,Unknown,False,False,False,True,True,True
NACC724457,22,11,8,10,30,-4,-4,,-4,-4,-4,15,13,13,13,256,66,13,12,1,24,24,1,-4,8,1,1,1,True,True,True,True,0,8,-4,-4,False,66,16,1,1,-4,0,4,16,64,-4,-4,-4,1,True,Unknown,True,True,False,False,True,True
NACC724762,13,3,-4,-4,-4,-4,-4,,-4,-4,-4,-4,-4,-4,-4,300,150,-4,-4,-4,-4,-4,0,0,1,1,1,0,False,False,False,True,0,7,0,0,False,52,10,1,1,1,0,4,-4,-4,8888,-4,-4,-4,False,Unknown,False,False,False,True,True,True
NACC724807,16,8,12,10,31,8,8,,-4,-4,8,8,8,3,4,192,37,15,97,97,19,20,0,0,8,1,1,1,True,False,True,True,0,7,-4,-4,False,78,12,1,1,1,0,3,-4,-4,8888,888,0,1,False,Unknown,True,False,False,False,False,False
NACC725141,30,19,15,10,31,8,8,,-4,-4,8,15,15,14,11,113,53,17,11,1,26,26,-4,1,8,1,1,0,True,False,True,True,0,7,-4,-4,False,86,20,2,1,2,0,3,-4,-4,-4,86,0,1,False,Unknown,True,False,True,False,False,True
NACC725256,30,12,12,10,32,8,8,,-4,-4,8,27,15,22,14,164,18,14,12,1,24,24,-4,1,1,0,7,0,True,False,True,True,1,1,-4,-4,False,87,20,1,1,1,0,4,-4,-4,-4,82,1,1,False,Unknown,True,False,True,True,True,True
NACC725517,4,6,-4,-4,-4,-4,-4,,-4,-4,-4,-4,-4,-4,-4,996,150,-4,-4,-4,-4,-4,1,1,0,1,1,0,True,True,True,True,0,7,0,0,False,78,12,2,1,1,0,4,-4,-4,1997,-4,-4,-4,True,Unknown,False,True,True,False,True,True
NACC725659,98,98,98,98,98,8,8,,-4,-4,8,98,98,98,98,998,998,98,98,98,88,88,0,0,1,1,1,1,True,True,True,True,0,7,-4,-4,False,71,12,1,1,1,0,4,-4,-4,8888,67,1,1,False,Unknown,False,False,False,True,True,True
NACC725797,-4,-4,-4,-4,-4,8,8,,-4,-4,8,-4,-4,-4,-4,-4,-4,-4,-4,-4,-4,-4,-4,1,1,1,2,0,True,False,True,True,1,1,-4,-4,False,87,14,2,1,1,0,4,-4,-4,-4,86,-4,-4,True,Unknown,False,False,True,True,True,True
NACC726094,18,12,20,20,31,8,8,,-4,-4,8,13,11,7,8,178,36,15,10,1,19,19,0,0,1,1,1,0,True,False,True,True,0,7,-4,-4,False,69,20,1,1,1,0,4,-4,-4,8888,68,8,1,False,Unknown,True,False,False,True,True,True
NACC726175,5,1,-4,-4,-4,-4,-4,,-4,-4,-4,-4,-4,-4,-4,300,55,-4,-4,-4,-4,-4,0,0,1,1,1,0,True,False,True,True,0,7,0,0,False,60,20,1,1,1,0,4,-4,-4,8888,-4,-4,-4,True,Unknown,False,False,False,True,True,True
NACC726699,15,8,12,8,32,8,8,,-4,-4,8,9,10,8,9,191,66,15,11,0,25,25,-4,0,0,1,2,0,True,False,True,True,0,7,-4,-4,False,77,16,1,1,1,0,4,-4,-4,-4,73,0,1,True,Unknown,True,False,False,False,False,False
NACC726763,5,0,-4,-4,-4,-4,-4,,-4,-4,-4,-4,-4,-4,-4,300,100,-4,-4,-4,-4,-4,0,0,1,1,1,0,True,True,True,True,0,7,0,0,False,77,18,1,1,1,0,4,-4,-4,8888,-4,-4,-4,False,Unknown,False,False,False,True,True,True
NACC726779,10,3,-4,-4,-4,-4,-4,,-4,-4,-4,-4,-4,-4,-4,99,40,-4,-4,-4,-4,-4,0,0,1,1,1,0,True,True,True,True,0,7,0,0,False,80,18,1,1,1,0,4,-4,-4,8888,-4,-4,-4,True,Unknown,False,False,False,True,True,True
NACC727605,10,6,-4,-4,-4,-4,-4,,-4,-4,-4,-4,-4,-4,-4,300,78,-4,-4,-4,-4,-4,0,0,1,1,1,0,False,True,False,False,0,7,0,0,False,74,14,1,1,1,0,4,-4,-4,8888,-4,-4,-4,True,Unknown,False,False,False,True,True,True
NACC727633,18,8,8,10,32,8,8,,-4,-4,8,10,9,9,9,119,41,13,8,1,22,22,0,0,8,1,1,1,True,True,True,True,0,7,-4,-4,False,71,16,1,1,1,0,3,-4,-4,8888,65,1,1,False,Unknown,True,False,False,False,False,False
NACC727649,6,5,-4,-4,-4,-4,-4,,-4,-4,-4,-4,-4,-4,-4,995,995,-4,-4,-4,-4,-4,1,1,0,1,1,0,True,True,True,True,0,7,0,0,False,73,13,1,1,1,0,4,-4,-4,1995,-4,-4,-4,True,Unknown,False,True,True,False,True,True
NACC727883,12,5,-4,-4,-4,-4,-4,,-4,-4,-4,-4,-4,-4,-4,995,995,-4,-4,-4,-4,-4,1,1,8,1,1,0,True,True,True,True,0,7,0,0,False,76,17,1,1,1,0,3,-4,-4,1992,-4,-4,-4,True,Unknown,False,True,True,False,True,True
NACC727949,17,9,11,11,32,8,8,,-4,-4,8,22,16,27,18,121,44,13,10,1,29,30,1,1,8,8,8,0,True,True,True,True,8,8,-4,-4,False,74,12,1,1,1,1,1,-4,-4,2016,72,1,1,True,Unknown,True,True,True,False,True,True
NACC728121,15,9,16,9,32,8,8,,-4,-4,8,9,9,8,8,300,89,14,8,1,23,23,0,0,8,1,1,1,True,False,True,True,0,7,-4,-4,False,69,18,1,1,1,0,3,-4,-4,8888,68,1,1,False,Unknown,True,False,False,False,False,False
NACC728178,96,96,-4,-4,-4,-4,-4,,-4,-4,-4,-4,-4,-4,-4,996,996,-4,-4,-4,-4,-4,0,0,1,1,1,0,False,False,False,False,1,2,0,1,False,97,14,2,1,1,0,4,-4,-4,8888,-4,-4,-4,False,Unknown,False,False,False,True,True,True
NACC728878,23,15,15,15,31,8,8,,-4,-4,8,18,13,18,15,73,31,16,14,1,23,23,1,1,8,8,8,1,True,True,True,True,8,8,-4,-4,False,63,16,1,1,3,0,1,-4,-4,9999,60,0,1,True,Unknown,True,True,True,False,True,True
NACC729349,1,0,0,0,11,8,8,,-4,-4,8,96,96,96,96,996,996,96,96,96,88,88,0,0,1,1,1,0,True,False,True,True,0,7,-4,-4,False,54,16,1,2,1,1,4,-4,-4,8888,888,1,1,True,Unknown,True,False,False,True,True,True
NACC729454,8,1,-4,-4,-4,-4,-4,,-4,-4,-4,-4,-4,-4,-4,147,38,-4,-4,-4,-4,-4,0,0,1,1,2,0,False,True,False,True,1,1,0,1,False,82,15,1,1,1,0,4,-4,-4,8888,-4,-4,-4,False,Unknown,False,False,False,True,True,True
NACC729586,6,3,6,1,25,0,8,,-4,-4,8,3,3,0,0,996,150,1,0,0,6,6,9,0,1,1,1,1,True,False,True,True,0,7,-4,-4,True,68,16,1,1,1,0,4,-4,-4,8888,58,1,1,False,A-,True,False,False,True,True,True
NACC729780,0,0,-4,-4,-4,-4,-4,,-4,-4,-4,-4,-4,-4,-4,300,150,-4,-4,-4,-4,-4,0,0,1,1,1,0,False,True,False,False,0,7,0,0,False,82,17,1,1,1,0,4,-4,-4,8888,-4,-4,-4,True,Unknown,False,False,False,True,True,True
NACC729794,18,7,-4,-4,-4,-4,-4,,-4,-4,-4,-4,-4,-4,-4,124,51,-4,-4,-4,-4,-4,1,1,8,8,8,0,True,True,True,True,8,8,8,8,False,72,16,1,1,1,0,1,-4,-4,1984,-4,-4,-4,True,Unknown,False,True,True,False,True,True
NACC730075,17,7,-4,-4,-4,-4,-4,,-4,-4,-4,-4,-4,-4,-4,300,58,-4,-4,-4,-4,-4,1,1,8,1,1,0,True,True,True,True,0,7,0,0,False,64,4,1,2,50,1,3,-4,-4,2009,-4,-4,-4,True,Unknown,False,True,True,False,True,True
NACC730109,9,6,5,5,24,8,8,,-4,-4,8,22,19,17,14,300,150,16,5,1,17,17,0,0,1,1,2,0,True,False,True,True,1,1,-4,-4,False,78,14,2,1,2,0,4,-4,-4,8888,76,0,0,False,Unknown,True,False,False,True,True,True
NACC730619,-4,-4,-4,-4,-4,8,8,,-4,-4,8,-4,-4,-4,-4,-4,-4,-4,-4,-4,-4,-4,-4,0,1,1,2,0,False,False,False,False,1,1,-4,-4,False,88,16,2,1,1,0,4,-4,-4,-4,888,-4,-4,False,Unknown,False,False,False,True,True,True
NACC731337,32,10,18,19,30,8,8,,-4,-4,8,10,10,6,6,237,29,11,4,0,24,24,1,1,8,1,1,0,True,True,True,True,0,7,-4,-4,False,83,14,1,1,1,0,3,-4,-4,2015,79,1,1,True,Unknown,True,True,True,False,True,True
NACC731690,16,11,-4,-4,-4,-4,-4,,-4,-4,-4,-4,-4,-4,-4,98,44,-4,-4,-4,-4,-4,0,1,8,1,1,0,True,False,True,True,0,7,0,0,False,74,16,1,1,1,0,2,-4,-4,8888,-4,-4,-4,False,Unknown,False,False,True,False,False,True
NACC731869,5,1,10,16,13,8,8,,-4,-4,8,1,2,0,1,300,129,12,4,1,9,9,-4,1,0,0,7,0,True,False,True,True,1,1,-4,-4,False,85,16,2,1,1,0,4,-4,-4,-4,76,0,1,False,Unknown,True,False,True,False,False,True
NACC731873,2,1,-4,-4,-4,-4,-4,,-4,-4,-4,-4,-4,-4,-4,996,996,-4,-4,-4,-4,-4,0,0,1,1,1,0,True,False,True,True,0,7,0,0,False,82,12,1,2,1,1,4,-4,-4,8888,-4,-4,-4,False,Unknown,False,False,False,True,True,True
NACC732031,21,21,-4,-4,-4,-4,-4,,-4,-4,-4,-4,-4,-4,-4,85,41,-4,-4,-4,-4,-4,0,0,8,1,1,1,True,False,True,True,0,7,0,0,False,76,18,2,1,1,0,2,-4,-4,8888,-4,-4,-4,False,Unknown,False,False,False,False,False,False
NACC732080,6,7,-4,-4,-4,-4,-4,,-4,-4,-4,-4,-4,-4,-4,996,150,-4,-4,-4,-4,-4,0,0,1,1,1,0,False,False,False,False,1,2,1,0,False,71,12,2,1,3,0,4,-4,-4,8888,-4,-4,-4,False,Unknown,False,False,False,True,True,True
NACC732291,25,18,19,16,31,8,8,,-4,-4,8,35,22,32,22,49,29,17,17,1,29,29,-4,1,8,8,8,1,True,False,True,True,8,8,-4,-4,False,80,18,2,1,1,0,1,-4,-4,-4,888,0,1,False,Unknown,True,False,True,False,False,True
NACC732706,13,9,8,4,28,8,8,,-4,-4,8,14,9,15,11,293,78,15,12,1,16,17,-4,0,8,1,2,0,True,False,True,True,1,1,-4,-4,False,91,12,1,1,2,0,2,-4,-4,-4,90,1,1,False,Unknown,True,False,False,False,False,False
NACC732865,20,22,9,16,30,8,8,,-4,-4,8,24,19,21,16,85,36,17,10,1,22,22,1,1,8,1,1,0,True,True,True,True,0,7,-4,-4,False,67,20,2,1,1,9,3,-4,-4,2023,62,1,1,False,Unknown,True,True,True,False,True,True
NACC733108,12,5,-4,-4,-4,-4,-4,,-4,-4,-4,-4,-4,-4,-4,996,150,-4,-4,-4,-4,-4,0,0,1,1,1,0,False,False,False,False,0,7,0,0,False,62,12,2,1,1,0,4,-4,-4,8888,-4,-4,-4,False,Unknown,False,False,False,True,True,True
NACC733242,19,18,15,11,27,8,8,,-4,-4,8,19,14,20,15,77,39,16,16,1,21,21,0,1,8,8,8,0,True,True,True,True,8,8,-4,-4,True,55,18,2,1,5,0,1,-4,-4,8888,54,0,1,True,Unknown,True,False,True,False,False,True
NACC733520,11,6,5,6,26,8,8,,-4,-4,8,11,9,1,2,225,37,11,2,0,16,16,0,0,8,1,1,0,True,False,True,True,1,2,-4,-4,False,77,16,1,1,2,0,3,-4,-4,8888,76,1,1,False,Unknown,True,False,False,False,False,False
NACC733553,13,12,18,16,30,8,8,,-4,-4,8,28,19,22,17,139,15,16,9,1,24,24,-4,0,8,1,1,0,True,False,True,True,0,7,-4,-4,False,91,18,2,1,1,0,3,-4,-4,-4,88,0,0,False,Unknown,True,False,False,False,False,False
NACC733610,2,5,-4,-4,-4,-4,-4,,-4,-4,-4,-4,-4,-4,-4,300,150,-4,-4,-4,-4,-4,0,0,1,1,1,0,False,True,False,False,0,7,0,0,False,73,16,1,1,1,0,4,-4,-4,8888,-4,-4,-4,True,Unknown,False,False,False,True,True,True
NACC733722,3,1,-4,-4,-4,-4,-4,,-4,-4,-4,-4,-4,-4,-4,996,996,-4,-4,-4,-4,-4,1,1,1,1,1,0,False,True,False,False,1,2,0,1,False,76,18,1,1,1,0,4,-4,-4,2006,-4,-4,-4,False,Unknown,False,True,True,True,True,True
NACC734231,23,21,20,16,29,8,8,,-4,-4,8,25,19,20,13,63,25,16,10,1,27,27,-4,1,8,8,8,0,True,False,True,True,8,8,-4,-4,False,78,16,1,1,1,0,1,-4,-4,-4,78,0,1,False,Unknown,True,False,True,False,False,True
NACC734580,6,4,11,4,23,8,8,,-4,-4,8,5,4,0,0,300,150,12,97,97,12,12,-4,0,1,1,1,1,True,False,True,True,0,7,-4,-4,False,64,13,2,1,1,0,4,-4,-4,-4,63,0,1,False,Unknown,True,False,False,True,True,True
NACC734780,19,8,-4,-4,-4,-4,-4,,-4,-4,-4,-4,-4,-4,-4,139,55,-4,-4,-4,-4,-4,1,1,8,1,1,0,True,True,True,True,0,7,0,0,False,77,16,1,1,1,0,3,-4,-4,2004,-4,-4,-4,True,Unknown,False,True,True,False,True,True
NACC735154,10,2,11,9,25,8,8,,-4,-4,8,13,10,9,7,996,150,2,0,0,9,9,-4,0,1,1,1,0,False,False,False,True,1,2,-4,-4,False,79,15,1,1,1,0,4,-4,-4,-4,888,0,0,False,Unknown,True,False,False,True,True,True
NACC735197,10,2,6,5,20,8,1,,-4,-4,8,5,4,8,5,300,44,16,3,0,12,12,-4,0,1,1,2,0,False,False,False,False,1,1,-4,-4,False,65,16,2,1,1,0,4,-4,-4,-4,888,0,0,False,A+,True,False,False,True,True,True
NACC736003,14,10,8,11,26,0,0,,-4,-4,8,10,7,0,0,132,40,16,0,0,13,13,-4,0,0,1,2,1,True,False,True,True,1,1,-4,-4,False,84,16,2,1,1,1,4,-4,-4,-4,82,0,1,False,A-,True,False,False,False,False,False
NACC736098,19,15,-4,-4,-4,-4,-4,,-4,-4,-4,-4,-4,-4,-4,996,139,-4,-4,-4,-4,-4,0,0,8,1,1,0,True,False,True,True,0,7,0,0,False,73,15,1,1,2,0,3,-4,-4,8888,-4,-4,-4,False,Unknown,False,False,False,False,False,False
NACC736111,14,7,-4,-4,-4,-4,-4,,-4,-4,-4,-4,-4,-4,-4,167,40,-4,-4,-4,-4,-4,0,1,8,1,1,0,True,True,True,True,0,7,0,0,False,60,18,1,1,1,0,3,-4,-4,8888,-4,-4,-4,False,Unknown,False,False,True,False,False,True
NACC736851,-4,-4,-4,-4,-4,8,8,,-4,-4,8,-4,-4,-4,-4,-4,-4,-4,-4,-4,-4,-4,-4,1,1,1,2,0,True,False,True,True,1,1,-4,-4,False,80,22,1,1,1,0,4,-4,-4,-4,79,-4,-4,False,Unknown,False,False,True,True,True,True
NACC736908,8,4,-4,-4,-4,-4,-4,,-4,-4,-4,-4,-4,-4,-4,300,88,-4,-4,-4,-4,-4,0,0,1,1,2,0,False,False,False,False,1,1,1,0,False,69,12,2,1,2,0,4,-4,-4,8888,-4,-4,-4,False,Unknown,False,False,False,True,True,True
NACC737083,22,16,14,19,32,8,8,,-4,-4,8,13,11,12,12,68,35,16,14,1,29,29,0,0,8,1,1,1,True,True,True,True,0,7,-4,-4,True,73,16,1,1,1,0,3,-4,-4,8888,71,1,1,False,Unknown,True,False,False,False,False,False
NACC737401,9,3,-4,-4,-4,-4,-4,,-4,-4,-4,-4,-4,-4,-4,300,82,-4,-4,-4,-4,-4,0,0,1,1,1,0,True,True,True,True,1,2,1,0,False,91,18,1,1,1,0,4,-4,-4,8888,-4,-4,-4,False,Unknown,False,False,False,True,True,True
NACC737787,-4,-4,-4,-4,-4,1,8,,-4,-4,8,-4,-4,-4,-4,-4,-4,-4,-4,-4,-4,-4,-4,0,1,1,2,0,True,False,True,True,1,1,-4,-4,False,70,12,1,1,1,1,4,-4,-4,-4,65,-4,-4,False,A+,False,False,False,True,True,True
NACC737970,0,0,-4,-4,-4,-4,-4,,-4,-4,-4,-4,-4,-4,-4,997,997,-4,-4,-4,-4,-4,1,1,0,1,1,0,True,True,True,True,0,7,0,0,False,79,18,1,1,1,0,4,-4,-4,1995,-4,-4,-4,True,Unknown,False,True,True,False,True,True
NACC738453,18,16,-4,-4,-4,-4,-4,,-4,-4,-4,-4,-4,-4,-4,117,30,-4,-4,-4,-4,-4,1,1,8,1,1,0,True,True,True,True,0,7,0,0,False,65,8,2,1,1,0,3,-4,-4,1993,-4,-4,-4,True,Unknown,False,True,True,False,True,True
NACC738631,97,97,-4,-4,-4,-4,-4,,-4,-4,-4,-4,-4,-4,-4,997,997,-4,-4,-4,-4,-4,0,0,1,1,1,0,False,True,False,False,0,7,0,0,False,81,99,1,1,1,0,4,-4,-4,8888,-4,-4,-4,True,Unknown,False,False,False,True,True,True
NACC738790,9,7,-4,-4,-4,-4,-4,,-4,-4,-4,-4,-4,-4,-4,155,52,-4,-4,-4,-4,-4,1,1,8,1,1,0,True,True,True,True,0,7,0,0,False,84,20,1,1,1,0,2,-4,-4,2003,-4,-4,-4,True,Unknown,False,True,True,False,True,True
NACC738821,15,10,15,13,28,8,8,,-4,-4,8,15,12,10,11,82,34,16,8,1,27,27,1,1,8,1,1,0,True,True,True,True,0,7,-4,-4,False,70,20,1,1,1,1,3,-4,-4,2023,69,0,1,False,Unknown,True,True,True,False,True,True
NACC739532,4,2,-4,-4,-4,-4,-4,,-4,-4,-4,-4,-4,-4,-4,996,996,-4,-4,-4,-4,-4,0,0,1,1,1,0,False,True,False,False,1,2,1,0,False,53,18,2,1,1,0,4,-4,-4,8888,-4,-4,-4,False,Unknown,False,False,False,True,True,True
NACC739608,23,13,-4,-4,-4,-4,-4,,-4,-4,-4,-4,-4,-4,-4,200,32,-4,-4,-4,-4,-4,0,0,8,1,1,0,True,True,True,True,0,7,0,0,False,67,20,1,1,1,0,3,-4,-4,8888,-4,-4,-4,False,Unknown,False,False,False,False,False,False
NACC739662,18,13,7,4,29,8,8,,-4,-4,8,25,19,24,21,111,48,13,12,1,26,27,-4,1,8,8,8,0,True,False,True,True,8,8,-4,-4,False,69,12,1,1,1,0,1,-4,-4,-4,66,1,1,True,Unknown,True,False,True,False,False,True
NACC739771,20,3,12,24,32,-4,-4,,-4,-4,-4,13,11,9,7,99,52,15,10,1,25,25,0,-4,8,1,1,1,True,True,True,True,0,8,-4,-4,True,79,20,1,1,-4,0,4,12,888,-4,-4,-4,1,True,Unknown,True,False,False,False,False,False
NACC739790,97,97,97,97,97,8,8,,-4,-4,8,97,97,97,97,997,997,97,97,97,88,88,1,0,1,1,1,0,True,True,True,True,0,7,-4,-4,False,63,12,2,1,2,0,4,-4,-4,2010,57,0,0,False,Unknown,False,True,False,True,True,True
NACC740122,16,10,13,13,32,8,8,,-4,-4,8,29,20,27,19,86,41,14,7,1,29,29,0,1,8,8,8,0,True,False,True,True,8,8,-4,-4,False,73,16,2,1,1,0,1,-4,-4,8888,70,1,1,False,Unknown,True,False,True,False,False,True
NACC740566,22,11,13,15,29,0,8,,-4,-4,8,19,16,18,14,41,25,17,13,1,28,28,1,1,8,8,8,1,True,True,True,True,8,8,-4,-4,False,36,20,1,8,1,0,1,-4,-4,2022,33,0,1,True,A-,True,True,True,False,True,True
NACC741498,12,8,-4,-4,-4,-4,-4,,-4,-4,-4,-4,-4,-4,-4,300,997,-4,-4,-4,-4,-4,0,0,1,1,1,0,True,True,True,True,0,7,0,0,False,68,18,1,1,1,0,4,-4,-4,8888,-4,-4,-4,True,Unknown,False,False,False,True,True,True
NACC741526,4,4,5,5,9,1,1,,-4,-4,8,3,3,7,6,300,93,15,10,0,17,17,0,0,8,1,2,1,True,True,True,True,1,1,-4,-4,True,85,20,1,8,5,0,3,-4,-4,8888,888,0,1,False,A+,True,False,False,False,False,False
NACC741794,27,97,14,18,32,8,8,,-4,-4,8,26,18,23,18,49,25,16,15,1,30,30,1,1,8,8,8,0,True,True,True,True,8,8,-4,-4,False,57,16,2,1,1,0,1,-4,-4,2014,47,1,1,True,Unknown,False,True,True,False,True,True
NACC741830,10,1,5,3,30,8,8,,-4,-4,8,21,12,12,10,996,142,4,4,0,13,13,-4,0,1,1,1,0,True,False,True,True,0,7,-4,-4,False,82,18,1,1,1,0,4,-4,-4,-4,75,0,1,True,Unknown,True,False,False,True,True,True
NACC742081,27,16,15,14,32,8,8,,-4,-4,8,15,11,16,11,118,57,17,12,1,27,27,1,1,8,8,8,0,True,True,True,True,8,8,-4,-4,False,70,18,1,1,1,0,1,-4,-4,2011,61,1,1,True,Unknown,True,True,True,False,True,True
NACC742571,23,14,16,15,30,8,8,,-4,-4,8,30,20,26,18,73,35,15,12,1,29,29,1,1,8,8,8,0,True,True,True,True,8,8,-4,-4,False,77,16,2,1,1,0,1,-4,-4,2012,69,0,1,True,Unknown,True,True,True,False,True,True
NACC742830,14,10,10,6,31,0,8,,-4,-4,8,18,15,10,11,172,67,14,10,1,23,23,1,1,8,1,1,1,True,True,True,True,0,7,-4,-4,False,70,16,1,1,2,0,3,-4,-4,2023,60,1,1,True,A-,True,True,True,False,True,True
NACC743154,8,7,14,17,-4,8,8,,-4,-4,8,-4,-4,-4,-4,996,40,13,8,1,-4,-4,-4,0,1,1,1,0,True,False,True,True,0,7,-4,-4,False,73,12,1,1,1,0,4,-4,-4,-4,72,0,1,True,Unknown,False,False,False,True,True,True
NACC743582,17,19,-4,-4,-4,-4,-4,,-4,-4,-4,-4,-4,-4,-4,285,52,-4,-4,-4,-4,-4,1,1,8,1,1,0,True,True,True,True,0,7,0,0,False,81,13,1,1,1,0,3,-4,-4,2000,-4,-4,-4,True,Unknown,False,True,True,False,True,True
NACC744102,14,9,15,12,27,8,8,,-4,-4,8,20,12,19,12,139,32,13,8,1,18,18,-4,1,8,1,1,0,True,False,True,True,0,7,-4,-4,False,76,14,1,1,1,0,3,-4,-4,-4,75,1,1,True,Unknown,True,False,True,False,False,True
NACC744382,7,5,-4,-4,-4,-4,-4,,-4,-4,-4,-4,-4,-4,-4,300,105,-4,-4,-4,-4,-4,0,0,1,1,1,0,True,False,True,True,0,7,0,0,False,74,16,2,1,1,0,4,-4,-4,8888,-4,-4,-4,True,Unknown,False,False,False,True,True,True
NACC744619,14,6,-4,-4,-4,-4,-4,,-4,-4,-4,-4,-4,-4,-4,996,150,-4,-4,-4,-4,-4,0,0,1,1,1,0,True,False,True,True,0,7,0,0,False,61,12,2,1,1,0,4,-4,-4,8888,-4,-4,-4,False,Unknown,False,False,False,True,True,True
NACC744751,23,9,10,4,30,8,8,,-4,-4,8,12,10,6,7,79,36,17,14,1,20,21,1,0,8,1,1,1,True,True,True,True,0,7,-4,-4,False,55,12,1,1,1,0,3,-4,-4,2014,53,0,1,True,Unknown,True,True,False,False,True,True
NACC744978,21,11,-4,-4,-4,-4,-4,,-4,-4,-4,-4,-4,-4,-4,81,36,-4,-4,-4,-4,-4,0,0,1,1,2,0,False,False,False,True,1,1,1,0,False,78,12,1,1,1,0,4,-4,-4,8888,-4,-4,-4,False,Unknown,False,False,False,True,True,True
NACC745316,0,0,-4,-4,-4,-4,-4,,-4,-4,-4,-4,-4,-4,-4,996,996,-4,-4,-4,-4,-4,0,0,1,1,2,0,False,True,False,False,1,1,0,1,False,82,14,1,1,1,0,4,-4,-4,8888,-4,-4,-4,False,Unknown,False,False,False,True,True,True
NACC745491,10,5,7,98,96,8,8,,-4,-4,8,22,13,19,13,996,150,96,96,96,11,99,1,0,1,1,1,1,True,True,True,True,0,7,-4,-4,False,72,99,1,1,1,0,4,-4,-4,9999,57,1,1,False,Unknown,False,True,False,True,True,True
NACC745535,96,96,96,96,96,8,8,,-4,-4,8,96,96,96,96,996,996,96,96,96,4,4,0,1,0,1,2,0,True,False,True,True,1,1,-4,-4,False,75,20,1,1,1,0,4,-4,-4,8888,73,1,1,False,Unknown,False,False,True,False,False,True
NACC745894,5,0,96,96,16,8,8,,-4,-4,8,96,96,96,96,996,996,96,96,96,9,9,-4,0,1,1,2,0,False,False,False,True,1,1,-4,-4,False,63,14,2,1,1,0,4,-4,-4,-4,888,0,0,False,Unknown,False,False,False,True,True,True
NACC745930,14,15,15,18,-4,1,1,,-4,-4,0,9,9,5,6,-4,-4,-4,-4,-4,-4,-4,-4,1,8,1,1,0,True,False,True,True,0,7,-4,-4,False,73,13,2,1,3,0,3,-4,-4,-4,66,-4,-4,True,A+,False,False,True,False,False,True
NACC745948,23,13,-4,-4,-4,-4,-4,,-4,-4,-4,-4,-4,-4,-4,89,41,-4,-4,-4,-4,-4,0,1,8,1,1,0,True,False,True,True,0,7,0,0,False,73,18,1,1,1,0,2,-4,-4,8888,-4,-4,-4,False,Unknown,False,False,True,False,False,True
NACC746200,-4,-4,-4,-4,-4,-4,-4,,-4,-4,-4,-4,-4,-4,-4,-4,-4,-4,-4,-4,-4,-4,0,0,1,1,1,0,False,True,False,False,0,7,0,0,False,66,99,1,9,99,9,4,-4,-4,8888,-4,-4,-4,False,Unknown,False,False,False,True,True,True
NACC746348,20,7,7,40,30,8,8,,-4,-4,8,22,15,20,16,183,37,15,7,1,23,23,0,0,8,1,1,0,True,False,True,True,0,7,-4,-4,False,83,20,1,1,1,0,3,-4,-4,8888,80,0,0,False,Unknown,True,False,False,False,False,False
NACC746456,18,7,-4,-4,-4,-4,-4,,-4,-4,-4,-4,-4,-4,-4,300,52,-4,-4,-4,-4,-4,1,1,0,1,3,0,True,True,True,True,1,1,0,1,False,81,16,1,1,1,0,4,-4,-4,2011,-4,-4,-4,False,Unknown,False,True,True,False,True,True
NACC746883,2,3,-4,-4,-4,-4,-4,,-4,-4,-4,-4,-4,-4,-4,127,44,-4,-4,-4,-4,-4,0,0,1,1,2,0,True,False,True,True,1,1,1,0,False,71,13,2,1,1,0,4,-4,-4,8888,-4,-4,-4,False,Unknown,False,False,False,True,True,True
NACC746893,97,97,97,97,97,8,8,,-4,-4,8,97,97,97,97,300,88,97,97,97,21,21,1,0,1,1,1,0,True,True,True,True,0,7,-4,-4,False,69,16,1,1,1,0,4,-4,-4,2015,67,1,1,True,Unknown,False,True,False,True,True,True
NACC746950,96,96,-4,-4,-4,-4,-4,,-4,-4,-4,-4,-4,-4,-4,996,996,-4,-4,-4,-4,-4,0,0,1,1,1,0,False,False,False,False,0,7,0,0,False,86,14,2,1,1,0,4,-4,-4,8888,-4,-4,-4,False,Unknown,False,False,False,True,True,True
NACC747114,12,6,-4,-4,-4,-4,-4,,-4,-4,-4,-4,-4,-4,-4,300,118,-4,-4,-4,-4,-4,1,1,0,1,1,0,True,True,True,True,0,7,0,0,False,74,8,1,1,2,0,4,-4,-4,2006,-4,-4,-4,True,Unknown,False,True,True,False,True,True
NACC747234,13,7,-4,-4,-4,-4,-4,,-4,-4,-4,-4,-4,-4,-4,122,36,-4,-4,-4,-4,-4,1,1,8,1,2,0,True,True,True,True,1,1,1,0,False,84,12,1,1,1,0,3,-4,-4,2007,-4,-4,-4,True,Unknown,False,True,True,False,True,True
NACC747402,8,8,-4,-4,-4,-4,-4,,-4,-4,-4,-4,-4,-4,-4,996,77,-4,-4,-4,-4,-4,0,0,1,1,1,0,False,True,False,False,1,2,0,1,False,75,16,1,1,2,0,4,-4,-4,8888,-4,-4,-4,False,Unknown,False,False,False,True,True,True
NACC747417,9,1,-4,-4,-4,-4,-4,,-4,-4,-4,-4,-4,-4,-4,300,48,-4,-4,-4,-4,-4,0,0,1,1,1,0,False,False,False,True,0,7,0,0,False,84,12,1,1,1,0,4,-4,-4,8888,-4,-4,-4,False,Unknown,False,False,False,True,True,True
NACC747865,96,96,-4,-4,-4,-4,-4,,-4,-4,-4,-4,-4,-4,-4,996,996,-4,-4,-4,-4,-4,0,0,1,1,1,0,True,True,True,True,1,2,0,1,False,85,10,2,1,1,0,4,-4,-4,8888,-4,-4,-4,False,Unknown,False,False,False,True,True,True
NACC747912,6,4,-4,-4,-4,-4,-4,,-4,-4,-4,-4,-4,-4,-4,996,150,-4,-4,-4,-4,-4,0,0,1,1,2,0,False,False,False,False,1,1,1,0,False,70,12,2,1,1,0,4,-4,-4,8888,-4,-4,-4,False,Unknown,False,False,False,True,True,True
NACC747979,12,5,5,7,29,1,1,,-4,-4,1,7,6,6,4,996,150,5,2,0,11,11,-4,0,0,1,2,0,True,False,True,True,1,1,-4,-4,False,58,18,2,1,1,0,4,-4,-4,-4,55,0,1,False,A+,True,False,False,False,False,False
NACC748652,17,13,8,3,28,8,8,,-4,-4,8,14,12,9,8,300,64,14,6,1,18,18,0,0,1,1,1,1,True,False,True,True,0,7,-4,-4,True,68,16,1,1,1,0,4,-4,-4,8888,66,1,1,False,Unknown,True,False,False,True,True,True
NACC749201,10,13,11,7,26,8,8,,-4,-4,8,13,8,11,10,300,79,16,10,1,16,17,0,0,8,1,1,0,True,True,True,True,0,7,-4,-4,True,60,8,1,2,1,1,3,-4,-4,8888,55,0,1,False,Unknown,True,False,False,False,False,False
NACC749418,15,8,-4,-4,-4,-4,-4,,-4,-4,-4,-4,-4,-4,-4,300,89,-4,-4,-4,-4,-4,0,0,8,1,1,0,True,True,True,True,0,7,0,0,False,86,11,1,1,1,0,3,-4,-4,8888,-4,-4,-4,True,Unknown,False,False,False,False,False,False
NACC749594,97,97,-4,-4,-4,-4,-4,,-4,-4,-4,-4,-4,-4,-4,997,150,-4,-4,-4,-4,-4,9,0,1,1,1,0,False,True,False,False,0,7,0,0,False,81,12,2,1,1,0,4,-4,-4,8888,-4,-4,-4,False,Unknown,False,False,False,True,True,True
NACC749773,14,10,8,7,32,8,8,,-4,-4,8,29,20,28,19,81,32,14,14,1,25,25,1,1,8,8,8,0,True,True,True,True,8,8,-4,-4,False,61,16,1,1,1,0,1,-4,-4,2007,49,1,1,True,Unknown,True,True,True,False,True,True
NACC750234,7,5,-4,-4,-4,-4,-4,,-4,-4,-4,-4,-4,-4,-4,998,150,-4,-4,-4,-4,-4,0,0,1,1,1,0,False,False,False,False,0,7,0,0,False,89,16,1,1,1,0,4,-4,-4,8888,-4,-4,-4,False,Unknown,False,False,False,True,True,True
NACC750770,18,12,-4,-4,-4,-4,-4,,-4,-4,-4,-4,-4,-4,-4,204,34,-4,-4,-4,-4,-4,0,0,8,1,1,0,True,True,True,True,0,7,0,0,False,75,12,1,1,1,0,3,-4,-4,8888,-4,-4,-4,True,Unknown,False,False,False,False,False,False
NACC751117,97,5,18,9,31,8,8,,-4,-4,8,3,2,4,4,300,56,97,97,97,88,88,0,0,0,1,1,0,True,False,True,True,1,2,-4,-4,False,77,18,1,1,1,0,4,-4,-4,8888,75,1,1,False,Unknown,False,False,False,False,False,False
NACC751403,12,7,5,9,-4,8,8,,-4,-4,8,-4,-4,-4,-4,228,46,12,2,0,-4,-4,-4,0,8,1,2,0,True,False,True,True,1,1,-4,-4,False,96,17,1,1,1,0,3,-4,-4,-4,96,0,1,True,Unknown,False,False,False,False,False,False
NACC751686,8,12,-4,-4,-4,-4,-4,,-4,-4,-4,-4,-4,-4,-4,300,150,-4,-4,-4,-4,-4,0,0,1,1,2,0,False,False,False,False,1,1,1,0,False,75,12,2,1,1,0,4,-4,-4,8888,-4,-4,-4,False,Unknown,False,False,False,True,True,True
NACC752428,13,7,-4,-4,-4,-4,-4,,-4,-4,-4,-4,-4,-4,-4,113,38,-4,-4,-4,-4,-4,0,0,1,1,1,0,True,False,True,True,0,7,0,0,False,67,16,1,1,1,0,4,-4,-4,8888,-4,-4,-4,False,Unknown,False,False,False,True,True,True
NACC752831,17,8,-4,-4,-4,-4,-4,,-4,-4,-4,-4,-4,-4,-4,90,58,-4,-4,-4,-4,-4,0,0,1,1,2,0,False,False,False,False,1,1,1,0,False,87,18,2,1,1,0,4,-4,-4,8888,-4,-4,-4,False,Unknown,False,False,False,True,True,True
NACC753020,16,13,-4,-4,-4,-4,-4,,-4,-4,-4,-4,-4,-4,-4,300,150,-4,-4,-4,-4,-4,0,0,1,1,1,0,False,False,False,True,0,7,0,0,False,80,18,1,1,1,0,4,-4,-4,8888,-4,-4,-4,False,Unknown,False,False,False,True,True,True
NACC753797,12,8,17,16,32,8,8,,-4,-4,8,9,10,7,7,300,67,13,9,1,20,20,1,1,1,1,1,1,True,True,True,True,0,7,-4,-4,False,77,18,1,1,1,0,4,-4,-4,2011,70,1,1,True,Unknown,True,True,True,True,True,True
NACC753972,12,6,5,4,28,8,8,,-4,-4,8,2,1,0,0,996,150,2,3,0,10,10,0,0,1,1,1,0,True,False,True,True,0,7,-4,-4,True,67,15,1,1,1,0,4,-4,-4,8888,66,1,1,False,Unknown,True,False,False,True,True,True
NACC753979,20,11,-4,-4,-4,-4,-4,,-4,-4,-4,-4,-4,-4,-4,48,23,-4,-4,-4,-4,-4,0,0,1,1,2,0,False,False,False,True,1,1,0,1,False,73,16,1,1,1,0,4,-4,-4,8888,-4,-4,-4,False,Unknown,False,False,False,True,True,True
NACC754070,5,0,-4,-4,-4,-4,-4,,-4,-4,-4,-4,-4,-4,-4,996,996,-4,-4,-4,-4,-4,0,0,1,1,1,0,True,True,True,True,0,7,0,0,False,75,12,1,1,1,0,4,-4,-4,8888,-4,-4,-4,False,Unknown,False,False,False,True,True,True
NACC754522,96,96,-4,-4,-4,-4,-4,,-4,-4,-4,-4,-4,-4,-4,996,996,-4,-4,-4,-4,-4,0,1,0,1,2,0,True,True,True,True,1,1,1,0,False,93,16,2,1,1,0,4,-4,-4,8888,-4,-4,-4,True,Unknown,False,False,True,False,False,True
NACC754871,8,6,5,6,-4,1,8,,-4,-4,8,14,9,13,7,-4,-4,-4,-4,-4,-4,-4,-4,1,0,1,3,0,True,False,True,True,1,1,-4,-4,False,93,16,1,1,1,0,4,-4,-4,-4,90,-4,-4,False,A+,False,False,True,False,False,True
NACC754958,19,12,13,11,29,8,8,,-4,-4,8,24,16,23,15,113,39,14,10,1,27,28,1,1,8,8,8,1,True,True,True,True,8,8,-4,-4,False,72,12,1,1,1,0,1,-4,-4,2018,62,0,1,False,Unknown,True,True,True,False,True,True
NACC755138,19,18,18,14,32,8,8,,-4,-4,8,34,22,28,20,90,21,14,11,1,23,23,1,1,8,8,8,0,True,True,True,True,8,8,-4,-4,False,72,18,2,1,1,0,1,-4,-4,2016,69,0,1,True,Unknown,True,True,True,False,True,True
NACC755226,7,2,-4,-4,-4,-4,-4,,-4,-4,-4,-4,-4,-4,-4,300,100,-4,-4,-4,-4,-4,1,1,0,1,2,0,True,True,True,True,0,7,0,0,False,82,20,1,1,1,0,4,-4,-4,2003,-4,-4,-4,False,Unknown,False,True,True,False,True,True
NACC755507,-4,-4,-4,-4,-4,-4,-4,,-4,-4,-4,-4,-4,-4,-4,-4,-4,-4,-4,-4,-4,-4,0,0,1,1,1,0,True,True,True,True,0,7,0,0,False,73,16,1,8,1,0,4,-4,-4,8888,-4,-4,-4,True,Unknown,False,False,False,True,True,True
NACC755537,96,96,-4,-4,-4,-4,-4,,-4,-4,-4,-4,-4,-4,-4,996,996,-4,-4,-4,-4,-4,0,0,1,1,1,0,False,False,False,False,0,7,0,0,False,89,12,2,1,1,0,4,-4,-4,8888,-4,-4,-4,False,Unknown,False,False,False,True,True,True
NACC755692,-4,-4,-4,-4,-4,-4,-4,,-4,-4,-4,-4,-4,-4,-4,-4,-4,-4,-4,-4,-4,-4,1,1,0,1,3,0,True,True,True,True,0,7,0,0,False,71,14,1,1,1,0,4,-4,-4,2009,-4,-4,-4,False,Unknown,False,True,True,False,True,True
NACC755832,11,5,-4,-4,-4,-4,-4,,-4,-4,-4,-4,-4,-4,-4,300,78,-4,-4,-4,-4,-4,9,0,1,1,2,0,False,True,False,True,1,1,1,0,False,79,16,1,1,1,0,4,-4,-4,8888,-4,-4,-4,False,Unknown,False,False,False,True,True,True
NACC756398,24,11,10,9,26,8,8,,-4,-4,8,12,11,15,14,58,18,16,8,0,19,19,0,0,1,1,1,0,True,False,True,True,1,2,-4,-4,False,45,14,1,1,1,0,4,-4,-4,8888,43,1,1,False,Unknown,True,False,False,True,True,True
NACC757507,18,13,6,8,30,8,8,,-4,-4,8,18,14,17,16,92,36,16,12,1,25,25,-4,0,8,1,1,1,True,False,True,True,0,7,-4,-4,True,77,14,2,1,1,0,3,-4,-4,-4,76,0,1,False,Unknown,True,False,False,False,False,False
NACC757648,15,8,-4,-4,-4,-4,-4,,-4,-4,-4,-4,-4,-4,-4,125,80,-4,-4,-4,-4,-4,0,0,1,1,1,0,False,False,False,True,0,7,0,0,False,73,16,1,1,1,0,4,-4,-4,8888,-4,-4,-4,False,Unknown,False,False,False,True,True,True
NACC757726,18,7,12,10,32,8,8,,-4,-4,8,23,16,17,15,139,46,14,6,1,25,25,1,1,8,1,1,0,True,True,True,True,0,7,-4,-4,False,67,18,2,1,1,0,2,-4,-4,2011,52,1,1,True,Unknown,True,True,True,False,True,True
NACC757775,96,96,-4,-4,-4,-4,-4,,-4,-4,-4,-4,-4,-4,-4,996,996,-4,-4,-4,-4,-4,0,0,1,1,1,0,True,True,True,True,1,2,1,0,False,70,16,1,1,1,0,4,-4,-4,8888,-4,-4,-4,False,Unknown,False,False,False,True,True,True
NACC758057,20,12,-4,-4,-4,-4,-4,,-4,-4,-4,-4,-4,-4,-4,300,142,-4,-4,-4,-4,-4,0,0,1,1,2,0,False,False,False,False,1,1,1,0,False,55,15,2,1,1,0,4,-4,-4,8888,-4,-4,-4,False,Unknown,False,False,False,True,True,True
NACC758304,5,2,-4,-4,-4,-4,-4,,-4,-4,-4,-4,-4,-4,-4,996,149,-4,-4,-4,-4,-4,0,0,1,1,1,0,True,False,True,True,1,2,0,1,False,68,15,2,1,1,0,4,-4,-4,8888,-4,-4,-4,False,Unknown,False,False,False,True,True,True
NACC758634,4,3,0,0,17,8,8,,-4,-4,8,4,3,2,2,996,996,0,96,96,5,5,1,0,1,1,1,0,True,True,True,True,0,7,-4,-4,False,60,16,1,1,1,0,4,-4,-4,2011,56,0,1,True,Unknown,True,True,False,True,True,True
NACC758646,8,5,-4,-4,-4,-4,-4,,-4,-4,-4,-4,-4,-4,-4,300,150,-4,-4,-4,-4,-4,0,0,1,1,1,0,False,True,False,False,0,7,0,0,False,78,16,2,1,1,0,4,-4,-4,8888,-4,-4,-4,True,Unknown,False,False,False,True,True,True
NACC759456,12,9,14,14,32,0,8,,-4,-4,8,28,18,19,12,72,28,16,12,1,29,29,-4,1,8,1,1,0,True,False,True,True,0,7,-4,-4,False,69,14,1,1,1,1,3,-4,-4,-4,65,0,1,True,A-,True,False,True,False,False,True
NACC759608,6,4,-4,-4,-4,-4,-4,,-4,-4,-4,-4,-4,-4,-4,996,150,-4,-4,-4,-4,-4,0,0,1,1,1,0,True,True,True,True,0,7,0,0,False,73,14,1,1,1,0,4,-4,-4,8888,-4,-4,-4,False,Unknown,False,False,False,True,True,True
NACC760133,23,7,-4,-4,-4,-4,-4,,-4,-4,-4,-4,-4,-4,-4,67,38,-4,-4,-4,-4,-4,0,0,1,1,2,0,False,False,False,True,1,1,0,1,False,63,16,1,1,2,0,4,-4,-4,8888,-4,-4,-4,False,Unknown,False,False,False,True,True,True
NACC760476,10,7,-4,-4,-4,-4,-4,,-4,-4,-4,-4,-4,-4,-4,300,150,-4,-4,-4,-4,-4,0,0,1,1,2,0,False,False,False,False,1,1,1,0,False,75,16,1,1,1,0,4,-4,-4,8888,-4,-4,-4,False,Unknown,False,False,False,True,True,True
NACC760693,14,6,6,6,26,8,8,,-4,-4,8,3,4,1,2,996,62,6,1,0,8,9,1,1,1,1,1,0,True,True,True,True,0,7,-4,-4,False,70,12,2,1,1,0,4,-4,-4,2006,53,1,1,True,Unknown,True,True,True,True,True,True
NACC760831,4,6,-4,-4,-4,-4,-4,,-4,-4,-4,-4,-4,-4,-4,996,129,-4,-4,-4,-4,-4,0,0,1,1,1,0,False,False,False,False,0,7,0,0,False,75,16,2,1,2,0,4,-4,-4,8888,-4,-4,-4,False,Unknown,False,False,False,True,True,True
NACC761280,19,12,16,11,-4,0,8,,-4,-4,8,35,24,33,22,-4,-4,-4,-4,-4,-4,-4,-4,1,8,1,3,0,True,False,True,True,0,7,-4,-4,True,51,20,1,1,1,0,3,-4,-4,-4,44,-4,-4,True,A-,False,False,True,False,False,True
NACC761432,9,7,-4,-4,-4,-4,-4,,-4,-4,-4,-4,-4,-4,-4,300,52,-4,-4,-4,-4,-4,1,1,8,1,1,0,True,True,True,True,0,7,0,0,False,71,12,1,1,1,0,3,-4,-4,2004,-4,-4,-4,True,Unknown,False,True,True,False,True,True
NACC762118,15,11,-4,-4,-4,-4,-4,,-4,-4,-4,-4,-4,-4,-4,160,65,-4,-4,-4,-4,-4,1,1,8,8,8,0,True,True,True,True,8,8,8,8,False,67,12,1,1,1,0,1,-4,-4,1994,-4,-4,-4,True,Unknown,False,True,True,False,True,True
NACC762145,-4,-4,-4,-4,-4,0,0,,-4,-4,0,-4,-4,-4,-4,-4,-4,-4,-4,-4,-4,-4,-4,0,1,1,2,0,False,False,False,False,1,1,-4,-4,False,94,12,1,1,1,0,4,-4,-4,-4,888,-4,-4,False,A-,False,False,False,True,True,True
NACC762338,14,10,13,16,30,8,8,,-4,-4,8,21,14,18,14,136,51,13,12,1,25,25,-4,1,8,8,8,0,True,False,True,True,8,8,-4,-4,False,72,19,1,1,1,0,1,-4,-4,-4,70,1,1,False,Unknown,True,False,True,False,False,True
NACC762588,8,3,-4,-4,-4,-4,-4,,-4,-4,-4,-4,-4,-4,-4,996,122,-4,-4,-4,-4,-4,0,0,1,1,1,0,False,True,False,False,1,2,0,1,False,85,16,1,1,1,0,4,-4,-4,8888,-4,-4,-4,False,Unknown,False,False,False,True,True,True
NACC762748,19,11,6,6,30,8,8,,-4,-4,8,28,19,25,16,90,33,15,13,1,24,24,1,1,8,8,8,0,True,True,True,True,8,8,-4,-4,False,70,16,1,1,1,0,1,-4,-4,2005,54,1,1,True,Unknown,True,True,True,False,True,True
NACC762874,16,8,-4,-4,-4,-4,-4,,-4,-4,-4,-4,-4,-4,-4,996,49,-4,-4,-4,-4,-4,0,0,1,1,2,0,False,False,False,False,1,1,1,0,False,83,15,2,1,1,0,4,-4,-4,8888,-4,-4,-4,False,Unknown,False,False,False,True,True,True
NACC762902,-4,-4,-4,-4,-4,8,8,,-4,-4,8,-4,-4,-4,-4,-4,-4,-4,-4,-4,-4,-4,-4,1,0,1,2,0,True,False,True,True,1,1,-4,-4,False,78,16,2,1,1,0,4,-4,-4,-4,77,-4,-4,True,Unknown,False,False,True,False,False,True
NACC763124,12,6,-4,-4,-4,-4,-4,,-4,-4,-4,-4,-4,-4,-4,189,61,-4,-4,-4,-4,-4,9,0,1,1,1,0,False,True,False,False,0,7,0,0,False,62,19,1,1,1,0,4,-4,-4,8888,-4,-4,-4,False,Unknown,False,False,False,True,True,True
NACC763135,23,13,13,18,32,8,0,,-4,-4,8,26,19,22,17,100,30,15,12,1,27,27,0,0,8,1,1,1,True,False,True,True,0,7,-4,-4,False,69,18,1,1,1,0,3,-4,-4,8888,888,0,1,False,A-,True,False,False,False,False,False
NACC763435,14,7,-4,-4,-4,-4,-4,,-4,-4,-4,-4,-4,-4,-4,125,37,-4,-4,-4,-4,-4,0,0,1,1,1,0,False,True,False,False,0,7,0,0,False,55,12,1,1,1,0,4,-4,-4,8888,-4,-4,-4,True,Unknown,False,False,False,True,True,True
NACC763527,6,3,-4,-4,-4,-4,-4,,-4,-4,-4,-4,-4,-4,-4,300,150,-4,-4,-4,-4,-4,0,0,1,1,1,0,False,False,False,False,0,7,0,0,False,77,12,2,1,1,0,4,-4,-4,8888,-4,-4,-4,False,Unknown,False,False,False,True,True,True
NACC764494,15,11,17,14,29,8,8,,-4,-4,8,18,12,14,10,113,53,13,0,1,21,22,-4,1,0,1,1,0,True,False,True,True,0,7,-4,-4,False,84,12,1,1,1,0,4,-4,-4,-4,83,1,1,False,Unknown,True,False,True,False,False,True
NACC764547,20,9,9,11,97,0,0,,-4,-4,8,2,3,5,5,238,25,16,10,1,22,22,0,0,1,1,1,0,True,False,True,True,0,7,-4,-4,True,68,15,1,1,1,0,4,-4,-4,8888,64,0,1,True,A-,False,False,False,True,True,True
NACC764693,15,8,-4,-4,-4,-4,-4,,-4,-4,-4,-4,-4,-4,-4,174,38,-4,-4,-4,-4,-4,1,1,8,8,8,0,True,True,True,True,8,8,8,8,False,75,18,1,1,1,0,1,-4,-4,2006,-4,-4,-4,True,Unknown,False,True,True,False,True,True
NACC764713,96,96,-4,-4,-4,-4,-4,,-4,-4,-4,-4,-4,-4,-4,996,996,-4,-4,-4,-4,-4,0,0,1,1,1,0,True,False,True,True,1,2,0,1,False,86,16,2,1,1,0,4,-4,-4,8888,-4,-4,-4,False,Unknown,False,False,False,True,True,True
NACC765193,19,11,-4,-4,-4,-4,-4,,-4,-4,-4,-4,-4,-4,-4,269,83,-4,-4,-4,-4,-4,0,0,1,1,1,0,False,False,False,False,1,2,0,1,False,80,12,1,1,1,9,4,-4,-4,8888,-4,-4,-4,False,Unknown,False,False,False,True,True,True
NACC765239,27,12,9,10,32,8,8,,-4,-4,8,33,22,24,18,134,32,8,8,0,28,28,0,0,8,1,1,1,True,False,True,True,0,7,-4,-4,False,68,18,2,1,1,0,3,-4,-4,8888,66,0,0,True,Unknown,True,False,False,False,False,False
NACC765470,96,96,96,96,96,8,8,,-4,-4,8,96,96,96,96,996,996,96,96,96,88,88,1,0,0,1,2,0,True,True,True,True,1,2,-4,-4,False,80,13,2,1,1,0,4,-4,-4,2018,79,1,1,False,Unknown,False,True,False,False,True,True
NACC765474,96,96,-4,-4,-4,-4,-4,,-4,-4,-4,-4,-4,-4,-4,996,996,-4,-4,-4,-4,-4,0,0,1,1,1,0,False,True,False,True,0,7,0,0,False,68,14,2,1,1,0,4,-4,-4,8888,-4,-4,-4,True,Unknown,False,False,False,True,True,True
NACC765656,97,97,-4,-4,-4,-4,-4,,-4,-4,-4,-4,-4,-4,-4,997,997,-4,-4,-4,-4,-4,0,0,1,1,2,0,False,False,False,True,1,1,0,1,False,65,0,2,3,5,0,4,-4,-4,8888,-4,-4,-4,False,Unknown,False,False,False,True,True,True
NACC765974,13,10,-4,-4,-4,-4,-4,,-4,-4,-4,-4,-4,-4,-4,300,82,-4,-4,-4,-4,-4,1,1,1,1,1,0,False,True,False,False,1,2,1,0,False,79,19,1,1,1,0,4,-4,-4,1999,-4,-4,-4,True,Unknown,False,True,True,True,True,True
NACC766236,98,98,98,98,98,8,8,,-4,-4,8,98,98,98,98,998,998,98,98,98,21,21,0,0,8,1,1,1,True,False,True,True,0,7,-4,-4,True,71,20,1,1,1,0,3,-4,-4,8888,70,1,1,False,Unknown,False,False,False,False,False,False
NACC767317,24,5,-4,-4,-4,-4,-4,,-4,-4,-4,-4,-4,-4,-4,169,98,-4,-4,-4,-4,-4,0,0,1,1,2,0,False,False,False,False,1,1,0,1,False,70,16,1,1,1,0,4,-4,-4,8888,-4,-4,-4,False,Unknown,False,False,False,True,True,True
NACC767475,19,12,7,15,28,1,8,,-4,-4,8,7,7,7,5,300,46,15,3,1,22,22,-4,0,0,1,2,0,True,False,True,True,1,1,-4,-4,False,82,14,1,1,1,0,4,-4,-4,-4,81,0,0,False,A+,True,False,False,False,False,False
NACC768171,21,16,-4,-4,-4,-4,-4,,-4,-4,-4,-4,-4,-4,-4,80,31,-4,-4,-4,-4,-4,0,1,8,1,1,0,True,False,True,True,0,7,0,0,False,61,99,2,1,1,0,3,-4,-4,8888,-4,-4,-4,False,Unknown,False,False,True,False,False,True
NACC768264,21,16,-4,-4,-4,-4,-4,,-4,-4,-4,-4,-4,-4,-4,266,37,-4,-4,-4,-4,-4,0,0,1,1,2,0,False,False,False,True,1,1,1,0,False,71,12,1,1,1,0,4,-4,-4,8888,-4,-4,-4,False,Unknown,False,False,False,True,True,True
NACC768306,23,15,-4,-4,-4,-4,-4,,-4,-4,-4,-4,-4,-4,-4,53,26,-4,-4,-4,-4,-4,0,0,1,1,1,0,True,True,True,True,0,7,0,0,False,62,18,1,1,1,0,4,-4,-4,8888,-4,-4,-4,True,Unknown,False,False,False,True,True,True
NACC768433,2,2,7,1,20,1,8,,-4,-4,1,3,2,1,1,996,996,12,0,0,10,10,-4,0,1,1,2,0,True,False,True,True,1,1,-4,-4,False,75,20,2,1,1,0,4,-4,-4,-4,888,0,1,False,A+,True,False,False,True,True,True
NACC768587,21,10,22,20,31,1,8,,-4,-4,8,11,11,13,12,140,45,13,9,1,20,20,-4,0,8,1,1,0,True,False,True,True,1,2,-4,-4,False,86,19,1,1,1,0,3,-4,-4,-4,80,1,1,False,A+,True,False,False,False,False,False
NACC769105,96,96,-4,-4,-4,-4,-4,,-4,-4,-4,-4,-4,-4,-4,996,996,-4,-4,-4,-4,-4,0,0,1,1,2,0,True,True,True,True,1,1,1,0,False,90,14,2,1,2,0,4,-4,-4,8888,-4,-4,-4,False,Unknown,False,False,False,True,True,True
NACC769519,30,22,22,18,32,8,8,,-4,-4,8,19,16,21,17,47,30,17,15,1,30,30,1,1,8,8,8,0,True,True,True,True,8,8,-4,-4,False,74,18,2,1,1,0,1,-4,-4,2013,69,1,1,True,Unknown,True,True,True,False,True,True
NACC769534,0,0,1,0,24,-4,-4,,0,-4,-4,97,97,97,97,997,997,2,2,1,10,10,0,-4,8,1,1,0,True,True,True,True,0,8,-4,-4,True,74,20,1,1,-4,0,4,36,888,-4,-4,-4,1,False,Unknown,True,False,False,False,False,False
NACC769699,2,2,2,2,16,1,1,,-4,-4,8,0,0,0,0,996,150,9,0,0,5,5,0,0,1,1,2,0,True,False,True,True,1,1,-4,-4,False,74,20,1,1,1,0,4,-4,-4,8888,71,1,1,False,A+,True,False,False,True,True,True
NACC769765,8,9,-4,-4,-4,-4,-4,,-4,-4,-4,-4,-4,-4,-4,996,150,-4,-4,-4,-4,-4,0,0,1,1,1,0,False,False,False,False,0,7,0,0,False,80,9,2,1,3,0,4,-4,-4,8888,-4,-4,-4,False,Unknown,False,False,False,True,True,True
NACC770436,11,8,-4,-4,-4,-4,-4,,-4,-4,-4,-4,-4,-4,-4,300,67,-4,-4,-4,-4,-4,0,0,8,1,2,0,True,False,True,True,1,1,0,1,False,84,5,1,2,99,1,3,-4,-4,8888,-4,-4,-4,False,Unknown,False,False,False,False,False,False
NACC770462,16,13,-4,-4,-4,-4,-4,,-4,-4,-4,-4,-4,-4,-4,83,36,-4,-4,-4,-4,-4,1,1,8,1,1,0,True,True,True,True,0,7,0,0,False,68,16,1,1,1,0,3,-4,-4,2002,-4,-4,-4,True,Unknown,False,True,True,False,True,True
NACC770597,6,6,-4,-4,-4,-4,-4,,-4,-4,-4,-4,-4,-4,-4,996,102,-4,-4,-4,-4,-4,1,1,0,1,2,0,True,True,True,True,1,1,1,0,False,81,15,1,1,1,0,4,-4,-4,2011,-4,-4,-4,True,Unknown,False,True,True,False,True,True
NACC770639,18,9,16,13,30,1,8,,-4,-4,8,2,3,5,5,300,53,16,7,1,17,17,0,0,1,1,1,0,True,True,True,True,1,2,-4,-4,False,70,13,1,1,1,0,4,-4,-4,8888,68,0,1,False,A+,True,False,False,True,True,True
NACC770790,15,8,8,9,30,8,8,,-4,-4,8,18,16,16,14,89,42,17,13,1,29,29,-4,0,0,1,1,0,True,False,True,True,0,7,-4,-4,False,64,16,1,1,1,0,4,-4,-4,-4,61,1,1,False,Unknown,True,False,False,False,False,False
NACC770878,15,13,9,10,30,1,8,,-4,-4,8,15,13,10,9,300,90,13,6,1,20,21,0,0,1,1,1,1,True,True,True,True,0,7,-4,-4,False,84,12,1,1,1,0,4,-4,-4,8888,82,1,1,False,A+,True,False,False,True,True,True
NACC770981,0,0,-4,-4,-4,-4,-4,,-4,-4,-4,-4,-4,-4,-4,996,996,-4,-4,-4,-4,-4,0,0,1,1,1,0,True,True,True,True,1,2,0,1,False,85,12,1,1,1,0,4,-4,-4,8888,-4,-4,-4,False,Unknown,False,False,False,True,True,True
NACC771300,20,15,-4,-4,-4,-4,-4,,-4,-4,-4,-4,-4,-4,-4,262,69,-4,-4,-4,-4,-4,0,0,1,1,2,0,False,False,False,False,1,1,1,0,False,62,18,1,1,1,0,4,-4,-4,8888,-4,-4,-4,False,Unknown,False,False,False,True,True,True
NACC771393,7,6,-4,-4,-4,-4,-4,,-4,-4,-4,-4,-4,-4,-4,996,996,-4,-4,-4,-4,-4,0,0,1,1,1,0,False,True,False,False,0,7,0,0,False,72,12,1,1,1,0,4,-4,-4,8888,-4,-4,-4,True,Unknown,False,False,False,True,True,True
NACC771866,22,22,-4,-4,-4,-4,-4,,-4,-4,-4,-4,-4,-4,-4,67,27,-4,-4,-4,-4,-4,1,1,8,8,8,0,True,True,True,True,8,8,8,8,False,68,12,2,1,1,0,1,-4,-4,2002,-4,-4,-4,True,Unknown,False,True,True,False,True,True
NACC771950,16,9,-4,-4,-4,-4,-4,,-4,-4,-4,-4,-4,-4,-4,162,39,-4,-4,-4,-4,-4,0,0,1,1,1,0,False,True,False,False,0,7,0,0,False,74,16,1,1,1,0,4,-4,-4,8888,-4,-4,-4,False,Unknown,False,False,False,True,True,True
NACC772832,96,96,-4,-4,-4,-4,-4,,-4,-4,-4,-4,-4,-4,-4,996,996,-4,-4,-4,-4,-4,0,0,1,1,1,0,False,True,False,False,0,7,0,0,False,75,12,1,1,1,0,4,-4,-4,8888,-4,-4,-4,True,Unknown,False,False,False,True,True,True
NACC773300,21,9,-4,-4,-4,-4,-4,,-4,-4,-4,-4,-4,-4,-4,300,77,-4,-4,-4,-4,-4,0,0,8,1,1,0,True,True,True,True,0,7,0,0,False,57,18,1,1,2,1,2,-4,-4,8888,-4,-4,-4,False,Unknown,False,False,False,False,False,False
NACC774380,8,1,7,5,20,8,1,,-4,-4,8,5,5,5,4,996,996,12,4,0,10,10,0,0,1,1,1,1,True,False,True,True,1,2,-4,-4,True,72,18,1,1,1,0,4,-4,-4,8888,70,1,1,False,A+,True,False,False,True,True,True
NACC774384,17,10,15,19,31,8,8,,-4,-4,8,26,18,20,17,59,23,14,15,1,29,29,-4,1,8,8,8,0,True,False,True,True,8,8,-4,-4,True,76,16,1,1,1,0,1,-4,-4,-4,74,0,1,True,Unknown,True,False,True,False,False,True
NACC774769,96,96,-4,-4,-4,-4,-4,,-4,-4,-4,-4,-4,-4,-4,996,996,-4,-4,-4,-4,-4,0,0,1,1,2,0,False,False,False,False,1,1,1,0,False,60,17,1,1,1,0,4,-4,-4,8888,-4,-4,-4,False,Unknown,False,False,False,True,True,True
NACC775559,9,7,-4,-4,-4,-4,-4,,-4,-4,-4,-4,-4,-4,-4,181,44,-4,-4,-4,-4,-4,1,1,8,1,1,0,True,True,True,True,0,7,0,0,False,67,12,1,1,1,0,3,-4,-4,2007,-4,-4,-4,True,Unknown,False,True,True,False,True,True
NACC775719,15,10,23,22,32,1,8,,-4,-4,8,13,10,13,11,49,21,16,0,1,22,22,-4,0,1,1,2,0,True,False,True,True,1,1,-4,-4,False,76,20,1,1,1,0,4,-4,-4,-4,68,0,1,False,A+,True,False,False,True,True,True
NACC776273,5,4,-4,-4,-4,-4,-4,,-4,-4,-4,-4,-4,-4,-4,101,38,-4,-4,-4,-4,-4,0,0,1,1,1,0,False,False,False,False,0,7,0,0,False,72,12,2,1,1,0,4,-4,-4,8888,-4,-4,-4,False,Unknown,False,False,False,True,True,True
NACC776849,14,10,12,10,31,8,8,,-4,-4,8,14,12,15,13,132,50,17,8,0,24,24,1,0,1,1,1,0,True,True,True,True,0,7,-4,-4,False,73,20,1,1,1,0,4,-4,-4,2016,71,1,1,True,Unknown,True,True,False,True,True,True
NACC777084,96,96,-4,-4,-4,-4,-4,,-4,-4,-4,-4,-4,-4,-4,996,996,-4,-4,-4,-4,-4,0,0,1,1,1,0,False,True,False,False,1,2,1,0,False,81,12,2,1,2,0,4,-4,-4,8888,-4,-4,-4,False,Unknown,False,False,False,True,True,True
NACC777762,9,8,-4,-4,-4,-4,-4,,-4,-4,-4,-4,-4,-4,-4,998,150,-4,-4,-4,-4,-4,0,0,1,1,1,0,False,False,False,True,0,7,0,0,False,76,18,2,1,1,0,4,-4,-4,8888,-4,-4,-4,False,Unknown,False,False,False,True,True,True
NACC777800,10,6,-4,-4,-4,-4,-4,,-4,-4,-4,-4,-4,-4,-4,259,83,-4,-4,-4,-4,-4,9,0,8,1,1,0,True,True,True,True,0,7,0,0,False,55,16,1,1,1,0,3,-4,-4,8888,-4,-4,-4,False,Unknown,False,False,False,False,False,False
NACC778380,11,3,5,0,31,8,8,,-4,-4,8,4,5,11,8,997,997,9,4,1,9,9,1,1,1,1,1,0,True,True,True,True,0,7,-4,-4,False,70,16,1,1,99,9,4,-4,-4,2008,61,1,1,True,Unknown,True,True,True,True,True,True
NACC779131,25,24,14,9,30,0,8,,-4,-4,0,19,13,13,10,210,56,13,10,1,20,20,0,0,1,1,1,0,True,True,True,True,0,7,-4,-4,False,62,16,1,1,2,0,4,-4,-4,8888,57,1,1,False,A-,True,False,False,True,True,True
NACC779183,22,10,-4,-4,-4,-4,-4,,-4,-4,-4,-4,-4,-4,-4,42,28,-4,-4,-4,-4,-4,1,1,8,8,8,0,True,True,True,True,8,8,8,8,False,77,16,1,1,1,0,1,-4,-4,2008,-4,-4,-4,True,Unknown,False,True,True,False,True,True
NACC779356,10,8,10,3,27,8,8,,-4,-4,8,16,11,11,8,996,102,16,5,0,14,14,0,0,1,1,1,0,True,True,True,True,0,7,-4,-4,False,81,16,1,1,1,0,4,-4,-4,8888,75,0,1,False,Unknown,True,False,False,True,True,True
NACC779659,14,10,9,9,28,0,8,,-4,-4,8,9,7,9,7,87,39,15,9,0,19,19,0,0,8,1,2,0,True,False,True,True,0,7,-4,-4,False,79,16,1,1,1,1,3,-4,-4,8888,78,1,1,False,A-,True,False,False,False,False,False
NACC779669,20,5,-4,-4,-4,-4,-4,,-4,-4,-4,-4,-4,-4,-4,90,38,-4,-4,-4,-4,-4,1,1,1,1,1,0,False,True,False,False,0,7,0,0,False,66,20,1,2,50,1,4,-4,-4,9999,-4,-4,-4,False,Unknown,False,True,True,True,True,True
NACC779711,9,5,-4,-4,-4,-4,-4,,-4,-4,-4,-4,-4,-4,-4,996,150,-4,-4,-4,-4,-4,1,1,1,1,1,0,True,True,True,True,0,7,0,0,False,78,20,1,1,1,0,4,-4,-4,9999,-4,-4,-4,True,Unknown,False,True,True,True,True,True
NACC779799,7,3,-4,-4,-4,-4,-4,,-4,-4,-4,-4,-4,-4,-4,300,98,-4,-4,-4,-4,-4,0,0,1,1,1,0,False,False,False,False,0,7,0,0,False,81,20,1,1,1,0,4,-4,-4,8888,-4,-4,-4,False,Unknown,False,False,False,True,True,True
NACC780289,97,97,-4,-4,-4,-4,-4,,-4,-4,-4,-4,-4,-4,-4,997,997,-4,-4,-4,-4,-4,1,1,0,1,1,0,True,True,True,True,0,7,0,0,False,70,15,1,1,1,0,4,-4,-4,2002,-4,-4,-4,True,Unknown,False,True,True,False,True,True
NACC780322,16,11,8,10,30,8,8,,-4,-4,8,9,7,10,9,99,31,17,13,1,21,21,0,1,8,1,1,0,True,False,True,True,0,7,-4,-4,False,75,14,1,1,1,0,3,-4,-4,8888,888,8,1,False,Unknown,True,False,True,False,False,True
NACC780515,33,16,-4,-4,-4,-4,-4,,-4,-4,-4,-4,-4,-4,-4,67,20,-4,-4,-4,-4,-4,1,1,8,8,8,0,True,True,True,True,8,8,8,8,False,69,20,1,1,1,0,1,-4,-4,2005,-4,-4,-4,True,Unknown,False,True,True,False,True,True
NACC780582,25,18,21,17,32,0,8,,-4,-4,0,26,18,25,18,99,42,16,11,1,25,25,-4,0,8,1,1,0,True,False,True,True,0,7,-4,-4,True,61,16,1,1,1,0,3,-4,-4,-4,55,1,1,True,A-,True,False,False,False,False,False
NACC780741,12,10,-4,-4,-4,-4,-4,,-4,-4,-4,-4,-4,-4,-4,168,51,-4,-4,-4,-4,-4,1,1,8,1,1,0,True,True,True,True,0,7,0,0,False,55,12,1,1,1,0,3,-4,-4,2006,-4,-4,-4,True,Unknown,False,True,True,False,True,True
NACC780934,22,17,-4,-4,-4,-4,-4,,-4,-4,-4,-4,-4,-4,-4,996,79,-4,-4,-4,-4,-4,1,1,1,1,1,0,False,True,False,True,0,7,0,0,False,62,21,2,1,1,0,4,-4,-4,2006,-4,-4,-4,False,Unknown,False,True,True,True,True,True
NACC780968,15,9,-4,-4,-4,-4,-4,,-4,-4,-4,-4,-4,-4,-4,300,52,-4,-4,-4,-4,-4,9,1,1,1,2,0,False,True,False,False,1,1,1,0,False,79,14,2,1,1,0,4,-4,-4,8888,-4,-4,-4,True,Unknown,False,False,True,True,True,True
NACC781502,17,7,-4,-4,-4,-4,-4,,-4,-4,-4,-4,-4,-4,-4,156,35,-4,-4,-4,-4,-4,1,1,8,1,1,0,True,True,True,True,0,7,0,0,False,79,9,1,1,1,0,3,-4,-4,1992,-4,-4,-4,True,Unknown,False,True,True,False,True,True
NACC781595,9,7,18,17,28,8,8,,-4,-4,8,10,9,8,8,73,48,17,7,1,25,25,1,1,8,1,1,0,True,True,True,True,0,7,-4,-4,False,86,20,1,1,1,0,3,-4,-4,2013,84,1,1,True,Unknown,True,True,True,False,True,True
NACC781698,17,11,-4,-4,-4,-4,-4,,-4,-4,-4,-4,-4,-4,-4,300,107,-4,-4,-4,-4,-4,0,0,1,1,1,0,True,True,True,True,0,7,0,0,False,76,16,1,1,1,1,4,-4,-4,8888,-4,-4,-4,False,Unknown,False,False,False,True,True,True
NACC782438,18,10,-4,-4,-4,-4,-4,,-4,-4,-4,-4,-4,-4,-4,206,32,-4,-4,-4,-4,-4,1,1,0,1,1,0,True,True,True,True,1,2,0,1,False,73,18,1,1,1,0,4,-4,-4,9999,-4,-4,-4,False,Unknown,False,True,True,False,True,True
NACC782637,8,8,-4,-4,-4,-4,-4,,-4,-4,-4,-4,-4,-4,-4,300,60,-4,-4,-4,-4,-4,1,1,1,1,2,0,False,True,False,True,1,1,0,1,False,71,12,2,2,1,1,4,-4,-4,9999,-4,-4,-4,False,Unknown,False,True,True,True,True,True
NACC782753,18,20,15,13,32,8,8,,-4,-4,8,29,21,29,20,62,37,16,13,1,28,28,-4,1,8,1,1,0,True,False,True,True,0,7,-4,-4,False,68,18,2,1,1,0,3,-4,-4,-4,65,0,1,False,Unknown,True,False,True,False,False,True
NACC783851,6,2,5,4,24,8,8,,-4,-4,8,96,96,96,96,996,996,96,96,96,6,6,1,1,1,1,1,1,True,True,True,True,0,7,-4,-4,False,80,14,2,1,1,0,4,-4,-4,2013,75,1,1,True,Unknown,True,True,True,True,True,True
NACC783908,-4,-4,-4,-4,-4,-4,-4,,-4,-4,-4,-4,-4,-4,-4,-4,-4,-4,-4,-4,-4,-4,0,0,1,1,1,0,False,True,False,True,0,7,0,0,False,67,17,2,1,1,0,4,-4,-4,8888,-4,-4,-4,False,Unknown,False,False,False,True,True,True
NACC783954,0,0,-4,-4,-4,-4,-4,,-4,-4,-4,-4,-4,-4,-4,996,996,-4,-4,-4,-4,-4,1,1,0,1,1,0,True,True,True,True,0,7,0,0,False,77,13,1,1,1,0,4,-4,-4,1988,-4,-4,-4,True,Unknown,False,True,True,False,True,True
NACC784096,10,5,-4,-4,-4,-4,-4,,-4,-4,-4,-4,-4,-4,-4,996,86,-4,-4,-4,-4,-4,0,0,1,1,2,0,False,True,False,True,1,1,1,0,False,67,12,1,1,1,0,4,-4,-4,8888,-4,-4,-4,False,Unknown,False,False,False,True,True,True
NACC784562,14,15,13,11,29,8,8,,-4,-4,8,97,97,97,97,85,36,97,97,97,28,28,-4,1,8,8,8,0,True,False,True,True,8,8,-4,-4,False,68,16,2,1,2,1,1,-4,-4,-4,888,0,1,True,Unknown,True,False,True,False,False,True
NACC784690,17,10,18,20,32,8,8,,-4,-4,8,19,15,18,16,160,25,16,9,1,26,26,0,0,8,1,1,0,True,False,True,True,0,7,-4,-4,False,73,20,1,1,1,0,3,-4,-4,8888,72,0,0,False,Unknown,True,False,False,False,False,False
NACC784782,15,9,-4,-4,-4,-4,-4,,-4,-4,-4,-4,-4,-4,-4,996,150,-4,-4,-4,-4,-4,0,0,1,1,1,0,False,False,False,True,0,7,0,0,False,80,8,1,1,3,0,4,-4,-4,8888,-4,-4,-4,False,Unknown,False,False,False,True,True,True
NACC785510,96,96,-4,-4,-4,-4,-4,,-4,-4,-4,-4,-4,-4,-4,996,996,-4,-4,-4,-4,-4,0,0,1,1,2,0,False,False,False,False,1,1,1,0,False,64,18,2,1,1,0,4,-4,-4,8888,-4,-4,-4,False,Unknown,False,False,False,True,True,True
NACC785539,20,11,10,14,26,8,8,,-4,-4,8,15,11,15,11,86,37,13,8,0,23,23,1,1,8,8,8,1,True,True,True,True,8,8,-4,-4,False,76,20,1,1,5,0,1,-4,-4,2012,72,1,1,True,Unknown,True,True,True,False,True,True
NACC785862,0,0,-4,-4,-4,-4,-4,,-4,-4,-4,-4,-4,-4,-4,996,996,-4,-4,-4,-4,-4,0,0,1,1,2,0,True,True,True,True,1,1,1,0,False,80,99,2,1,1,0,4,-4,-4,8888,-4,-4,-4,False,Unknown,False,False,False,True,True,True
NACC786158,19,11,-4,-4,-4,-4,-4,,-4,-4,-4,-4,-4,-4,-4,94,27,-4,-4,-4,-4,-4,0,1,8,1,1,0,True,False,True,True,0,7,0,0,False,77,16,1,1,1,0,3,-4,-4,8888,-4,-4,-4,False,Unknown,False,False,True,False,False,True
NACC787240,-4,-4,-4,-4,-4,8,8,,-4,-4,8,-4,-4,-4,-4,-4,-4,-4,-4,-4,-4,-4,-4,1,8,1,1,0,True,False,True,True,0,7,-4,-4,False,90,20,1,1,1,0,3,-4,-4,-4,88,-4,-4,True,Unknown,False,False,True,False,False,True
NACC787965,9,3,-4,-4,-4,-4,-4,,-4,-4,-4,-4,-4,-4,-4,300,110,-4,-4,-4,-4,-4,0,0,1,1,1,0,True,True,True,True,0,7,0,0,False,72,12,1,1,1,0,4,-4,-4,8888,-4,-4,-4,False,Unknown,False,False,False,True,True,True
NACC788199,25,10,-4,-4,-4,-4,-4,,-4,-4,-4,-4,-4,-4,-4,300,36,-4,-4,-4,-4,-4,0,0,1,1,2,0,True,False,True,True,1,1,1,0,False,71,14,1,1,1,0,4,-4,-4,8888,-4,-4,-4,False,Unknown,False,False,False,True,True,True
NACC788534,96,96,-4,-4,-4,-4,-4,,-4,-4,-4,-4,-4,-4,-4,996,996,-4,-4,-4,-4,-4,0,0,1,1,2,0,False,False,False,False,1,1,1,0,False,86,16,1,1,1,0,4,-4,-4,8888,-4,-4,-4,False,Unknown,False,False,False,True,True,True
NACC788894,21,11,10,14,28,8,8,,-4,-4,8,21,16,19,15,125,38,15,8,1,29,29,0,1,8,8,8,1,True,False,True,True,8,8,-4,-4,False,73,20,2,1,1,0,1,-4,-4,8888,65,0,1,True,Unknown,True,False,True,False,False,True
NACC788910,16,7,-4,-4,-4,-4,-4,,-4,-4,-4,-4,-4,-4,-4,279,59,-4,-4,-4,-4,-4,1,1,8,1,1,0,True,True,True,True,0,7,0,0,False,64,14,1,1,1,0,3,-4,-4,1996,-4,-4,-4,True,Unknown,False,True,True,False,True,True
NACC789066,10,9,-4,-4,-4,-4,-4,,-4,-4,-4,-4,-4,-4,-4,299,131,-4,-4,-4,-4,-4,0,0,1,1,1,0,True,True,True,True,0,7,0,0,False,66,12,1,1,1,0,4,-4,-4,8888,-4,-4,-4,True,Unknown,False,False,False,True,True,True
NACC789478,0,0,0,0,0,8,8,,-4,-4,8,0,0,96,96,996,996,0,96,96,1,2,0,0,1,1,2,0,True,False,True,True,1,1,-4,-4,False,61,12,2,2,99,1,4,-4,-4,8888,59,1,1,False,Unknown,True,False,False,True,True,True
NACC789701,16,10,18,9,-4,8,8,,-4,-4,8,-4,-4,-4,-4,300,72,17,9,1,-4,-4,-4,0,1,1,1,0,True,False,True,True,1,2,-4,-4,False,83,21,1,1,1,0,4,-4,-4,-4,81,0,1,False,Unknown,False,False,False,True,True,True
NACC790200,15,17,-4,-4,-4,-4,-4,,-4,-4,-4,-4,-4,-4,-4,127,76,-4,-4,-4,-4,-4,1,1,8,8,8,0,True,True,True,True,8,8,8,8,False,83,14,2,1,2,0,1,-4,-4,2009,-4,-4,-4,False,Unknown,False,True,True,False,True,True
NACC790284,22,7,-4,-4,-4,-4,-4,,-4,-4,-4,-4,-4,-4,-4,148,47,-4,-4,-4,-4,-4,1,1,8,1,1,0,True,True,True,True,1,2,0,1,False,63,12,1,1,1,0,3,-4,-4,2002,-4,-4,-4,True,Unknown,False,True,True,False,True,True
NACC790759,10,6,-4,-4,-4,-4,-4,,-4,-4,-4,-4,-4,-4,-4,300,71,-4,-4,-4,-4,-4,0,0,1,1,1,0,False,True,False,True,1,2,1,0,False,81,18,1,1,1,0,4,-4,-4,8888,-4,-4,-4,False,Unknown,False,False,False,True,True,True
NACC790795,18,11,-4,-4,-4,-4,-4,,-4,-4,-4,-4,-4,-4,-4,300,74,-4,-4,-4,-4,-4,0,0,1,1,2,0,False,False,False,False,1,2,1,0,False,61,13,2,1,1,0,4,-4,-4,8888,-4,-4,-4,False,Unknown,False,False,False,True,True,True
NACC790965,18,10,-4,-4,-4,-4,-4,,-4,-4,-4,-4,-4,-4,-4,83,30,-4,-4,-4,-4,-4,1,1,8,8,8,0,True,True,True,True,8,8,8,8,False,73,13,1,1,1,0,1,-4,-4,2004,-4,-4,-4,True,Unknown,False,True,True,False,True,True
NACC790976,11,3,5,4,31,8,8,,-4,-4,8,2,3,96,96,996,150,7,8,0,13,13,1,1,1,1,1,1,True,True,True,True,0,7,-4,-4,False,73,18,1,1,1,0,4,-4,-4,2009,67,1,1,True,Unknown,True,True,True,True,True,True
NACC791024,16,11,-4,-4,-4,-4,-4,,-4,-4,-4,-4,-4,-4,-4,227,64,-4,-4,-4,-4,-4,0,0,1,1,1,0,True,True,True,True,0,7,0,0,False,77,20,1,1,1,0,4,-4,-4,8888,-4,-4,-4,False,Unknown,False,False,False,True,True,True
NACC791074,17,10,-4,-4,-4,-4,-4,,-4,-4,-4,-4,-4,-4,-4,209,40,-4,-4,-4,-4,-4,1,1,0,1,1,0,True,True,True,True,0,7,0,0,False,68,14,1,1,1,0,4,-4,-4,2001,-4,-4,-4,True,Unknown,False,True,True,False,True,True
NACC791404,18,9,12,14,30,8,8,,-4,-4,8,17,11,11,8,300,55,13,7,1,18,18,1,1,8,1,1,0,True,True,True,True,0,7,-4,-4,True,79,14,1,1,1,0,3,-4,-4,2015,888,1,1,True,Unknown,True,True,True,False,True,True
NACC791418,5,5,-4,-4,-4,-4,-4,,-4,-4,-4,-4,-4,-4,-4,300,132,-4,-4,-4,-4,-4,0,0,1,1,2,0,False,False,False,False,1,1,0,1,False,81,12,2,1,1,0,4,-4,-4,8888,-4,-4,-4,False,Unknown,False,False,False,True,True,True
NACC792077,97,97,-4,-4,-4,-4,-4,,-4,-4,-4,-4,-4,-4,-4,997,997,-4,-4,-4,-4,-4,0,0,1,1,1,0,False,False,False,False,1,2,0,1,False,70,12,2,1,1,0,4,-4,-4,8888,-4,-4,-4,False,Unknown,False,False,False,True,True,True
NACC792284,2,2,2,2,27,8,8,,-4,-4,8,3,2,0,0,996,996,11,0,1,15,15,-4,1,1,0,7,0,True,False,True,True,1,1,-4,-4,False,82,20,1,1,1,0,4,-4,-4,-4,82,1,1,False,Unknown,True,False,True,True,True,True
NACC792286,96,96,96,96,-4,1,-4,,-4,8,-4,96,96,96,96,-4,-4,-4,-4,-4,-4,-4,0,-4,0,1,2,0,True,False,True,True,1,1,-4,-4,False,94,18,2,1,-4,0,4,-4,888,-4,-4,-4,-4,True,A+,False,False,False,False,False,False
NACC792352,11,11,-4,-4,-4,-4,-4,,-4,-4,-4,-4,-4,-4,-4,996,80,-4,-4,-4,-4,-4,0,0,1,1,1,0,False,False,False,False,0,7,0,0,False,79,10,2,1,2,0,4,-4,-4,8888,-4,-4,-4,False,Unknown,False,False,False,True,True,True
NACC792393,23,11,19,18,-4,8,8,,-4,-4,8,19,16,19,16,-4,-4,-4,-4,-4,-4,-4,-4,1,8,8,8,0,True,False,True,True,8,8,-4,-4,False,67,16,1,1,1,0,1,-4,-4,-4,64,-4,-4,True,Unknown,False,False,True,False,False,True
NACC792658,6,13,-4,-4,-4,-4,-4,,-4,-4,-4,-4,-4,-4,-4,300,150,-4,-4,-4,-4,-4,0,0,1,1,2,0,False,False,False,False,1,1,0,1,False,77,7,2,1,2,0,4,-4,-4,8888,-4,-4,-4,False,Unknown,False,False,False,True,True,True
NACC793015,8,5,-4,-4,-4,-4,-4,,-4,-4,-4,-4,-4,-4,-4,124,38,-4,-4,-4,-4,-4,0,0,1,1,2,0,False,False,False,False,1,1,1,0,False,52,12,1,1,3,0,4,-4,-4,8888,-4,-4,-4,False,Unknown,False,False,False,True,True,True
NACC793073,17,7,-4,-4,-4,-4,-4,,-4,-4,-4,-4,-4,-4,-4,69,29,-4,-4,-4,-4,-4,1,1,8,8,8,0,True,True,True,True,8,8,8,8,False,61,16,1,1,1,0,1,-4,-4,2008,-4,-4,-4,True,Unknown,False,True,True,False,True,True
NACC793217,18,12,-4,-4,-4,-4,-4,,-4,-4,-4,-4,-4,-4,-4,56,28,-4,-4,-4,-4,-4,1,1,8,1,1,0,True,True,True,True,0,7,0,0,False,75,20,1,1,1,0,3,-4,-4,2004,-4,-4,-4,True,Unknown,False,True,True,False,True,True
NACC793452,8,3,-4,-4,-4,-4,-4,,-4,-4,-4,-4,-4,-4,-4,996,140,-4,-4,-4,-4,-4,0,0,1,1,2,0,True,False,True,True,1,1,1,0,False,86,18,1,1,1,0,4,-4,-4,8888,-4,-4,-4,False,Unknown,False,False,False,True,True,True
NACC793596,18,9,-4,-4,-4,-4,-4,,-4,-4,-4,-4,-4,-4,-4,54,18,-4,-4,-4,-4,-4,0,0,8,1,2,0,True,False,True,True,1,1,0,1,False,75,16,1,1,1,0,3,-4,-4,8888,-4,-4,-4,False,Unknown,False,False,False,False,False,False
NACC794288,10,5,-4,-4,-4,-4,-4,,-4,-4,-4,-4,-4,-4,-4,146,44,-4,-4,-4,-4,-4,0,0,1,1,2,0,False,False,False,False,1,1,1,0,False,76,16,1,1,1,0,4,-4,-4,8888,-4,-4,-4,False,Unknown,False,False,False,True,True,True
NACC794313,10,9,-4,-4,-4,-4,-4,,-4,-4,-4,-4,-4,-4,-4,996,59,-4,-4,-4,-4,-4,0,0,1,1,2,0,False,False,False,False,1,1,1,0,False,82,12,1,1,1,0,4,-4,-4,8888,-4,-4,-4,False,Unknown,False,False,False,True,True,True
NACC795003,20,11,13,17,27,0,-4,,-4,8,-4,23,15,23,16,164,38,12,3,0,21,21,9,-4,0,1,3,0,True,True,True,True,0,8,-4,-4,True,53,16,1,1,-4,0,3,21,999,-4,-4,-4,1,True,A-,True,False,False,False,False,False
NACC795247,6,1,3,5,19,1,8,,-4,-4,8,0,0,0,0,996,150,16,0,0,6,6,1,1,1,1,1,0,True,True,True,True,0,7,-4,-4,False,68,18,1,1,1,0,4,-4,-4,2011,63,1,1,True,A+,True,True,True,True,True,True
NACC795252,16,13,-4,-4,-4,-4,-4,,-4,-4,-4,-4,-4,-4,-4,300,55,-4,-4,-4,-4,-4,1,1,8,1,2,0,True,True,True,True,1,1,0,1,False,85,15,2,8,1,0,3,-4,-4,2004,-4,-4,-4,True,Unknown,False,True,True,False,True,True
NACC795358,18,13,-4,-4,-4,-4,-4,,-4,-4,-4,-4,-4,-4,-4,300,51,-4,-4,-4,-4,-4,1,1,8,1,1,0,True,True,True,True,0,7,0,0,False,73,19,1,1,1,0,3,-4,-4,2010,-4,-4,-4,False,Unknown,False,True,True,False,True,True
NACC795711,20,13,-4,-4,-4,-4,-4,,-4,-4,-4,-4,-4,-4,-4,60,34,-4,-4,-4,-4,-4,1,1,8,8,8,0,True,True,True,True,8,8,8,8,False,75,20,1,1,1,0,1,-4,-4,2007,-4,-4,-4,True,Unknown,False,True,True,False,True,True
NACC795885,6,4,-4,-4,-4,-4,-4,,-4,-4,-4,-4,-4,-4,-4,996,150,-4,-4,-4,-4,-4,0,0,1,1,1,0,False,False,False,False,0,7,0,0,False,65,1,2,2,50,1,4,-4,-4,8888,-4,-4,-4,False,Unknown,False,False,False,True,True,True
NACC796085,96,96,-4,-4,-4,-4,-4,,-4,-4,-4,-4,-4,-4,-4,996,996,-4,-4,-4,-4,-4,0,0,1,1,1,0,False,False,False,True,1,2,0,1,False,85,12,2,1,2,0,4,-4,-4,8888,-4,-4,-4,False,Unknown,False,False,False,True,True,True
NACC796308,18,11,11,11,32,8,8,,-4,-4,8,17,11,17,13,82,40,17,12,1,27,27,1,1,8,8,8,1,True,True,True,True,8,8,-4,-4,False,73,16,1,1,1,0,1,-4,-4,2014,68,1,1,True,Unknown,True,True,True,False,True,True
NACC796348,3,1,-4,-4,-4,-4,-4,,-4,-4,-4,-4,-4,-4,-4,998,998,-4,-4,-4,-4,-4,1,0,1,1,1,0,True,True,True,True,0,7,0,0,False,71,12,2,1,1,0,4,-4,-4,2005,-4,-4,-4,True,Unknown,False,True,False,True,True,True
NACC796598,10,8,-4,-4,-4,-4,-4,,-4,-4,-4,-4,-4,-4,-4,141,43,-4,-4,-4,-4,-4,1,1,8,1,1,0,True,True,True,True,0,7,0,0,False,71,14,1,1,1,0,3,-4,-4,2003,-4,-4,-4,True,Unknown,False,True,True,False,True,True
NACC796749,5,4,7,4,29,8,8,,-4,-4,8,23,17,16,12,996,150,4,1,1,11,11,1,1,1,1,1,0,True,True,True,True,0,7,-4,-4,False,83,14,1,1,1,0,4,-4,-4,2017,73,1,1,True,Unknown,True,True,True,True,True,True
NACC797090,96,96,-4,-4,-4,-4,-4,,-4,-4,-4,-4,-4,-4,-4,996,996,-4,-4,-4,-4,-4,0,0,1,1,1,0,False,False,False,False,0,7,0,0,False,73,16,1,1,1,0,4,-4,-4,8888,-4,-4,-4,False,Unknown,False,False,False,True,True,True
NACC797156,31,20,15,18,32,-4,-4,,1,-4,-4,25,19,25,19,59,26,16,16,1,30,30,0,-4,8,8,8,0,True,False,False,True,8,8,-4,-4,False,74,15,2,1,-4,0,1,5,888,-4,-4,-4,1,False,Unknown,True,False,False,False,False,False
NACC797168,18,12,-4,-4,-4,-4,-4,,-4,-4,-4,-4,-4,-4,-4,85,44,-4,-4,-4,-4,-4,0,0,1,1,2,0,True,False,True,True,1,1,1,0,False,72,16,2,1,1,0,4,-4,-4,8888,-4,-4,-4,False,Unknown,False,False,False,True,True,True
NACC797534,6,5,-4,-4,-4,-4,-4,,-4,-4,-4,-4,-4,-4,-4,996,150,-4,-4,-4,-4,-4,0,0,1,1,2,0,False,False,False,True,1,1,1,0,False,79,12,2,1,1,0,4,-4,-4,8888,-4,-4,-4,False,Unknown,False,False,False,True,True,True
NACC798388,5,1,4,3,23,8,8,,-4,-4,8,3,3,0,0,996,996,5,3,1,8,8,0,1,0,1,2,0,True,False,True,True,0,7,-4,-4,False,73,16,1,1,1,0,4,-4,-4,8888,70,1,1,False,Unknown,True,False,True,False,False,True
NACC798802,17,10,12,10,30,-4,-4,,-4,-4,-4,6,8,10,10,68,26,16,10,1,22,23,0,-4,8,1,1,0,True,True,True,True,1,2,-4,-4,False,61,12,1,1,-4,0,4,12,888,-4,-4,-4,1,False,Unknown,True,False,False,False,False,False
NACC798968,97,97,97,97,97,8,8,,-4,-4,8,97,97,97,97,997,997,97,97,97,88,88,0,0,1,1,2,0,True,False,True,True,1,1,-4,-4,False,68,14,1,1,1,0,4,-4,-4,8888,888,1,1,False,Unknown,False,False,False,True,True,True
NACC799349,17,13,8,6,30,0,8,,-4,-4,0,20,18,19,14,185,89,17,4,1,22,22,-4,0,8,1,1,0,True,False,True,True,0,7,-4,-4,False,74,16,1,1,2,0,3,-4,-4,-4,69,0,1,False,A-,True,False,False,False,False,False
NACC799424,24,16,16,15,31,8,8,,-4,-4,8,24,16,21,15,102,58,16,7,0,25,25,0,0,8,1,1,1,True,True,True,True,0,7,-4,-4,False,71,20,1,1,1,0,2,-4,-4,8888,51,0,1,True,Unknown,True,False,False,False,False,False
NACC799515,14,12,-4,-4,-4,-4,-4,,-4,-4,-4,-4,-4,-4,-4,66,31,-4,-4,-4,-4,-4,1,1,8,8,8,0,True,True,True,True,8,8,8,8,False,67,15,1,1,1,0,1,-4,-4,2003,-4,-4,-4,True,Unknown,False,True,True,False,True,True
NACC799620,26,18,24,20,32,8,8,,-4,-4,8,21,14,19,14,50,27,15,11,1,29,29,1,1,8,8,8,0,True,True,True,True,8,8,-4,-4,False,71,16,2,1,1,0,1,-4,-4,2012,65,0,1,True,Unknown,True,True,True,False,True,True
NACC800130,12,12,17,10,28,8,8,,-4,-4,8,23,18,24,18,110,30,15,11,0,22,22,-4,1,8,1,3,0,True,False,True,True,0,7,-4,-4,False,77,18,1,1,1,0,2,-4,-4,-4,70,1,1,False,Unknown,True,False,True,False,False,True
NACC800203,96,96,-4,-4,-4,-4,-4,,-4,-4,-4,-4,-4,-4,-4,996,996,-4,-4,-4,-4,-4,1,1,0,1,2,0,True,True,True,True,1,1,1,0,False,92,20,1,1,1,0,4,-4,-4,2010,-4,-4,-4,False,Unknown,False,True,True,False,True,True
NACC800922,10,6,-4,-4,-4,-4,-4,,-4,-4,-4,-4,-4,-4,-4,300,39,-4,-4,-4,-4,-4,0,0,1,1,1,0,True,False,True,True,0,7,0,0,False,85,12,2,1,1,0,4,-4,-4,8888,-4,-4,-4,False,Unknown,False,False,False,True,True,True
NACC801048,19,9,12,11,26,8,8,,-4,-4,8,12,11,11,9,87,31,16,11,1,25,25,-4,0,8,1,2,0,True,False,True,True,1,2,-4,-4,False,89,14,1,1,1,0,3,-4,-4,-4,888,0,1,False,Unknown,True,False,False,False,False,False
NACC801811,12,11,6,8,27,8,8,,-4,-4,8,9,4,2,1,140,39,4,3,0,17,17,1,1,1,1,1,1,True,True,True,True,0,7,-4,-4,False,58,16,1,1,1,0,4,-4,-4,2017,57,1,1,False,Unknown,True,True,True,True,True,True
NACC801896,96,96,-4,-4,-4,-4,-4,,-4,-4,-4,-4,-4,-4,-4,996,996,-4,-4,-4,-4,-4,0,0,1,1,1,0,False,False,False,False,1,2,0,1,False,77,20,1,1,1,0,4,-4,-4,8888,-4,-4,-4,False,Unknown,False,False,False,True,True,True
NACC801977,21,11,11,12,-4,8,0,,-4,-4,8,15,14,20,14,-4,-4,-4,-4,-4,-4,-4,1,0,1,1,1,0,False,True,False,False,0,7,-4,-4,True,68,20,1,1,1,0,4,-4,-4,2014,888,-4,-4,False,A-,False,True,False,True,True,True
NACC803544,21,9,17,11,30,8,8,,-4,-4,8,5,7,4,5,82,42,12,7,1,29,29,-4,0,1,1,1,0,True,False,True,True,0,7,-4,-4,False,73,19,1,1,1,0,4,-4,-4,-4,888,0,1,False,Unknown,True,False,False,True,True,True
NACC803809,12,4,8,6,27,8,8,,-4,-4,8,18,13,18,11,996,79,12,0,0,18,19,0,0,1,1,2,1,True,False,True,True,1,1,-4,-4,False,80,12,2,1,1,0,4,-4,-4,8888,79,0,1,False,Unknown,True,False,False,True,True,True
NACC804034,20,11,24,16,30,8,8,,-4,-4,8,12,13,15,15,300,61,14,4,1,24,24,0,0,8,1,1,1,True,False,True,True,0,7,-4,-4,False,58,20,1,1,1,0,3,-4,-4,8888,55,0,1,False,Unknown,True,False,False,False,False,False
NACC804244,14,10,9,5,32,8,1,,-4,-4,0,26,19,21,16,91,50,17,12,1,24,24,0,0,8,1,1,1,True,False,True,True,0,7,-4,-4,False,64,18,1,1,1,0,3,-4,-4,8888,61,1,1,False,A+,True,False,False,False,False,False
NACC804289,14,14,21,18,32,8,8,,-4,-4,8,16,16,10,11,56,44,17,5,1,26,26,0,0,8,1,1,1,True,False,True,True,1,2,-4,-4,False,70,18,1,1,1,0,3,-4,-4,8888,888,0,1,False,Unknown,True,False,False,False,False,False
NACC805028,21,11,17,18,31,8,8,,-4,-4,8,28,21,30,22,75,25,16,15,1,30,30,1,1,8,8,8,0,True,True,True,True,8,8,-4,-4,False,56,16,1,1,1,0,1,-4,-4,2015,50,0,1,True,Unknown,True,True,True,False,True,True
NACC805058,13,12,-4,-4,-4,-4,-4,,-4,-4,-4,-4,-4,-4,-4,230,81,-4,-4,-4,-4,-4,0,0,1,1,1,0,True,False,True,True,1,2,0,1,False,79,16,1,1,1,0,4,-4,-4,8888,-4,-4,-4,True,Unknown,False,False,False,True,True,True
NACC805070,13,6,11,8,31,1,1,,-4,-4,1,6,7,0,0,300,150,11,6,1,16,16,-4,0,1,1,2,0,True,False,True,True,1,1,-4,-4,False,59,16,1,1,1,0,4,-4,-4,-4,56,0,1,True,A+,True,False,False,True,True,True
NACC805215,27,13,7,11,31,-4,-4,elevated,-4,-4,-4,21,13,18,10,300,53,16,7,1,18,18,0,-4,8,1,1,0,False,False,False,False,0,8,-4,-4,False,81,16,1,1,-4,9,4,0,888,-4,-4,-4,0,False,A+,True,False,False,False,False,False
NACC805241,11,4,3,1,26,0,8,,-4,-4,8,6,5,11,10,300,150,3,1,0,8,9,-4,1,1,1,1,0,True,False,True,True,0,7,-4,-4,False,70,12,1,1,1,0,4,-4,-4,-4,888,0,1,False,A-,True,False,True,True,True,True
NACC805490,12,9,4,5,30,1,8,,-4,-4,1,6,5,5,5,300,104,10,3,1,14,14,0,0,1,1,2,0,True,False,True,True,1,1,-4,-4,False,82,20,1,1,1,0,4,-4,-4,8888,79,8,1,False,A+,True,False,False,True,True,True
NACC805799,6,5,-4,-4,-4,-4,-4,,-4,-4,-4,-4,-4,-4,-4,996,147,-4,-4,-4,-4,-4,1,1,1,1,1,0,False,True,False,True,0,7,0,0,False,82,11,2,2,1,1,4,-4,-4,2004,-4,-4,-4,True,Unknown,False,True,True,True,True,True
NACC806213,98,98,98,98,98,8,8,,-4,-4,8,98,98,98,98,998,998,98,98,98,88,88,-4,0,1,1,1,0,True,False,True,True,0,7,-4,-4,False,73,18,1,1,1,0,4,-4,-4,-4,69,1,1,False,Unknown,False,False,False,True,True,True
NACC806223,10,4,-4,-4,-4,-4,-4,,-4,-4,-4,-4,-4,-4,-4,178,66,-4,-4,-4,-4,-4,0,0,8,1,1,0,True,True,True,True,0,7,0,0,False,84,18,1,1,1,0,3,-4,-4,8888,-4,-4,-4,True,Unknown,False,False,False,False,False,False
NACC806454,15,9,11,13,31,8,8,,-4,-4,8,7,6,0,2,300,86,13,1,0,17,17,-4,1,0,1,1,0,True,False,True,True,0,7,-4,-4,False,77,17,1,1,1,0,4,-4,-4,-4,75,1,1,False,Unknown,True,False,True,False,False,True
NACC807224,17,12,9,8,28,8,8,,-4,-4,8,25,16,26,17,121,46,16,8,1,29,29,0,1,8,8,8,0,True,False,True,True,8,8,-4,-4,False,78,16,2,1,1,0,1,-4,-4,8888,76,1,1,False,Unknown,True,False,True,False,False,True
NACC807763,12,3,21,11,31,8,8,,-4,-4,8,22,17,17,14,115,43,16,11,1,27,27,-4,1,8,1,2,0,True,False,True,True,1,1,-4,-4,False,78,18,1,1,1,0,3,-4,-4,-4,73,1,1,False,Unknown,True,False,True,False,False,True
NACC808011,27,10,17,13,31,8,8,,-4,-4,8,34,22,30,20,61,44,16,8,1,24,24,-4,1,8,8,8,0,True,False,True,True,8,8,-4,-4,False,69,19,1,1,1,0,1,-4,-4,-4,48,1,1,True,Unknown,True,False,True,False,False,True
NACC808183,96,96,-4,-4,-4,-4,-4,,-4,-4,-4,-4,-4,-4,-4,996,996,-4,-4,-4,-4,-4,0,0,1,1,1,0,False,False,False,False,0,7,0,0,False,79,14,1,1,1,0,4,-4,-4,8888,-4,-4,-4,False,Unknown,False,False,False,True,True,True
NACC808397,97,97,-4,-4,-4,-4,-4,,-4,-4,-4,-4,-4,-4,-4,997,997,-4,-4,-4,-4,-4,1,1,1,1,2,0,False,True,False,False,1,1,0,1,False,79,11,1,1,1,0,4,-4,-4,2008,-4,-4,-4,False,Unknown,False,True,True,True,True,True
NACC808632,13,7,-4,-4,-4,-4,-4,,-4,-4,-4,-4,-4,-4,-4,167,34,-4,-4,-4,-4,-4,0,0,1,1,2,0,False,False,False,True,1,1,1,0,False,83,17,1,1,1,0,4,-4,-4,8888,-4,-4,-4,False,Unknown,False,False,False,True,True,True
NACC809045,97,97,97,97,97,8,8,,-4,-4,8,97,97,97,97,300,33,97,97,97,88,88,0,0,8,1,1,1,True,False,True,True,0,7,-4,-4,False,64,16,1,1,1,0,3,-4,-4,8888,63,0,1,False,Unknown,False,False,False,False,False,False
NACC809483,97,97,97,97,-4,8,8,,-4,-4,8,-4,-4,-4,-4,997,997,97,97,97,-4,-4,-4,0,0,1,2,0,True,False,True,True,1,1,-4,-4,False,80,16,1,1,1,0,4,-4,-4,-4,76,1,1,True,Unknown,False,False,False,False,False,False
NACC809521,10,8,-4,-4,-4,-4,-4,,-4,-4,-4,-4,-4,-4,-4,300,81,-4,-4,-4,-4,-4,0,0,1,1,1,0,False,False,False,True,1,2,0,1,False,79,12,2,1,1,0,4,-4,-4,8888,-4,-4,-4,False,Unknown,False,False,False,True,True,True
NACC809524,10,10,1,5,29,8,8,,-4,-4,8,4,4,2,3,996,996,0,0,1,9,9,0,0,1,1,1,0,True,True,True,True,1,2,-4,-4,False,72,18,1,1,1,0,4,-4,-4,8888,71,1,1,False,Unknown,True,False,False,True,True,True
NACC810251,96,96,-4,-4,-4,-4,-4,,-4,-4,-4,-4,-4,-4,-4,996,996,-4,-4,-4,-4,-4,0,0,1,1,1,0,False,False,False,False,0,7,0,0,False,81,8,2,1,1,0,4,-4,-4,8888,-4,-4,-4,False,Unknown,False,False,False,True,True,True
NACC810592,5,3,-4,-4,-4,-4,-4,,-4,-4,-4,-4,-4,-4,-4,996,150,-4,-4,-4,-4,-4,0,0,1,1,1,0,False,True,False,False,0,7,0,0,False,75,12,1,1,1,0,4,-4,-4,8888,-4,-4,-4,False,Unknown,False,False,False,True,True,True
NACC810739,96,96,-4,-4,-4,-4,-4,,-4,-4,-4,-4,-4,-4,-4,996,996,-4,-4,-4,-4,-4,0,0,1,1,2,0,False,False,False,False,1,1,0,1,False,77,18,1,1,1,0,4,-4,-4,8888,-4,-4,-4,True,Unknown,False,False,False,True,True,True
NACC810748,0,0,-4,-4,-4,-4,-4,,-4,-4,-4,-4,-4,-4,-4,300,150,-4,-4,-4,-4,-4,0,0,1,1,2,0,False,True,False,False,1,1,1,0,False,88,12,1,1,1,0,4,-4,-4,8888,-4,-4,-4,True,Unknown,False,False,False,True,True,True
NACC810926,14,9,-4,-4,-4,-4,-4,,-4,-4,-4,-4,-4,-4,-4,997,997,-4,-4,-4,-4,-4,0,0,1,1,1,0,True,True,True,True,0,7,0,0,False,64,16,2,1,1,0,4,-4,-4,8888,-4,-4,-4,False,Unknown,False,False,False,True,True,True
NACC811145,20,13,20,24,31,8,8,,-4,-4,8,18,13,19,14,58,39,15,8,1,26,26,-4,1,0,0,7,0,True,False,True,True,0,7,-4,-4,False,81,17,1,1,1,0,4,-4,-4,-4,78,1,1,True,Unknown,True,False,True,False,False,True
NACC811651,4,5,-4,-4,-4,-4,-4,,-4,-4,-4,-4,-4,-4,-4,996,996,-4,-4,-4,-4,-4,0,0,1,1,1,0,False,False,False,False,0,7,0,0,False,73,16,2,1,2,0,4,-4,-4,8888,-4,-4,-4,False,Unknown,False,False,False,True,True,True
NACC811759,14,9,14,14,30,8,0,,-4,-4,8,26,17,22,15,92,33,17,8,1,27,27,-4,1,8,8,8,0,True,False,True,True,8,8,-4,-4,False,79,18,2,1,1,0,1,-4,-4,-4,79,1,1,False,A-,True,False,True,False,False,True
NACC811832,12,8,-4,-4,-4,-4,-4,,-4,-4,-4,-4,-4,-4,-4,170,36,-4,-4,-4,-4,-4,0,0,1,1,2,0,False,False,False,False,1,1,0,1,False,77,12,2,1,1,0,4,-4,-4,8888,-4,-4,-4,False,Unknown,False,False,False,True,True,True
NACC811833,5,5,-4,-4,-4,-4,-4,,-4,-4,-4,-4,-4,-4,-4,996,150,-4,-4,-4,-4,-4,0,0,1,1,2,0,False,False,False,False,0,7,0,0,False,76,10,2,1,2,0,4,-4,-4,8888,-4,-4,-4,False,Unknown,False,False,False,True,True,True
NACC812052,1,1,-4,-4,-4,-4,-4,,-4,-4,-4,-4,-4,-4,-4,996,996,-4,-4,-4,-4,-4,0,0,1,1,1,0,False,True,False,False,1,2,1,0,False,78,12,2,1,1,0,4,-4,-4,8888,-4,-4,-4,False,Unknown,False,False,False,True,True,True
NACC812688,11,7,9,11,28,8,8,,-4,-4,8,7,5,4,4,996,93,9,2,1,20,20,1,0,1,1,1,0,True,True,True,True,0,7,-4,-4,True,70,20,1,1,1,0,4,-4,-4,2018,68,1,1,False,Unknown,True,True,False,True,True,True
NACC812723,8,5,11,13,27,8,8,,-4,-4,8,8,8,7,9,240,66,14,5,1,23,23,0,0,1,1,1,0,True,False,True,True,0,7,-4,-4,False,77,19,1,1,1,0,4,-4,-4,8888,71,0,1,False,Unknown,True,False,False,True,True,True
NACC813018,18,11,-4,-4,-4,-4,-4,,-4,-4,-4,-4,-4,-4,-4,267,79,-4,-4,-4,-4,-4,1,1,8,1,1,0,True,True,True,True,0,7,0,0,False,72,14,2,1,1,0,2,-4,-4,1987,-4,-4,-4,True,Unknown,False,True,True,False,True,True
NACC813193,3,1,-4,-4,-4,-4,-4,,-4,-4,-4,-4,-4,-4,-4,996,996,-4,-4,-4,-4,-4,0,0,1,1,1,0,False,True,False,False,0,7,0,0,False,80,20,1,1,1,0,4,-4,-4,8888,-4,-4,-4,True,Unknown,False,False,False,True,True,True
NACC813408,16,2,11,9,27,1,8,,-4,-4,8,14,9,11,6,84,31,15,13,1,26,26,0,0,8,1,2,1,True,False,True,True,1,1,-4,-4,False,78,18,1,1,1,0,3,-4,-4,8888,72,0,1,False,A+,True,False,False,False,False,False
NACC813442,3,1,3,3,7,8,8,,-4,-4,8,9,9,8,9,996,996,2,0,0,7,7,0,0,1,1,2,0,True,False,True,True,1,1,-4,-4,False,85,16,1,1,1,0,4,-4,-4,8888,83,0,0,False,Unknown,True,False,False,True,True,True
NACC813655,8,7,-4,-4,-4,-4,-4,,-4,-4,-4,-4,-4,-4,-4,300,121,-4,-4,-4,-4,-4,0,0,1,1,1,0,False,False,False,False,0,7,0,0,False,83,16,1,8,1,0,4,-4,-4,8888,-4,-4,-4,False,Unknown,False,False,False,True,True,True
NACC813670,6,5,-4,-4,-4,-4,-4,,-4,-4,-4,-4,-4,-4,-4,996,150,-4,-4,-4,-4,-4,0,0,1,1,1,0,True,True,True,True,0,7,0,0,False,71,16,1,1,1,0,4,-4,-4,8888,-4,-4,-4,False,Unknown,False,False,False,True,True,True
NACC814192,-4,-4,-4,-4,-4,8,8,,-4,-4,8,-4,-4,-4,-4,-4,-4,-4,-4,-4,-4,-4,-4,1,1,1,1,0,True,False,True,True,0,7,-4,-4,False,76,18,2,1,1,0,4,-4,-4,-4,72,-4,-4,True,Unknown,False,False,True,True,True,True
NACC814777,98,98,98,98,98,8,8,,-4,-4,8,98,98,98,98,998,998,98,98,98,88,88,0,0,1,1,1,0,True,False,True,True,0,7,-4,-4,False,81,18,2,1,1,0,4,-4,-4,8888,78,1,1,True,Unknown,False,False,False,True,True,True
NACC814977,13,15,-4,-4,-4,-4,-4,,-4,-4,-4,-4,-4,-4,-4,300,48,-4,-4,-4,-4,-4,0,0,8,1,1,0,True,False,True,True,0,7,0,0,False,78,18,2,1,1,0,3,-4,-4,8888,-4,-4,-4,False,Unknown,False,False,False,False,False,False
NACC815037,1,0,2,0,-4,8,8,,-4,-4,8,2,2,0,0,-4,-4,-4,-4,-4,-4,-4,-4,0,0,1,2,0,True,False,True,True,1,1,-4,-4,False,78,16,2,1,1,0,4,-4,-4,-4,76,-4,-4,False,Unknown,False,False,False,False,False,False
NACC815551,11,10,-4,-4,-4,-4,-4,,-4,-4,-4,-4,-4,-4,-4,277,55,-4,-4,-4,-4,-4,0,0,1,1,1,0,False,False,False,False,0,7,0,0,False,78,12,2,1,1,0,4,-4,-4,8888,-4,-4,-4,False,Unknown,False,False,False,True,True,True
NACC815834,8,5,8,8,21,8,8,,-4,-4,8,3,2,0,0,231,45,15,0,1,14,15,0,0,1,1,1,0,True,False,True,True,1,2,-4,-4,False,88,12,2,1,1,0,4,-4,-4,8888,88,1,1,False,Unknown,True,False,False,True,True,True
NACC816387,18,12,13,13,32,8,8,,-4,-4,8,12,11,12,11,84,38,15,9,1,24,24,1,1,8,1,1,0,True,True,True,True,0,7,-4,-4,True,74,18,1,1,1,0,3,-4,-4,2019,50,1,1,True,Unknown,True,True,True,False,True,True
NACC816391,96,96,-4,-4,-4,-4,-4,,-4,-4,-4,-4,-4,-4,-4,996,996,-4,-4,-4,-4,-4,0,0,1,1,2,0,False,False,False,False,1,1,0,1,False,65,14,1,1,1,0,4,-4,-4,8888,-4,-4,-4,False,Unknown,False,False,False,True,True,True
NACC816770,6,97,-4,-4,-4,-4,-4,,-4,-4,-4,-4,-4,-4,-4,997,997,-4,-4,-4,-4,-4,0,0,1,1,2,0,False,False,False,False,1,1,1,0,False,61,14,2,1,1,0,4,-4,-4,8888,-4,-4,-4,False,Unknown,False,False,False,True,True,True
NACC817227,18,5,-4,-4,-4,-4,-4,,-4,-4,-4,-4,-4,-4,-4,996,150,-4,-4,-4,-4,-4,0,0,1,1,1,0,True,True,True,True,0,7,0,0,False,73,16,1,1,1,0,4,-4,-4,8888,-4,-4,-4,True,Unknown,False,False,False,True,True,True
NACC817818,97,97,8,7,97,8,8,,-4,-4,8,21,13,14,11,63,10,97,97,97,88,88,0,0,8,1,1,1,True,True,True,True,0,7,-4,-4,True,74,16,1,1,1,0,3,-4,-4,8888,70,1,1,True,Unknown,False,False,False,False,False,False
NACC818446,22,17,-4,-4,-4,-4,-4,,-4,-4,-4,-4,-4,-4,-4,997,52,-4,-4,-4,-4,-4,1,1,8,1,1,0,True,True,True,True,0,7,0,0,False,93,16,1,1,1,0,3,-4,-4,2007,-4,-4,-4,True,Unknown,False,True,True,False,True,True
NACC819522,18,11,-4,-4,-4,-4,-4,,-4,-4,-4,-4,-4,-4,-4,997,53,-4,-4,-4,-4,-4,1,1,8,8,8,0,True,True,True,True,8,8,8,8,False,92,16,1,1,1,0,1,-4,-4,2012,-4,-4,-4,True,Unknown,False,True,True,False,True,True
NACC819735,28,14,17,17,30,8,8,,-4,-4,8,23,19,21,18,77,21,17,13,1,28,28,1,1,8,8,8,1,True,True,True,True,8,8,-4,-4,False,53,16,1,1,1,1,1,-4,-4,2023,50,0,1,False,Unknown,True,True,True,False,True,True
NACC819768,13,5,-4,-4,-4,-4,-4,,-4,-4,-4,-4,-4,-4,-4,165,38,-4,-4,-4,-4,-4,1,1,0,1,1,0,True,True,True,True,0,7,0,0,False,87,19,2,1,1,0,4,-4,-4,2006,-4,-4,-4,True,Unknown,False,True,True,False,True,True
NACC820152,11,5,-4,-4,-4,-4,-4,,-4,-4,-4,-4,-4,-4,-4,300,73,-4,-4,-4,-4,-4,1,1,0,1,3,0,True,True,True,True,1,1,0,1,False,80,16,1,1,1,0,4,-4,-4,1999,-4,-4,-4,True,Unknown,False,True,True,False,True,True
NACC820236,7,7,-4,-4,-4,-4,-4,,-4,-4,-4,-4,-4,-4,-4,300,150,-4,-4,-4,-4,-4,1,1,0,1,1,0,True,True,True,True,0,7,0,0,False,66,13,1,1,1,0,4,-4,-4,1999,-4,-4,-4,True,Unknown,False,True,True,False,True,True
NACC820492,7,7,-4,-4,-4,-4,-4,,-4,-4,-4,-4,-4,-4,-4,300,150,-4,-4,-4,-4,-4,1,1,1,1,1,0,False,True,False,False,0,7,0,0,False,74,16,1,1,1,0,4,-4,-4,2000,-4,-4,-4,True,Unknown,False,True,True,True,True,True
NACC820776,12,7,8,10,28,8,8,,-4,-4,8,20,12,11,7,88,40,17,2,1,22,22,-4,1,8,1,2,0,True,False,True,True,1,1,-4,-4,False,92,20,1,1,1,0,3,-4,-4,-4,90,1,1,False,Unknown,True,False,True,False,False,True
NACC821249,13,14,-4,-4,-4,-4,-4,,-4,-4,-4,-4,-4,-4,-4,118,40,-4,-4,-4,-4,-4,0,0,1,1,2,0,True,True,True,True,1,1,1,0,False,79,20,2,1,1,0,4,-4,-4,8888,-4,-4,-4,False,Unknown,False,False,False,True,True,True
NACC821267,13,9,8,11,32,8,8,,-4,-4,8,3,3,3,3,218,59,16,10,0,20,20,0,0,1,1,1,0,False,False,False,True,0,7,-4,-4,False,72,18,1,1,1,0,4,-4,-4,8888,888,0,0,False,Unknown,True,False,False,True,True,True
NACC821375,14,12,14,12,32,8,8,,-4,-4,8,23,17,23,19,121,27,14,12,1,30,30,1,1,8,8,8,1,True,True,True,True,8,8,-4,-4,False,68,14,2,1,1,0,1,-4,-4,2013,63,0,1,True,Unknown,True,True,True,False,True,True
NACC821712,19,9,-4,-4,-4,-4,-4,,-4,-4,-4,-4,-4,-4,-4,83,41,-4,-4,-4,-4,-4,1,1,8,1,1,0,True,True,True,True,0,7,0,0,False,58,18,1,1,1,0,3,-4,-4,2008,-4,-4,-4,True,Unknown,False,True,True,False,True,True
NACC822057,97,97,97,97,97,8,8,,-4,-4,8,97,97,97,97,997,997,97,97,97,7,7,-4,0,1,1,1,0,False,False,False,False,0,7,-4,-4,False,68,20,1,1,1,0,4,-4,-4,-4,888,0,0,False,Unknown,False,False,False,True,True,True
NACC823054,16,7,9,14,26,8,8,,-4,-4,8,19,14,22,15,95,50,17,13,1,21,21,-4,0,8,1,1,0,True,False,True,True,0,7,-4,-4,False,82,18,1,1,5,0,3,-4,-4,-4,888,0,1,False,Unknown,True,False,False,False,False,False
NACC823057,9,8,12,4,28,8,0,,-4,-4,8,12,10,11,7,300,48,17,6,1,13,13,0,0,1,1,1,0,True,False,True,True,1,2,-4,-4,False,79,19,1,1,1,0,4,-4,-4,8888,77,0,1,False,A-,True,False,False,True,True,True
NACC823224,23,16,-4,-4,-4,-4,-4,,-4,-4,-4,-4,-4,-4,-4,50,29,-4,-4,-4,-4,-4,1,1,8,1,1,0,True,True,True,True,0,7,0,0,False,64,15,2,1,1,0,2,-4,-4,2013,-4,-4,-4,False,Unknown,False,True,True,False,True,True
NACC823279,16,14,-4,-4,-4,-4,-4,,-4,-4,-4,-4,-4,-4,-4,124,64,-4,-4,-4,-4,-4,1,1,8,1,1,0,True,True,True,True,0,7,0,0,False,81,20,1,1,1,0,3,-4,-4,2004,-4,-4,-4,True,Unknown,False,True,True,False,True,True
NACC823367,10,3,6,9,31,8,8,,-4,-4,8,21,15,15,12,175,34,16,9,1,19,19,0,0,8,1,1,0,True,False,True,True,0,7,-4,-4,False,75,16,1,1,1,0,3,-4,-4,8888,74,0,1,False,Unknown,True,False,False,False,False,False
NACC823529,15,12,17,16,25,8,0,,-4,-4,8,14,11,0,0,65,26,15,0,0,19,19,0,0,8,1,1,1,True,False,True,True,0,7,-4,-4,True,69,16,2,1,1,0,3,-4,-4,8888,66,1,1,False,A-,True,False,False,False,False,False
NACC823609,19,3,7,6,25,8,8,,-4,-4,8,4,4,5,3,120,43,12,5,0,17,18,-4,0,1,1,1,0,True,False,True,True,0,7,-4,-4,False,80,12,1,1,1,0,4,-4,-4,-4,80,0,1,False,Unknown,True,False,False,True,True,True
NACC823627,15,14,12,14,30,8,8,,-4,-4,8,16,11,11,9,92,29,11,6,1,24,24,1,1,8,1,1,1,True,True,True,True,0,7,-4,-4,False,79,20,1,1,1,0,3,-4,-4,2015,75,1,1,True,Unknown,True,True,True,False,True,True
NACC823725,5,7,-4,-4,-4,-4,-4,,-4,-4,-4,-4,-4,-4,-4,996,131,-4,-4,-4,-4,-4,0,0,1,1,1,0,True,False,True,True,0,7,0,0,False,67,14,2,1,2,0,4,-4,-4,8888,-4,-4,-4,False,Unknown,False,False,False,True,True,True
NACC824057,10,11,-4,-4,-4,-4,-4,,-4,-4,-4,-4,-4,-4,-4,273,89,-4,-4,-4,-4,-4,1,1,8,1,1,0,True,True,True,True,0,7,0,0,False,73,13,1,1,1,0,3,-4,-4,1996,-4,-4,-4,True,Unknown,False,True,True,False,True,True
NACC824850,25,20,-4,-4,-4,-4,-4,,-4,-4,-4,-4,-4,-4,-4,73,41,-4,-4,-4,-4,-4,1,1,8,1,1,0,True,True,True,True,0,7,0,0,False,54,18,2,1,1,0,3,-4,-4,2001,-4,-4,-4,True,Unknown,False,True,True,False,True,True
NACC824992,96,96,-4,-4,-4,-4,-4,,-4,-4,-4,-4,-4,-4,-4,996,996,-4,-4,-4,-4,-4,0,0,1,1,2,0,False,False,False,False,1,1,1,0,False,72,14,2,1,2,0,4,-4,-4,8888,-4,-4,-4,False,Unknown,False,False,False,True,True,True
NACC825153,13,5,-4,-4,-4,-4,-4,,-4,-4,-4,-4,-4,-4,-4,997,71,-4,-4,-4,-4,-4,0,0,1,1,2,0,True,False,True,True,1,1,0,1,False,69,12,1,1,1,0,4,-4,-4,8888,-4,-4,-4,False,Unknown,False,False,False,True,True,True
NACC825751,17,11,13,11,29,8,8,,-4,-4,8,23,17,21,17,66,28,14,9,1,24,24,-4,0,8,8,8,1,True,False,False,True,8,8,-4,-4,False,72,16,2,1,1,0,1,-4,-4,-4,71,0,1,False,Unknown,True,False,False,False,False,False
NACC826407,15,8,21,19,22,8,8,,-4,-4,8,26,18,20,14,113,31,16,14,1,23,23,-4,0,8,1,2,0,True,False,True,True,1,1,-4,-4,False,84,20,1,1,1,0,3,-4,-4,-4,888,0,1,False,Unknown,True,False,False,False,False,False
NACC826977,-4,-4,-4,-4,-4,8,8,,-4,-4,8,-4,-4,-4,-4,-4,-4,-4,-4,-4,-4,-4,-4,0,1,1,2,0,True,False,True,True,1,1,-4,-4,False,80,18,2,1,1,0,4,-4,-4,-4,77,-4,-4,False,Unknown,False,False,False,True,True,True
NACC827019,11,10,13,19,32,8,8,,-4,-4,8,6,8,5,7,173,100,16,14,1,21,21,-4,1,8,1,1,0,True,False,True,True,0,7,-4,-4,False,94,20,1,1,1,0,3,-4,-4,-4,92,1,1,True,Unknown,True,False,True,False,False,True
NACC827023,8,7,-4,-4,-4,-4,-4,,-4,-4,-4,-4,-4,-4,-4,996,140,-4,-4,-4,-4,-4,0,0,1,1,2,0,True,False,True,True,1,1,1,0,False,73,13,1,1,2,0,4,-4,-4,8888,-4,-4,-4,False,Unknown,False,False,False,True,True,True
NACC827667,25,16,12,12,32,8,8,,-4,-4,8,29,19,30,19,62,28,17,14,1,29,29,1,1,8,8,8,1,True,True,True,True,8,8,-4,-4,False,65,20,2,1,1,0,1,-4,-4,2017,64,1,1,True,Unknown,True,True,True,False,True,True
NACC827725,3,2,-4,-4,-4,-4,-4,,-4,-4,-4,-4,-4,-4,-4,300,76,-4,-4,-4,-4,-4,0,0,1,1,1,0,True,True,True,True,0,7,0,0,False,75,20,1,1,1,0,4,-4,-4,8888,-4,-4,-4,False,Unknown,False,False,False,True,True,True
NACC828766,16,5,-4,-4,-4,-4,-4,,-4,-4,-4,-4,-4,-4,-4,996,57,-4,-4,-4,-4,-4,0,0,1,1,2,0,False,False,False,False,1,1,1,0,False,83,14,1,1,1,0,4,-4,-4,8888,-4,-4,-4,False,Unknown,False,False,False,True,True,True
NACC829124,2,0,4,2,18,8,0,,-4,-4,8,2,0,0,0,996,129,14,0,1,6,6,0,0,1,1,1,0,True,True,True,True,0,7,-4,-4,True,77,16,1,1,1,0,4,-4,-4,8888,75,1,1,False,A-,True,False,False,True,True,True
NACC829224,15,13,-4,-4,-4,-4,-4,,-4,-4,-4,-4,-4,-4,-4,998,122,-4,-4,-4,-4,-4,0,0,1,1,1,0,False,False,False,False,0,7,0,0,False,78,6,1,1,2,0,4,-4,-4,8888,-4,-4,-4,False,Unknown,False,False,False,True,True,True
NACC829310,96,96,-4,-4,-4,-4,-4,,-4,-4,-4,-4,-4,-4,-4,996,996,-4,-4,-4,-4,-4,0,0,1,1,2,0,False,False,False,False,1,1,1,0,False,82,12,2,1,1,0,4,-4,-4,8888,-4,-4,-4,False,Unknown,False,False,False,True,True,True
NACC829421,7,11,-4,-4,-4,-4,-4,,-4,-4,-4,-4,-4,-4,-4,239,36,-4,-4,-4,-4,-4,0,0,1,1,1,0,False,False,False,False,1,2,0,1,False,74,14,1,1,1,0,4,-4,-4,8888,-4,-4,-4,False,Unknown,False,False,False,True,True,True
NACC829609,0,0,-4,-4,-4,-4,-4,,-4,-4,-4,-4,-4,-4,-4,996,150,-4,-4,-4,-4,-4,0,0,1,1,2,0,True,False,True,True,1,1,1,0,False,68,14,1,1,1,0,4,-4,-4,8888,-4,-4,-4,False,Unknown,False,False,False,True,True,True
NACC829885,18,11,8,11,32,8,8,,-4,-4,8,13,10,13,9,996,57,15,9,1,25,25,0,0,8,1,1,0,True,True,True,True,0,7,-4,-4,True,65,20,1,1,1,0,3,-4,-4,8888,62,1,1,True,Unknown,True,False,False,False,False,False
NACC830016,21,13,15,8,32,8,8,,-4,-4,8,25,19,22,17,82,33,16,13,1,28,28,1,1,8,8,8,1,True,True,True,True,8,8,-4,-4,False,67,20,1,1,1,0,1,-4,-4,2018,60,0,1,True,Unknown,True,True,True,False,True,True
NACC830411,19,12,14,7,28,8,8,,-4,-4,8,9,9,9,7,105,32,14,12,1,26,26,-4,0,8,1,1,0,True,False,True,True,0,7,-4,-4,False,68,13,1,1,1,0,2,-4,-4,-4,66,1,1,False,Unknown,True,False,False,False,False,False
NACC830414,13,8,-4,-4,-4,-4,-4,,-4,-4,-4,-4,-4,-4,-4,266,32,-4,-4,-4,-4,-4,0,0,1,1,2,0,False,False,False,False,1,1,1,0,False,58,16,2,1,2,0,4,-4,-4,8888,-4,-4,-4,False,Unknown,False,False,False,True,True,True
NACC830459,6,2,6,3,10,8,8,,-4,-4,8,1,1,1,1,996,996,1,1,0,88,88,0,0,1,1,1,1,True,False,True,True,1,2,-4,-4,False,74,6,2,2,1,1,4,-4,-4,8888,71,0,1,False,Unknown,True,False,False,True,True,True
NACC830462,19,9,8,8,26,8,8,,-4,-4,8,5,4,3,4,300,47,15,97,97,13,14,-4,0,8,1,1,1,True,False,True,True,0,7,-4,-4,False,75,3,1,1,1,0,3,-4,-4,-4,74,0,1,False,Unknown,True,False,False,False,False,False
NACC830563,8,97,-4,-4,-4,-4,-4,,-4,-4,-4,-4,-4,-4,-4,997,997,-4,-4,-4,-4,-4,0,0,1,1,2,0,False,False,False,False,1,2,1,0,False,68,12,2,1,1,0,4,-4,-4,8888,-4,-4,-4,False,Unknown,False,False,False,True,True,True
NACC830572,9,8,-4,-4,-4,-4,-4,,-4,-4,-4,-4,-4,-4,-4,996,150,-4,-4,-4,-4,-4,0,0,1,1,1,0,False,False,False,False,0,7,0,0,False,89,8,1,1,1,0,4,-4,-4,8888,-4,-4,-4,False,Unknown,False,False,False,True,True,True
NACC830578,14,6,1,10,27,8,8,,-4,-4,8,0,0,0,0,300,45,15,2,1,15,15,-4,0,1,1,2,0,True,False,True,True,1,1,-4,-4,False,80,19,1,1,1,0,4,-4,-4,-4,888,1,1,False,Unknown,True,False,False,True,True,True
NACC830626,15,13,-4,-4,-4,-4,-4,,-4,-4,-4,-4,-4,-4,-4,300,59,-4,-4,-4,-4,-4,1,1,8,1,1,0,True,True,True,True,0,7,0,0,False,84,16,2,1,2,0,3,-4,-4,2005,-4,-4,-4,True,Unknown,False,True,True,False,True,True
NACC830754,18,13,8,10,30,8,8,,-4,-4,8,22,16,22,16,66,31,14,14,1,24,24,-4,1,8,8,8,0,True,False,True,True,8,8,-4,-4,False,76,17,2,1,1,0,1,-4,-4,-4,888,0,1,True,Unknown,True,False,True,False,False,True
NACC830971,1,0,-4,-4,-4,-4,-4,,-4,-4,-4,-4,-4,-4,-4,996,150,-4,-4,-4,-4,-4,0,0,1,1,1,0,False,False,False,False,1,2,1,0,False,61,18,1,1,1,0,4,-4,-4,8888,-4,-4,-4,True,Unknown,False,False,False,True,True,True
NACC831022,15,3,-4,-4,-4,-4,-4,,-4,-4,-4,-4,-4,-4,-4,221,47,-4,-4,-4,-4,-4,0,1,8,8,8,0,True,False,True,True,8,8,8,8,False,78,6,1,1,1,0,1,-4,-4,8888,-4,-4,-4,False,Unknown,False,False,True,False,False,True
NACC831038,25,11,15,14,30,8,8,,-4,-4,8,14,15,13,15,70,30,12,10,1,28,28,-4,0,8,1,1,1,True,False,True,True,0,7,-4,-4,True,73,18,1,1,1,0,3,-4,-4,-4,73,0,1,False,Unknown,True,False,False,False,False,False
NACC831552,2,2,-4,-4,-4,-4,-4,,-4,-4,-4,-4,-4,-4,-4,996,107,-4,-4,-4,-4,-4,0,0,1,1,2,0,True,False,True,True,1,1,1,0,False,77,16,2,1,1,0,4,-4,-4,8888,-4,-4,-4,False,Unknown,False,False,False,True,True,True
NACC832169,97,97,-4,-4,-4,-4,-4,,-4,-4,-4,-4,-4,-4,-4,997,997,-4,-4,-4,-4,-4,0,0,1,1,2,0,True,False,True,True,1,1,0,1,False,85,9,1,3,5,0,4,-4,-4,8888,-4,-4,-4,False,Unknown,False,False,False,True,True,True
NACC832499,17,8,13,15,29,8,8,,-4,-4,8,10,8,8,8,81,38,10,5,1,23,23,1,0,8,1,1,0,True,True,True,True,0,7,-4,-4,False,58,20,1,1,1,0,3,-4,-4,2016,55,1,1,True,Unknown,True,True,False,False,True,True
NACC832873,17,9,-4,-4,-4,-4,-4,,-4,-4,-4,-4,-4,-4,-4,117,25,-4,-4,-4,-4,-4,1,1,8,8,8,0,True,True,True,True,8,8,8,8,False,68,16,1,1,1,0,1,-4,-4,2006,-4,-4,-4,True,Unknown,False,True,True,False,True,True
NACC833197,10,7,-4,-4,-4,-4,-4,,-4,-4,-4,-4,-4,-4,-4,996,150,-4,-4,-4,-4,-4,0,0,1,1,1,0,False,False,False,False,1,2,1,0,False,70,20,1,1,1,0,4,-4,-4,8888,-4,-4,-4,True,Unknown,False,False,False,True,True,True
NACC833440,16,8,-4,-4,-4,-4,-4,,-4,-4,-4,-4,-4,-4,-4,300,150,-4,-4,-4,-4,-4,0,0,1,1,1,0,True,True,True,True,0,7,0,0,False,66,18,1,1,1,0,4,-4,-4,8888,-4,-4,-4,False,Unknown,False,False,False,True,True,True
NACC833499,13,9,-4,-4,-4,-4,-4,,-4,-4,-4,-4,-4,-4,-4,997,42,-4,-4,-4,-4,-4,1,1,8,8,8,0,True,True,True,True,8,8,8,8,False,68,16,1,1,1,0,1,-4,-4,2003,-4,-4,-4,True,Unknown,False,True,True,False,True,True
NACC833598,0,0,-4,-4,-4,-4,-4,,-4,-4,-4,-4,-4,-4,-4,996,996,-4,-4,-4,-4,-4,0,0,1,1,2,0,True,False,True,True,1,1,1,0,False,84,12,2,1,1,0,4,-4,-4,8888,-4,-4,-4,True,Unknown,False,False,False,True,True,True
NACC833642,14,5,-4,-4,-4,8,8,,-4,-4,8,-4,-4,-4,-4,248,76,-4,-4,-4,-4,-4,0,0,0,1,2,0,True,False,True,True,1,1,-4,-4,False,79,16,2,2,1,1,4,-4,-4,8888,77,1,1,False,Unknown,False,False,False,False,False,False
NACC833694,8,7,9,6,31,8,8,,-4,-4,8,10,10,0,0,136,31,15,0,0,20,20,0,0,1,1,2,0,True,True,True,True,1,1,-4,-4,False,73,20,2,1,1,0,4,-4,-4,8888,888,0,1,False,Unknown,True,False,False,True,True,True
NACC834203,-4,-4,-4,-4,-4,8,1,,-4,-4,8,-4,-4,-4,-4,-4,-4,-4,-4,-4,-4,-4,-4,0,1,1,2,0,True,False,True,True,1,1,-4,-4,False,66,16,1,1,1,0,4,-4,-4,-4,66,-4,-4,False,A+,False,False,False,True,True,True
NACC834428,25,11,8,12,32,8,8,,-4,-4,8,14,11,11,10,249,68,12,5,1,22,22,0,0,8,1,1,1,True,False,True,True,0,7,-4,-4,True,77,20,1,1,1,0,3,-4,-4,8888,75,1,1,True,Unknown,True,False,False,False,False,False
NACC834831,97,97,-4,-4,-4,-4,-4,,-4,-4,-4,-4,-4,-4,-4,997,997,-4,-4,-4,-4,-4,0,0,1,1,1,0,False,False,False,False,0,7,0,0,False,73,10,2,1,2,0,4,-4,-4,8888,-4,-4,-4,False,Unknown,False,False,False,True,True,True
NACC835127,22,11,12,13,31,8,8,,-4,-4,8,20,14,12,12,114,25,14,10,1,28,28,1,1,8,1,1,0,True,True,True,True,0,7,-4,-4,False,64,19,2,1,1,0,3,-4,-4,9999,62,1,1,True,Unknown,True,True,True,False,True,True
NACC835681,16,7,9,14,-4,8,8,,-4,-4,8,22,16,16,13,-4,-4,-4,-4,-4,-4,-4,0,0,1,1,1,0,True,False,True,True,0,7,-4,-4,False,77,16,1,1,1,0,4,-4,-4,8888,73,-4,-4,True,Unknown,False,False,False,True,True,True
NACC835786,33,17,-4,-4,-4,-4,-4,,-4,-4,-4,-4,-4,-4,-4,58,27,-4,-4,-4,-4,-4,1,1,8,1,1,0,True,True,True,True,0,7,0,0,False,69,16,2,1,1,0,3,-4,-4,2002,-4,-4,-4,True,Unknown,False,True,True,False,True,True
NACC836411,23,13,20,20,32,8,8,,-4,-4,8,25,17,24,21,68,33,14,12,1,28,28,-4,1,8,8,8,0,True,False,True,True,8,8,-4,-4,False,79,20,1,1,1,0,1,-4,-4,-4,76,0,1,True,Unknown,True,False,True,False,False,True
NACC837337,13,10,6,4,27,8,8,,-4,-4,8,20,13,12,12,107,57,16,8,1,25,25,-4,1,8,8,8,0,True,False,True,True,8,8,-4,-4,False,74,18,2,1,1,0,1,-4,-4,-4,73,1,1,False,Unknown,True,False,True,False,False,True
NACC837386,0,0,-4,-4,-4,-4,-4,,-4,-4,-4,-4,-4,-4,-4,996,996,-4,-4,-4,-4,-4,0,0,1,1,1,0,True,False,True,True,0,7,0,0,False,70,12,2,2,1,1,4,-4,-4,8888,-4,-4,-4,False,Unknown,False,False,False,True,True,True
NACC837490,0,0,3,4,96,8,1,,-4,-4,8,1,1,0,0,996,996,2,0,1,4,4,-4,0,1,1,2,0,True,False,True,True,1,1,-4,-4,False,65,18,1,1,1,0,4,-4,-4,-4,63,0,0,False,A+,False,False,False,True,True,True
NACC837641,-4,-4,-4,-4,-4,-4,-4,,-4,-4,-4,-4,-4,-4,-4,-4,-4,-4,-4,-4,-4,-4,1,0,1,1,1,0,True,True,True,True,0,7,0,0,False,83,12,1,1,1,1,4,-4,-4,2010,-4,-4,-4,False,Unknown,False,True,False,True,True,True
NACC837748,4,5,22,14,28,1,8,,-4,-4,8,14,10,4,4,996,996,0,1,0,17,17,-4,0,1,1,2,0,True,False,True,True,1,1,-4,-4,False,67,21,1,1,1,0,4,-4,-4,-4,66,1,1,False,A+,True,False,False,True,True,True
NACC837866,9,2,-4,-4,-4,-4,-4,,-4,-4,-4,-4,-4,-4,-4,300,94,-4,-4,-4,-4,-4,0,0,1,1,2,0,False,False,False,False,1,1,0,1,False,62,18,2,1,1,0,4,-4,-4,8888,-4,-4,-4,False,Unknown,False,False,False,True,True,True
NACC837890,-4,-4,-4,-4,-4,8,8,,-4,-4,8,-4,-4,-4,-4,-4,-4,-4,-4,-4,-4,-4,-4,1,8,1,1,0,True,False,True,True,0,7,-4,-4,False,91,9,1,2,1,1,3,-4,-4,-4,89,-4,-4,True,Unknown,False,False,True,False,False,True
NACC837918,0,0,-4,-4,-4,-4,-4,,-4,-4,-4,-4,-4,-4,-4,996,150,-4,-4,-4,-4,-4,0,0,1,1,1,0,False,True,False,False,0,7,0,0,False,64,16,2,1,1,0,4,-4,-4,8888,-4,-4,-4,True,Unknown,False,False,False,True,True,True
NACC838425,23,11,14,16,30,8,8,,-4,-4,8,17,15,14,14,104,51,15,5,1,23,23,1,1,8,8,8,1,True,True,True,True,8,8,-4,-4,True,71,18,1,1,1,0,1,-4,-4,2017,65,1,1,True,Unknown,True,True,True,False,True,True
NACC838671,8,7,13,10,28,8,8,,-4,-4,8,12,9,8,9,997,150,17,7,0,14,14,1,1,1,1,1,0,True,True,True,True,0,7,-4,-4,False,84,20,1,1,1,0,4,-4,-4,2005,65,1,1,True,Unknown,True,True,True,True,True,True
NACC838773,9,7,15,96,31,8,1,,-4,-4,8,1,1,1,4,252,62,14,8,1,20,20,-4,1,0,1,2,0,True,False,True,True,1,1,-4,-4,False,86,16,1,1,1,0,4,-4,-4,-4,84,1,1,True,A+,False,False,True,False,False,True
NACC839122,14,11,7,7,32,0,8,,-4,-4,8,23,16,20,14,269,110,15,10,1,25,25,1,1,8,1,1,1,True,True,True,True,0,7,-4,-4,True,76,18,1,1,1,0,3,-4,-4,2007,62,1,1,True,A-,True,True,True,False,True,True
NACC839175,19,13,14,12,30,8,8,,-4,-4,8,21,14,14,12,995,129,12,97,97,25,25,-4,1,8,1,2,0,True,False,True,True,1,1,-4,-4,False,90,19,2,1,1,0,3,-4,-4,-4,88,1,1,False,Unknown,True,False,True,False,False,True
NACC839476,97,97,97,97,97,8,8,,-4,-4,8,97,97,97,97,997,997,97,97,97,88,88,-4,1,8,1,1,0,True,False,True,True,0,7,-4,-4,False,76,17,2,3,5,0,3,-4,-4,-4,66,0,1,False,Unknown,False,False,True,False,False,True
NACC839650,97,97,97,97,-4,8,8,,-4,-4,8,97,97,97,97,-4,-4,-4,-4,-4,-4,-4,-4,1,0,0,7,0,True,False,True,True,1,1,-4,-4,False,82,18,1,1,1,0,4,-4,-4,-4,77,-4,-4,False,Unknown,False,False,True,False,False,True
NACC839878,10,3,9,5,31,8,8,,-4,-4,0,6,5,2,2,997,150,2,0,1,9,9,0,0,1,1,1,1,True,False,True,True,1,2,-4,-4,True,64,18,1,1,1,0,4,-4,-4,8888,64,1,1,False,Unknown,True,False,False,True,True,True
NACC840376,9,5,-4,-4,-4,-4,-4,,-4,-4,-4,-4,-4,-4,-4,996,150,-4,-4,-4,-4,-4,0,0,1,1,1,0,False,False,False,False,0,7,0,0,False,72,18,1,1,1,0,4,-4,-4,8888,-4,-4,-4,False,Unknown,False,False,False,True,True,True
NACC840406,97,97,97,97,97,8,8,,-4,-4,8,97,97,97,97,997,997,97,97,97,88,88,0,1,0,1,2,0,True,False,True,True,1,1,-4,-4,False,81,12,1,3,5,0,4,-4,-4,8888,80,1,1,False,Unknown,False,False,True,False,False,True
NACC840669,24,13,18,12,-4,8,8,,-4,-4,8,17,14,18,15,-4,-4,-4,-4,-4,-4,-4,1,1,8,1,1,0,True,True,True,True,0,7,-4,-4,False,58,19,1,1,1,0,3,-4,-4,2019,56,1,1,True,Unknown,False,True,True,False,True,True
NACC840864,4,0,-4,-4,-4,-4,-4,,-4,-4,-4,-4,-4,-4,-4,996,150,-4,-4,-4,-4,-4,1,1,0,1,2,0,True,True,True,True,1,1,0,1,False,86,16,1,1,1,0,4,-4,-4,9999,-4,-4,-4,False,Unknown,False,True,True,False,True,True
NACC841033,13,9,15,13,28,1,8,,-4,-4,8,6,8,6,9,300,150,8,8,1,22,22,0,0,1,1,2,1,False,False,False,False,1,1,-4,-4,False,65,18,2,1,1,0,4,-4,-4,8888,888,0,0,False,A+,True,False,False,True,True,True
NACC841248,8,7,2,3,29,8,8,,-4,-4,8,11,11,8,10,996,133,11,8,0,14,14,0,1,0,1,2,0,True,False,True,True,0,7,-4,-4,False,72,14,2,2,1,1,4,-4,-4,8888,67,1,1,True,Unknown,True,False,True,False,False,True
NACC841414,9,6,7,10,24,8,8,,-4,-4,8,9,6,9,6,300,78,14,8,0,16,16,-4,1,8,1,2,0,True,False,True,True,0,7,-4,-4,False,87,13,1,2,1,1,3,-4,-4,-4,888,0,1,True,Unknown,True,False,True,False,False,True
NACC841787,14,8,14,15,32,8,8,,-4,-4,8,25,17,25,19,187,59,14,14,1,24,24,-4,1,8,8,8,0,True,False,True,True,8,8,-4,-4,False,82,16,1,1,1,0,1,-4,-4,-4,82,1,1,False,Unknown,True,False,True,False,False,True
NACC842120,7,97,8,3,10,8,8,,-4,-4,8,96,96,97,97,996,59,16,0,1,10,10,0,1,0,0,7,0,True,False,True,True,1,1,-4,-4,False,74,20,1,1,1,0,4,-4,-4,8888,70,0,1,False,Unknown,False,False,True,False,False,True
NACC842351,16,5,6,5,28,8,8,,-4,-4,8,13,9,0,0,128,64,14,7,1,21,21,-4,1,0,1,2,0,True,False,True,True,1,1,-4,-4,False,80,16,1,1,1,0,4,-4,-4,-4,76,1,1,False,Unknown,True,False,True,False,False,True
NACC842433,14,6,-4,-4,-4,-4,-4,,-4,-4,-4,-4,-4,-4,-4,59,29,-4,-4,-4,-4,-4,0,0,1,1,1,0,True,False,True,True,0,7,0,0,False,80,19,1,1,1,0,4,-4,-4,8888,-4,-4,-4,True,Unknown,False,False,False,True,True,True
NACC842443,7,6,14,11,31,8,8,,-4,-4,8,23,18,24,17,300,73,13,5,1,26,26,-4,1,1,1,1,0,True,False,True,True,0,7,-4,-4,False,78,25,2,1,1,0,4,-4,-4,-4,73,1,1,False,Unknown,True,False,True,True,True,True
NACC842938,98,96,-4,-4,-4,-4,-4,,-4,-4,-4,-4,-4,-4,-4,996,996,-4,-4,-4,-4,-4,0,0,1,1,2,0,False,False,False,False,1,1,1,0,False,89,16,1,1,1,0,4,-4,-4,8888,-4,-4,-4,False,Unknown,False,False,False,True,True,True
NACC843511,11,12,13,14,28,8,8,,-4,-4,8,7,5,6,5,183,34,8,97,97,26,26,0,0,8,1,1,1,True,False,True,True,0,7,-4,-4,False,80,18,2,1,1,0,3,-4,-4,8888,78,1,1,True,Unknown,True,False,False,False,False,False
NACC844065,97,97,-4,-4,-4,-4,-4,,-4,-4,-4,-4,-4,-4,-4,997,997,-4,-4,-4,-4,-4,0,0,1,1,2,0,True,False,True,True,1,1,0,1,False,75,5,1,3,5,0,4,-4,-4,8888,-4,-4,-4,False,Unknown,False,False,False,True,True,True
NACC844233,21,13,-4,-4,-4,-4,-4,,-4,-4,-4,-4,-4,-4,-4,58,28,-4,-4,-4,-4,-4,1,1,8,8,8,0,True,True,True,True,8,8,8,8,False,57,16,1,1,1,0,1,-4,-4,2003,-4,-4,-4,True,Unknown,False,True,True,False,True,True
NACC844340,24,11,-4,-4,-4,-4,-4,,-4,-4,-4,-4,-4,-4,-4,110,27,-4,-4,-4,-4,-4,1,1,8,1,1,0,True,True,True,True,0,7,0,0,False,60,16,2,1,1,0,3,-4,-4,2004,-4,-4,-4,True,Unknown,False,True,True,False,True,True
NACC844373,13,8,11,10,29,8,8,,-4,-4,8,11,10,12,11,996,83,10,6,0,22,22,0,0,1,1,1,1,True,False,True,True,0,7,-4,-4,True,79,20,1,1,1,0,4,-4,-4,8888,76,1,1,True,Unknown,True,False,False,True,True,True
NACC844443,-4,-4,-4,-4,-4,-4,-4,,-4,-4,-4,-4,-4,-4,-4,-4,-4,-4,-4,-4,-4,-4,0,0,1,1,1,0,True,True,True,True,0,7,0,0,False,71,16,1,1,1,0,4,-4,-4,8888,-4,-4,-4,False,Unknown,False,False,False,True,True,True
NACC844498,14,3,-4,-4,-4,-4,-4,,-4,-4,-4,-4,-4,-4,-4,996,58,-4,-4,-4,-4,-4,0,0,1,1,2,0,True,False,True,True,1,1,1,0,False,83,16,1,1,1,0,4,-4,-4,8888,-4,-4,-4,False,Unknown,False,False,False,True,True,True
NACC845317,12,7,6,4,32,8,1,,-4,-4,8,19,14,0,0,996,91,12,8,0,22,22,-4,0,1,1,1,0,False,False,False,True,0,7,-4,-4,False,74,18,1,1,1,0,4,-4,-4,-4,888,0,0,False,A+,True,False,False,True,True,True
NACC845534,6,2,2,2,27,8,8,,-4,-4,8,96,96,96,96,996,74,14,11,1,20,20,9,1,0,1,2,0,True,False,True,True,1,1,-4,-4,False,83,18,1,1,1,0,4,-4,-4,8888,75,1,1,False,Unknown,True,False,True,False,False,True
NACC846028,17,6,-4,-4,-4,-4,-4,,-4,-4,-4,-4,-4,-4,-4,295,56,-4,-4,-4,-4,-4,1,1,0,1,3,0,True,True,True,True,1,1,1,0,False,61,16,1,1,1,0,4,-4,-4,2009,-4,-4,-4,False,Unknown,False,True,True,False,True,True
NACC846902,13,2,2,12,25,8,8,,-4,-4,8,2,2,0,0,996,40,12,2,0,14,14,0,1,0,0,7,0,True,False,True,True,1,1,-4,-4,False,78,19,1,1,1,0,4,-4,-4,8888,75,1,1,False,Unknown,True,False,True,False,False,True
NACC847199,97,97,-4,-4,-4,-4,-4,,-4,-4,-4,-4,-4,-4,-4,997,997,-4,-4,-4,-4,-4,0,0,1,1,2,0,False,False,False,False,1,1,1,0,False,89,12,2,1,1,0,4,-4,-4,8888,-4,-4,-4,False,Unknown,False,False,False,True,True,True
NACC847834,23,14,9,7,27,8,8,,-4,-4,8,13,12,15,9,112,24,13,11,0,21,21,0,0,8,1,1,0,True,False,True,True,0,7,-4,-4,False,76,18,1,1,1,0,3,-4,-4,8888,73,1,1,False,Unknown,True,False,False,False,False,False
NACC847909,14,9,13,9,27,8,1,,-4,-4,8,5,4,6,5,300,82,11,97,97,21,22,-4,0,8,1,1,1,True,False,True,True,0,7,-4,-4,True,65,11,1,1,1,0,3,-4,-4,-4,64,1,1,False,A+,True,False,False,False,False,False
NACC847969,28,14,12,13,32,8,8,,-4,-4,8,20,16,20,15,59,28,17,10,1,27,27,1,1,8,8,8,0,True,True,True,True,8,8,-4,-4,False,75,16,1,1,1,0,1,-4,-4,2014,71,0,1,True,Unknown,True,True,True,False,True,True
NACC848129,8,7,-4,-4,-4,-4,-4,,-4,-4,-4,-4,-4,-4,-4,160,55,-4,-4,-4,-4,-4,1,1,8,1,1,0,True,True,True,True,0,7,0,0,False,68,16,1,1,1,0,3,-4,-4,2010,-4,-4,-4,True,Unknown,False,True,True,False,True,True
NACC848645,16,15,18,12,28,8,8,,-4,-4,8,24,17,14,13,78,33,17,13,1,26,26,1,1,8,8,8,1,True,True,True,True,8,8,-4,-4,False,80,16,2,1,1,0,1,-4,-4,2010,72,0,1,True,Unknown,True,True,True,False,True,True
NACC848740,10,7,-4,-4,-4,-4,-4,,-4,-4,-4,-4,-4,-4,-4,300,52,-4,-4,-4,-4,-4,0,0,1,1,2,0,False,False,False,False,1,1,1,0,False,67,20,1,1,1,0,4,-4,-4,8888,-4,-4,-4,False,Unknown,False,False,False,True,True,True
NACC848792,7,5,12,10,10,8,1,,-4,-4,8,15,8,6,7,300,91,14,7,0,9,9,0,0,0,1,2,0,True,False,True,True,1,1,-4,-4,False,68,16,1,2,99,1,4,-4,-4,8888,64,0,1,False,A+,True,False,False,False,False,False
NACC848803,11,4,6,2,16,8,8,,-4,-4,8,14,11,11,10,300,67,11,7,1,8,8,-4,1,1,1,1,0,True,False,True,True,1,2,-4,-4,False,76,13,2,1,1,0,4,-4,-4,-4,73,1,1,True,Unknown,True,False,True,True,True,True
NACC848989,18,11,16,14,31,8,8,,-4,-4,8,24,17,18,15,44,26,16,11,1,30,30,-4,1,8,1,1,0,True,False,True,True,0,7,-4,-4,False,77,18,2,1,1,0,3,-4,-4,-4,75,0,1,False,Unknown,True,False,True,False,False,True
NACC849163,12,8,13,20,25,8,8,,-4,-4,8,18,12,13,12,996,132,9,6,1,22,22,-4,0,1,1,2,0,True,False,True,True,1,1,-4,-4,False,75,20,1,1,1,0,4,-4,-4,-4,888,0,1,False,Unknown,True,False,False,True,True,True
NACC849523,13,7,-4,-4,-4,-4,-4,,-4,-4,-4,-4,-4,-4,-4,248,61,-4,-4,-4,-4,-4,1,1,8,1,1,0,True,True,True,True,0,7,0,0,False,76,16,1,1,1,0,3,-4,-4,2004,-4,-4,-4,True,Unknown,False,True,True,False,True,True
NACC850513,13,9,9,5,30,1,8,,-4,-4,8,29,17,20,15,169,61,14,9,1,25,25,9,0,1,1,2,0,True,False,True,True,1,1,-4,-4,True,64,20,1,1,1,0,4,-4,-4,8888,888,1,1,False,A+,True,False,False,True,True,True
NACC850650,7,4,-4,-4,-4,-4,-4,,-4,-4,-4,-4,-4,-4,-4,300,73,-4,-4,-4,-4,-4,0,0,1,1,2,0,False,False,False,False,1,1,0,1,False,86,12,1,2,1,0,4,-4,-4,8888,-4,-4,-4,False,Unknown,False,False,False,True,True,True
NACC850671,-4,-4,-4,-4,-4,-4,-4,,-4,-4,-4,-4,-4,-4,-4,-4,-4,-4,-4,-4,-4,-4,0,0,1,1,2,0,False,False,False,False,1,1,1,0,False,80,15,2,1,1,0,4,-4,-4,8888,-4,-4,-4,False,Unknown,False,False,False,True,True,True
NACC851380,17,11,-4,-4,-4,-4,-4,,-4,-4,-4,-4,-4,-4,-4,996,70,-4,-4,-4,-4,-4,1,1,8,1,2,0,True,True,True,True,1,1,1,0,False,83,16,2,1,1,0,3,-4,-4,2001,-4,-4,-4,False,Unknown,False,True,True,False,True,True
NACC851536,18,12,17,13,32,8,8,,-4,-4,8,15,13,10,10,178,41,15,8,1,27,27,0,0,8,1,1,1,True,True,True,True,0,7,-4,-4,False,68,20,2,1,1,0,3,-4,-4,8888,66,0,1,True,Unknown,True,False,False,False,False,False
NACC852142,21,9,11,13,29,8,8,,-4,-4,8,26,16,26,18,92,50,11,7,1,25,25,-4,1,8,8,8,0,True,False,True,True,8,8,-4,-4,False,76,15,2,1,1,0,1,-4,-4,-4,75,1,1,True,Unknown,True,False,True,False,False,True
NACC852177,-4,-4,-4,-4,-4,-4,-4,,-4,-4,-4,-4,-4,-4,-4,-4,-4,-4,-4,-4,-4,-4,1,1,8,1,1,0,True,True,True,True,0,7,0,0,False,82,19,2,1,1,0,3,-4,-4,9999,-4,-4,-4,True,Unknown,False,True,True,False,True,True
NACC853018,9,9,-4,-4,-4,-4,-4,,-4,-4,-4,-4,-4,-4,-4,996,996,-4,-4,-4,-4,-4,0,0,1,1,1,0,False,True,False,False,0,7,0,0,False,83,3,1,1,1,0,4,-4,-4,8888,-4,-4,-4,False,Unknown,False,False,False,True,True,True
NACC853033,15,5,10,9,29,8,1,,-4,-4,8,10,10,7,7,996,47,7,7,1,19,20,0,0,1,1,1,1,True,False,True,True,0,7,-4,-4,True,62,12,1,1,1,0,4,-4,-4,8888,61,1,1,True,A+,True,False,False,True,True,True
NACC853514,20,12,8,13,30,8,8,,-4,-4,8,25,16,21,18,71,43,15,10,1,28,28,0,1,8,8,8,1,True,False,True,True,8,8,-4,-4,False,61,16,1,1,1,0,1,-4,-4,8888,60,0,1,False,Unknown,True,False,True,False,False,True
NACC853791,96,96,-4,-4,-4,-4,-4,,-4,-4,-4,-4,-4,-4,-4,996,996,-4,-4,-4,-4,-4,1,1,1,1,2,0,False,True,False,False,1,1,0,1,False,75,16,2,1,2,0,4,-4,-4,9999,-4,-4,-4,True,Unknown,False,True,True,True,True,True
NACC854238,17,9,19,14,27,-4,-4,,-4,-4,-4,17,10,12,7,189,70,16,3,0,26,26,0,-4,0,1,1,0,True,False,True,True,0,8,-4,-4,False,69,20,2,1,-4,0,4,1,888,-4,-4,-4,1,False,Unknown,True,False,False,False,False,False
NACC854902,29,15,19,15,30,8,8,,-4,-4,8,20,15,16,13,80,29,14,14,1,28,28,1,1,8,8,8,1,True,True,True,True,8,8,-4,-4,False,62,16,2,2,1,1,1,-4,-4,2011,50,1,1,True,Unknown,True,True,True,False,True,True
NACC854911,10,8,-4,-4,-4,-4,-4,,-4,-4,-4,-4,-4,-4,-4,300,130,-4,-4,-4,-4,-4,0,0,1,1,1,0,True,True,True,True,0,7,0,0,False,70,12,2,1,1,0,4,-4,-4,8888,-4,-4,-4,False,Unknown,False,False,False,True,True,True
NACC855060,21,16,21,17,32,8,8,,-4,-4,8,19,13,17,12,78,36,15,5,1,27,27,-4,1,8,8,8,0,True,False,True,True,8,8,-4,-4,False,88,16,2,1,1,0,1,-4,-4,-4,87,0,1,False,Unknown,True,False,True,False,False,True
NACC855737,8,5,6,4,-4,8,8,,-4,-4,8,3,3,1,1,-4,-4,-4,-4,-4,-4,-4,-4,0,1,1,2,0,False,False,False,False,1,1,-4,-4,False,67,7,1,2,2,1,4,-4,-4,-4,-4,-4,-4,False,Unknown,False,False,False,True,True,True
NACC855828,-4,-4,-4,-4,-4,-4,-4,,-4,-4,-4,-4,-4,-4,-4,-4,-4,-4,-4,-4,-4,-4,0,0,1,1,1,0,True,True,True,True,0,7,0,0,False,68,12,1,1,1,0,4,-4,-4,8888,-4,-4,-4,False,Unknown,False,False,False,True,True,True
NACC855964,22,13,15,11,29,8,8,,-4,-4,8,16,13,12,12,160,33,14,7,1,23,23,0,0,8,1,1,0,True,False,True,True,0,7,-4,-4,False,73,20,2,1,1,0,3,-4,-4,8888,62,8,1,False,Unknown,True,False,False,False,False,False
NACC856404,25,16,-4,-4,-4,-4,-4,,-4,-4,-4,-4,-4,-4,-4,151,33,-4,-4,-4,-4,-4,0,0,1,1,2,0,False,False,False,False,1,1,0,1,False,67,12,2,1,1,0,4,-4,-4,8888,-4,-4,-4,False,Unknown,False,False,False,True,True,True
NACC856673,16,9,-4,-4,-4,-4,-4,,-4,-4,-4,-4,-4,-4,-4,115,28,-4,-4,-4,-4,-4,0,0,8,1,2,0,True,False,True,True,0,7,0,0,False,70,14,1,1,1,0,3,-4,-4,8888,-4,-4,-4,False,Unknown,False,False,False,False,False,False
NACC856802,97,97,97,97,97,8,8,,-4,-4,8,97,97,97,97,997,997,97,97,97,88,88,0,0,0,1,2,0,True,True,True,True,1,1,-4,-4,False,79,16,2,3,5,0,4,-4,-4,8888,888,1,1,False,Unknown,False,False,False,False,False,False
NACC857114,13,9,-4,-4,-4,-4,-4,,-4,-4,-4,-4,-4,-4,-4,300,39,-4,-4,-4,-4,-4,0,0,1,1,2,0,False,False,False,False,1,1,0,1,False,85,20,2,1,2,0,4,-4,-4,8888,-4,-4,-4,False,Unknown,False,False,False,True,True,True
NACC857234,25,9,11,11,30,1,8,,-4,-4,8,12,10,8,7,180,48,15,8,1,20,20,0,0,1,1,2,0,True,False,True,True,1,1,-4,-4,False,75,18,1,1,1,0,4,-4,-4,8888,71,1,1,False,A+,True,False,False,True,True,True
NACC857787,12,4,2,2,26,8,8,,-4,-4,8,16,12,8,10,996,92,10,5,1,14,15,-4,0,0,1,2,0,True,False,True,True,1,1,-4,-4,False,91,12,1,1,2,0,4,-4,-4,-4,82,1,1,False,Unknown,True,False,False,False,False,False
NACC858082,16,13,-4,-4,-4,-4,-4,,-4,-4,-4,-4,-4,-4,-4,126,47,-4,-4,-4,-4,-4,0,0,1,1,2,0,False,False,False,False,1,1,1,0,False,76,16,2,1,1,0,4,-4,-4,8888,-4,-4,-4,False,Unknown,False,False,False,True,True,True
NACC858123,12,7,12,14,32,8,8,,-4,-4,8,24,17,25,18,300,132,13,4,0,25,25,0,0,1,1,1,0,True,False,True,True,0,7,-4,-4,True,70,20,1,1,1,0,4,-4,-4,8888,68,1,1,True,Unknown,True,False,False,True,True,True
NACC858589,15,10,15,13,28,8,8,,-4,-4,8,22,18,22,16,126,40,11,8,1,27,27,0,0,8,1,1,1,True,True,True,True,0,7,-4,-4,True,72,20,1,1,1,0,3,-4,-4,8888,70,8,1,False,Unknown,True,False,False,False,False,False
NACC858734,14,9,11,14,28,8,8,,-4,-4,8,17,13,15,9,267,67,15,2,1,22,22,-4,1,8,1,2,0,True,False,True,True,0,7,-4,-4,False,72,18,1,1,1,0,3,-4,-4,-4,72,0,1,False,Unknown,True,False,True,False,False,True
NACC858860,28,13,-4,-4,-4,-4,-4,,-4,-4,-4,-4,-4,-4,-4,62,27,-4,-4,-4,-4,-4,0,1,8,1,1,0,True,False,True,True,0,7,0,0,False,80,18,1,1,1,0,2,-4,-4,8888,-4,-4,-4,False,Unknown,False,False,True,False,False,True
NACC860092,5,1,-4,-4,-4,-4,-4,,-4,-4,-4,-4,-4,-4,-4,996,996,-4,-4,-4,-4,-4,0,0,1,1,2,0,True,False,True,True,1,1,1,0,False,83,12,1,1,1,0,4,-4,-4,8888,-4,-4,-4,False,Unknown,False,False,False,True,True,True
NACC860566,6,8,-4,-4,-4,-4,-4,,-4,-4,-4,-4,-4,-4,-4,996,150,-4,-4,-4,-4,-4,0,0,1,1,1,0,False,False,False,False,0,7,0,0,False,83,3,2,2,1,1,4,-4,-4,8888,-4,-4,-4,False,Unknown,False,False,False,True,True,True
NACC860849,6,9,-4,-4,-4,-4,-4,,-4,-4,-4,-4,-4,-4,-4,300,52,-4,-4,-4,-4,-4,1,1,0,1,1,0,True,True,True,True,0,7,0,0,False,75,14,2,1,1,0,4,-4,-4,1990,-4,-4,-4,True,Unknown,False,True,True,False,True,True
NACC860904,30,20,15,15,32,0,8,,-4,-4,8,24,16,17,16,34,19,15,12,1,30,30,-4,1,8,8,8,0,True,False,True,True,8,8,-4,-4,False,69,20,2,1,1,0,1,-4,-4,-4,66,8,1,True,A-,True,False,True,False,False,True
NACC861038,24,9,-4,-4,-4,-4,-4,,-4,-4,-4,-4,-4,-4,-4,62,23,-4,-4,-4,-4,-4,0,0,8,1,1,0,True,False,True,True,0,7,0,0,False,63,18,1,1,1,0,3,-4,-4,8888,-4,-4,-4,False,Unknown,False,False,False,False,False,False
NACC861156,22,10,21,17,29,0,8,,-4,-4,8,16,14,14,14,134,49,16,11,1,22,22,1,0,8,1,1,1,True,True,True,True,0,7,-4,-4,False,73,18,1,1,1,0,3,-4,-4,2021,70,1,1,True,A-,True,True,False,False,True,True
NACC861890,8,7,5,2,30,8,0,,-4,-4,8,6,6,6,7,996,134,5,7,0,16,16,0,0,1,1,1,1,True,True,True,True,0,7,-4,-4,False,75,16,1,1,1,0,4,-4,-4,8888,71,1,1,True,A-,True,False,False,True,True,True
NACC863011,15,11,-4,-4,-4,-4,-4,,-4,-4,-4,-4,-4,-4,-4,183,30,-4,-4,-4,-4,-4,0,0,8,1,2,0,True,False,True,True,1,1,0,1,False,83,12,1,1,1,0,3,-4,-4,8888,-4,-4,-4,False,Unknown,False,False,False,False,False,False
NACC863424,12,10,-4,-4,-4,-4,-4,,-4,-4,-4,-4,-4,-4,-4,93,37,-4,-4,-4,-4,-4,1,1,8,1,2,0,True,True,True,True,1,1,1,0,False,82,12,1,1,1,0,3,-4,-4,2006,-4,-4,-4,True,Unknown,False,True,True,False,True,True
NACC863609,27,16,19,13,31,8,8,,-4,-4,8,32,23,28,21,114,32,15,8,1,25,25,0,0,1,1,1,0,True,False,True,True,0,7,-4,-4,False,72,18,1,1,1,0,4,-4,-4,8888,71,1,1,False,Unknown,True,False,False,True,True,True
NACC863613,3,4,-4,-4,-4,-4,-4,,-4,-4,-4,-4,-4,-4,-4,996,150,-4,-4,-4,-4,-4,1,1,0,1,1,0,True,True,True,True,0,7,0,0,False,78,18,1,1,1,0,4,-4,-4,1994,-4,-4,-4,True,Unknown,False,True,True,False,True,True
NACC864439,17,13,10,7,32,0,8,,-4,-4,8,28,20,26,21,69,28,17,13,1,27,27,-4,1,8,8,8,1,True,False,True,True,8,8,-4,-4,False,66,16,2,1,1,0,1,-4,-4,-4,64,0,1,False,A-,True,False,True,False,False,True
NACC864462,13,12,9,8,31,8,8,,-4,-4,8,22,17,21,16,125,34,16,12,1,22,22,-4,1,8,8,8,0,True,False,True,True,8,8,-4,-4,False,82,20,1,1,1,0,1,-4,-4,-4,78,0,1,True,Unknown,True,False,True,False,False,True
NACC864652,6,7,9,7,30,1,8,,-4,-4,8,21,13,20,13,300,140,15,10,1,19,19,1,1,8,1,1,1,True,True,True,True,0,7,-4,-4,False,71,18,1,1,1,0,3,-4,-4,2017,64,1,1,True,A+,True,True,True,False,True,True
NACC864849,20,9,5,8,29,8,8,,-4,-4,8,9,8,9,7,176,45,14,12,1,22,22,-4,1,8,8,8,0,True,False,True,True,8,8,-4,-4,False,69,14,1,1,1,0,1,-4,-4,-4,69,1,1,False,Unknown,True,False,True,False,False,True
NACC864997,9,6,5,4,21,8,8,,-4,-4,8,98,98,97,97,300,71,14,5,1,20,21,-4,0,0,1,2,0,True,False,True,True,1,2,-4,-4,False,73,12,2,1,1,0,4,-4,-4,-4,70,1,1,True,Unknown,True,False,False,False,False,False
NACC865262,96,96,-4,-4,-4,-4,-4,,-4,-4,-4,-4,-4,-4,-4,996,996,-4,-4,-4,-4,-4,1,1,0,1,2,0,True,True,True,True,1,2,0,1,False,90,15,2,1,1,0,4,-4,-4,1997,-4,-4,-4,True,Unknown,False,True,True,False,True,True
NACC865366,6,5,-4,-4,-4,-4,-4,,-4,-4,-4,-4,-4,-4,-4,996,150,-4,-4,-4,-4,-4,0,0,1,1,2,0,False,False,False,False,1,1,1,0,False,82,13,2,1,1,0,4,-4,-4,8888,-4,-4,-4,False,Unknown,False,False,False,True,True,True
NACC865431,96,96,-4,-4,-4,-4,-4,,-4,-4,-4,-4,-4,-4,-4,996,996,-4,-4,-4,-4,-4,0,0,1,1,1,0,False,False,False,False,0,7,0,0,False,74,14,1,1,1,0,4,-4,-4,8888,-4,-4,-4,False,Unknown,False,False,False,True,True,True
NACC865434,8,6,-4,-4,-4,-4,-4,,-4,-4,-4,-4,-4,-4,-4,996,995,-4,-4,-4,-4,-4,0,0,1,1,1,0,False,False,False,False,0,7,0,0,False,85,12,2,1,1,0,4,-4,-4,8888,-4,-4,-4,True,Unknown,False,False,False,True,True,True
NACC866069,10,9,-4,-4,-4,-4,-4,,-4,-4,-4,-4,-4,-4,-4,996,150,-4,-4,-4,-4,-4,1,1,1,1,1,0,False,True,False,False,0,7,0,0,False,73,16,1,1,1,0,4,-4,-4,2003,-4,-4,-4,True,Unknown,False,True,True,True,True,True
NACC866132,23,12,18,16,32,8,8,,-4,-4,8,27,17,25,19,46,22,14,10,1,30,30,1,1,8,8,8,1,True,True,True,True,8,8,-4,-4,False,67,16,1,1,1,0,1,-4,-4,2013,50,1,1,False,Unknown,True,True,True,False,True,True
NACC866215,16,8,18,15,30,8,1,,-4,-4,8,16,12,14,12,85,38,17,11,1,28,28,1,0,8,1,2,1,True,True,True,True,1,1,-4,-4,True,79,23,1,1,1,0,3,-4,-4,2023,77,0,1,False,A+,True,True,False,False,True,True
NACC866223,27,14,13,8,-4,8,8,,-4,-4,8,-4,-4,-4,-4,63,24,14,12,1,-4,-4,-4,1,8,8,8,0,True,False,True,True,8,8,-4,-4,False,76,16,1,1,1,0,1,-4,-4,-4,76,1,1,False,Unknown,False,False,True,False,False,True
NACC866232,10,6,7,7,27,-4,-4,,-4,-4,-4,11,11,7,9,163,50,13,0,1,19,19,0,-4,0,1,1,0,True,False,True,True,0,8,-4,-4,False,87,16,2,1,-4,0,3,8,888,-4,-4,-4,1,False,Unknown,True,False,False,False,False,False
NACC866331,6,6,-4,-4,-4,-4,-4,,-4,-4,-4,-4,-4,-4,-4,300,150,-4,-4,-4,-4,-4,1,1,0,1,2,0,True,True,True,True,0,7,0,0,False,70,14,1,1,1,0,4,-4,-4,2009,-4,-4,-4,False,Unknown,False,True,True,False,True,True
NACC866785,97,97,-4,-4,-4,-4,-4,,-4,-4,-4,-4,-4,-4,-4,997,997,-4,-4,-4,-4,-4,0,0,1,1,1,0,False,False,False,True,1,2,0,1,False,60,16,2,1,1,0,4,-4,-4,8888,-4,-4,-4,False,Unknown,False,False,False,True,True,True
NACC867112,3,4,-4,-4,-4,-4,-4,,-4,-4,-4,-4,-4,-4,-4,998,998,-4,-4,-4,-4,-4,0,0,1,1,2,0,False,False,False,False,1,1,1,0,False,94,12,2,1,1,0,4,-4,-4,8888,-4,-4,-4,False,Unknown,False,False,False,True,True,True
NACC868080,7,3,-4,-4,-4,-4,-4,,-4,-4,-4,-4,-4,-4,-4,300,58,-4,-4,-4,-4,-4,0,0,1,1,2,0,False,True,False,False,1,1,0,1,False,64,15,1,1,2,0,4,-4,-4,8888,-4,-4,-4,False,Unknown,False,False,False,True,True,True
NACC868529,15,6,-4,-4,-4,-4,-4,,-4,-4,-4,-4,-4,-4,-4,243,104,-4,-4,-4,-4,-4,9,0,1,1,1,0,False,True,False,True,0,7,0,0,False,59,20,1,1,1,0,4,-4,-4,8888,-4,-4,-4,False,Unknown,False,False,False,True,True,True
NACC868793,4,5,6,3,25,0,8,,-4,-4,8,2,2,0,1,996,150,2,2,0,7,8,9,0,1,1,1,1,True,False,True,True,0,7,-4,-4,False,72,12,1,1,1,0,4,-4,-4,8888,69,0,1,False,A-,True,False,False,True,True,True
NACC869237,21,11,-4,-4,-4,-4,-4,,-4,-4,-4,-4,-4,-4,-4,300,77,-4,-4,-4,-4,-4,0,0,1,1,1,0,False,True,False,False,0,7,0,0,False,69,20,1,1,2,0,4,-4,-4,8888,-4,-4,-4,True,Unknown,False,False,False,True,True,True
NACC869536,97,97,97,97,97,8,8,,-4,-4,8,97,97,97,97,997,997,97,97,97,88,88,-4,1,1,1,1,0,True,False,True,True,0,7,-4,-4,False,89,18,1,1,1,0,4,-4,-4,-4,87,1,1,False,Unknown,False,False,True,True,True,True
NACC869902,9,7,-4,-4,-4,-4,-4,,-4,-4,-4,-4,-4,-4,-4,300,150,-4,-4,-4,-4,-4,0,0,1,1,2,0,True,True,True,True,1,1,0,1,False,87,12,2,1,1,0,4,-4,-4,8888,-4,-4,-4,False,Unknown,False,False,False,True,True,True
NACC870052,19,6,-4,-4,-4,-4,-4,,-4,-4,-4,-4,-4,-4,-4,300,53,-4,-4,-4,-4,-4,1,1,8,1,1,0,True,True,True,True,0,7,0,0,False,58,16,1,1,1,0,2,-4,-4,2003,-4,-4,-4,True,Unknown,False,True,True,False,True,True
NACC870222,8,5,-4,-4,-4,-4,-4,,-4,-4,-4,-4,-4,-4,-4,289,997,-4,-4,-4,-4,-4,0,0,1,1,1,0,False,True,False,False,0,7,0,0,False,83,15,2,1,1,0,4,-4,-4,8888,-4,-4,-4,False,Unknown,False,False,False,True,True,True
NACC871839,12,9,9,8,27,0,8,,-4,-4,0,17,13,18,15,85,24,14,7,1,28,28,-4,0,8,1,1,1,True,False,True,True,0,7,-4,-4,True,66,16,1,1,1,0,3,-4,-4,-4,66,0,1,False,A-,True,False,False,False,False,False
NACC872064,6,3,1,3,26,0,8,,-4,-4,8,10,9,0,0,261,44,16,3,1,15,15,-4,1,0,1,1,0,True,False,True,True,0,7,-4,-4,False,81,18,1,1,1,0,4,-4,-4,-4,80,0,1,True,A-,True,False,True,False,False,True
NACC872125,9,4,-4,-4,-4,-4,-4,,-4,-4,-4,-4,-4,-4,-4,996,150,-4,-4,-4,-4,-4,0,0,1,1,2,0,False,False,False,False,1,1,1,0,False,71,20,1,1,1,0,4,-4,-4,8888,-4,-4,-4,False,Unknown,False,False,False,True,True,True
NACC872497,96,96,-4,-4,-4,-4,-4,,-4,-4,-4,-4,-4,-4,-4,996,996,-4,-4,-4,-4,-4,1,1,1,1,1,0,False,True,False,True,1,2,0,1,False,87,12,2,1,1,0,4,-4,-4,9999,-4,-4,-4,True,Unknown,False,True,True,True,True,True
NACC872648,16,3,11,10,28,8,8,,-4,-4,8,6,3,1,1,996,45,11,2,1,17,17,0,0,1,1,2,0,False,False,False,False,1,1,-4,-4,False,68,18,1,1,1,0,4,-4,-4,8888,888,0,0,False,Unknown,True,False,False,True,True,True
NACC872672,18,17,16,20,26,8,8,,-4,-4,8,18,14,20,13,70,27,17,6,1,26,26,-4,1,8,1,1,0,True,False,True,True,0,7,-4,-4,False,65,16,1,1,1,0,3,-4,-4,-4,65,0,1,False,Unknown,True,False,True,False,False,True
NACC873194,10,7,-4,-4,-4,-4,-4,,-4,-4,-4,-4,-4,-4,-4,996,150,-4,-4,-4,-4,-4,0,0,1,1,1,0,True,True,True,True,0,7,0,0,False,62,14,1,1,1,0,4,-4,-4,8888,-4,-4,-4,False,Unknown,False,False,False,True,True,True
NACC873476,24,19,-4,-4,-4,-4,-4,,-4,-4,-4,-4,-4,-4,-4,108,19,-4,-4,-4,-4,-4,1,1,8,8,8,0,True,True,True,True,8,8,8,8,False,71,16,1,1,1,0,1,-4,-4,2008,-4,-4,-4,True,Unknown,False,True,True,False,True,True
NACC873600,13,8,13,12,29,0,8,,-4,-4,8,11,8,8,8,121,45,16,12,1,22,23,0,0,0,1,1,0,True,False,True,True,0,7,-4,-4,True,66,12,1,1,2,0,4,-4,-4,8888,888,0,1,False,A-,True,False,False,False,False,False
NACC873999,6,1,-4,-4,-4,-4,-4,,-4,-4,-4,-4,-4,-4,-4,996,996,-4,-4,-4,-4,-4,0,0,1,1,2,0,False,False,False,True,1,1,0,1,False,63,12,1,1,2,0,4,-4,-4,8888,-4,-4,-4,False,Unknown,False,False,False,True,True,True
NACC874415,9,6,-4,-4,-4,-4,-4,,-4,-4,-4,-4,-4,-4,-4,300,150,-4,-4,-4,-4,-4,1,1,0,1,1,0,True,True,True,True,0,7,0,0,False,81,20,1,1,1,0,4,-4,-4,1999,-4,-4,-4,True,Unknown,False,True,True,False,True,True
NACC874420,11,14,14,12,97,8,8,,-4,-4,8,97,97,97,97,269,80,97,97,97,18,19,1,1,8,1,1,1,True,True,True,True,0,7,-4,-4,False,68,12,1,1,1,0,3,-4,-4,2008,59,1,1,True,Unknown,False,True,True,False,True,True
NACC874457,13,4,8,10,28,8,8,,-4,-4,8,2,2,0,0,996,150,17,0,0,8,8,0,0,1,1,2,1,True,False,True,True,1,1,-4,-4,False,80,18,1,1,1,0,4,-4,-4,8888,79,0,0,False,Unknown,True,False,False,True,True,True
NACC875360,8,12,-4,-4,-4,-4,-4,,-4,-4,-4,-4,-4,-4,-4,205,36,-4,-4,-4,-4,-4,0,1,0,1,1,0,True,True,True,True,0,7,0,0,False,77,99,2,1,99,9,4,-4,-4,8888,-4,-4,-4,True,Unknown,False,False,True,False,False,True
NACC875449,15,7,-4,-4,-4,-4,-4,,-4,-4,-4,-4,-4,-4,-4,996,150,-4,-4,-4,-4,-4,0,0,1,1,1,0,False,True,False,True,0,7,0,0,False,67,12,1,1,1,0,4,-4,-4,8888,-4,-4,-4,False,Unknown,False,False,False,True,True,True
NACC875740,15,14,-4,-4,-4,-4,-4,,-4,-4,-4,-4,-4,-4,-4,300,150,-4,-4,-4,-4,-4,1,1,1,1,1,0,True,True,True,True,0,7,0,0,False,64,8,1,2,50,1,4,-4,-4,2012,-4,-4,-4,False,Unknown,False,True,True,True,True,True
NACC876549,14,8,-4,-4,-4,-4,-4,,-4,-4,-4,-4,-4,-4,-4,996,150,-4,-4,-4,-4,-4,0,0,1,1,1,0,False,True,False,False,0,7,0,0,False,73,16,1,1,1,0,4,-4,-4,8888,-4,-4,-4,True,Unknown,False,False,False,True,True,True
NACC876737,16,11,-4,-4,-4,-4,-4,,-4,-4,-4,-4,-4,-4,-4,300,47,-4,-4,-4,-4,-4,0,0,1,1,2,0,True,True,True,True,1,1,1,0,False,77,16,1,1,1,0,4,-4,-4,8888,-4,-4,-4,False,Unknown,False,False,False,True,True,True
NACC878177,15,10,-4,-4,-4,-4,-4,,-4,-4,-4,-4,-4,-4,-4,174,32,-4,-4,-4,-4,-4,0,0,8,1,2,0,True,False,True,True,1,1,1,0,False,83,17,1,1,1,0,3,-4,-4,8888,-4,-4,-4,False,Unknown,False,False,False,False,False,False
NACC878266,13,8,5,4,29,8,8,,-4,-4,8,12,10,5,5,300,46,13,4,0,18,18,0,0,1,1,1,0,True,True,True,True,0,7,-4,-4,False,54,19,1,1,1,0,4,-4,-4,8888,52,1,1,False,Unknown,True,False,False,True,True,True
NACC878448,97,97,97,97,97,8,8,,-4,-4,8,97,97,97,97,997,997,97,97,97,88,88,1,0,1,1,1,0,True,True,True,True,0,7,-4,-4,False,80,20,1,1,5,0,4,-4,-4,2015,76,0,1,True,Unknown,False,True,False,True,True,True
NACC878507,96,96,-4,-4,-4,-4,-4,,-4,-4,-4,-4,-4,-4,-4,996,996,-4,-4,-4,-4,-4,1,1,0,1,3,0,True,True,True,True,1,1,1,0,False,78,16,1,1,1,0,4,-4,-4,2003,-4,-4,-4,False,Unknown,False,True,True,False,True,True
NACC878563,0,0,-4,-4,-4,-4,-4,,-4,-4,-4,-4,-4,-4,-4,300,150,-4,-4,-4,-4,-4,1,1,0,1,3,0,True,True,True,True,1,1,1,0,False,82,12,1,1,2,0,4,-4,-4,2011,-4,-4,-4,False,Unknown,False,True,True,False,True,True
NACC878665,10,7,14,10,30,8,8,,-4,-4,8,10,6,10,6,300,39,11,3,1,22,22,1,0,1,1,1,1,True,True,True,True,0,7,-4,-4,False,68,14,1,1,1,0,4,-4,-4,9999,65,0,0,True,Unknown,True,True,False,True,True,True
NACC878703,9,9,-4,-4,-4,-4,-4,,-4,-4,-4,-4,-4,-4,-4,300,63,-4,-4,-4,-4,-4,0,0,1,1,1,0,False,False,False,False,0,7,0,0,False,78,6,1,2,1,1,4,-4,-4,8888,-4,-4,-4,False,Unknown,False,False,False,True,True,True
NACC879037,16,11,13,17,26,8,8,,-4,-4,8,15,14,13,9,93,45,14,8,1,26,26,0,0,8,1,1,0,True,False,True,True,1,2,-4,-4,False,77,18,2,1,1,0,3,-4,-4,8888,75,1,1,True,Unknown,True,False,False,False,False,False
NACC879201,26,16,22,21,32,8,8,,-4,-4,8,30,21,26,20,65,32,16,10,0,28,28,-4,0,8,1,1,1,True,False,True,True,0,7,-4,-4,False,68,18,1,1,1,0,2,-4,-4,-4,68,0,1,False,Unknown,True,False,False,False,False,False
NACC879234,11,9,19,13,21,1,8,,-4,-4,1,5,4,6,4,300,93,7,8,1,15,15,0,0,0,1,2,0,True,False,True,True,1,1,-4,-4,False,68,18,2,1,1,0,4,-4,-4,8888,64,1,1,True,A+,True,False,False,False,False,False
NACC879413,14,12,-4,-4,-4,-4,-4,,-4,-4,-4,-4,-4,-4,-4,270,94,-4,-4,-4,-4,-4,0,0,8,1,2,0,True,False,True,True,1,1,0,1,False,86,12,2,1,1,0,3,-4,-4,8888,-4,-4,-4,False,Unknown,False,False,False,False,False,False
NACC879448,12,10,-4,-4,-4,-4,-4,,-4,-4,-4,-4,-4,-4,-4,300,69,-4,-4,-4,-4,-4,1,1,1,1,1,0,True,True,True,True,0,7,0,0,False,65,18,1,1,1,0,4,-4,-4,1999,-4,-4,-4,True,Unknown,False,True,True,True,True,True
NACC879466,-4,-4,-4,-4,-4,8,8,,-4,-4,8,-4,-4,-4,-4,-4,-4,-4,-4,-4,-4,-4,-4,0,1,1,2,0,True,False,True,True,1,1,-4,-4,False,81,20,1,1,1,0,4,-4,-4,-4,79,-4,-4,False,Unknown,False,False,False,True,True,True
NACC880352,5,10,9,9,31,1,8,,-4,-4,8,27,20,23,16,300,41,10,8,1,21,21,1,1,1,1,1,1,True,True,True,True,0,7,-4,-4,False,76,16,1,1,1,0,4,-4,-4,2024,74,1,1,True,A+,True,True,True,True,True,True
NACC880380,-4,-4,-4,-4,-4,-4,-4,,-4,-4,-4,-4,-4,-4,-4,-4,-4,-4,-4,-4,-4,-4,1,1,0,1,1,0,True,True,True,True,0,7,0,0,False,82,12,1,1,1,0,4,-4,-4,2008,-4,-4,-4,True,Unknown,False,True,True,False,True,True
NACC880977,2,0,-4,-4,-4,-4,-4,,-4,-4,-4,-4,-4,-4,-4,95,67,-4,-4,-4,-4,-4,1,1,1,1,2,0,False,True,False,False,1,1,1,0,False,75,16,1,1,1,0,4,-4,-4,2004,-4,-4,-4,True,Unknown,False,True,True,True,True,True
NACC881266,15,4,9,14,29,8,8,,-4,-4,8,9,9,7,7,91,31,13,9,0,23,23,0,0,8,1,1,1,True,False,True,True,0,7,-4,-4,False,79,20,1,1,1,0,3,-4,-4,8888,888,0,1,False,Unknown,True,False,False,False,False,False
NACC881531,18,13,-4,-4,-4,-4,-4,,-4,-4,-4,-4,-4,-4,-4,120,39,-4,-4,-4,-4,-4,0,0,1,1,2,0,False,False,False,False,1,1,0,1,False,60,17,2,1,1,0,4,-4,-4,8888,-4,-4,-4,False,Unknown,False,False,False,True,True,True
NACC881937,15,7,-4,-4,-4,-4,-4,,-4,-4,-4,-4,-4,-4,-4,153,58,-4,-4,-4,-4,-4,1,1,8,1,1,0,True,True,True,True,0,7,0,0,False,75,14,1,1,1,0,3,-4,-4,2010,-4,-4,-4,True,Unknown,False,True,True,False,True,True
NACC882000,17,5,14,12,32,8,8,,-4,-4,8,18,12,13,8,74,32,15,2,1,22,22,-4,0,8,1,2,0,True,False,True,True,1,1,-4,-4,False,85,19,1,1,1,0,3,-4,-4,-4,85,1,1,False,Unknown,True,False,False,False,False,False
NACC882123,22,7,-4,-4,-4,-4,-4,,-4,-4,-4,-4,-4,-4,-4,117,44,-4,-4,-4,-4,-4,0,0,8,1,1,0,True,True,True,True,0,7,0,0,False,70,16,1,1,1,0,3,-4,-4,8888,-4,-4,-4,True,Unknown,False,False,False,False,False,False
NACC882656,19,8,16,13,32,8,0,,-4,-4,8,14,12,12,10,78,22,13,11,1,29,29,0,0,8,1,1,1,True,False,True,True,0,7,-4,-4,False,67,18,1,1,1,0,3,-4,-4,8888,65,0,1,False,A-,True,False,False,False,False,False
NACC882680,13,13,-4,-4,-4,-4,-4,,-4,-4,-4,-4,-4,-4,-4,996,996,-4,-4,-4,-4,-4,1,1,1,1,2,0,False,True,False,False,1,1,1,0,False,74,18,1,1,1,0,4,-4,-4,2002,-4,-4,-4,True,Unknown,False,True,True,True,True,True
NACC882990,96,96,-4,-4,-4,-4,-4,,-4,-4,-4,-4,-4,-4,-4,996,996,-4,-4,-4,-4,-4,0,0,1,1,2,0,False,True,False,True,1,1,1,0,False,70,3,1,1,1,1,4,-4,-4,8888,-4,-4,-4,False,Unknown,False,False,False,True,True,True
NACC883197,7,3,-4,-4,-4,-4,-4,,-4,-4,-4,-4,-4,-4,-4,300,48,-4,-4,-4,-4,-4,0,0,1,1,2,0,False,False,False,False,1,1,1,0,False,77,15,1,1,1,0,4,-4,-4,8888,-4,-4,-4,False,Unknown,False,False,False,True,True,True
NACC883831,18,12,-4,-4,-4,-4,-4,,-4,-4,-4,-4,-4,-4,-4,64,42,-4,-4,-4,-4,-4,1,1,8,1,1,0,True,True,True,True,0,7,0,0,False,69,20,1,1,1,0,3,-4,-4,2008,-4,-4,-4,True,Unknown,False,True,True,False,True,True
NACC884565,97,97,-4,-4,-4,-4,-4,,-4,-4,-4,-4,-4,-4,-4,997,997,-4,-4,-4,-4,-4,0,0,1,1,2,0,False,False,False,False,1,1,0,1,False,82,18,1,1,1,0,4,-4,-4,8888,-4,-4,-4,False,Unknown,False,False,False,True,True,True
NACC884744,10,7,6,12,25,-4,-4,,-4,-4,-4,7,7,13,10,300,23,11,3,1,20,20,0,-4,8,1,1,0,True,False,True,True,1,2,-4,-4,False,81,20,2,1,-4,0,4,10,888,-4,-4,-4,1,True,Unknown,True,False,False,False,False,False
NACC885181,97,97,-4,-4,-4,-4,-4,,-4,-4,-4,-4,-4,-4,-4,997,997,-4,-4,-4,-4,-4,0,0,1,1,2,0,True,False,True,True,1,1,1,0,False,54,16,2,1,99,9,4,-4,-4,8888,-4,-4,-4,False,Unknown,False,False,False,True,True,True
NACC885437,13,9,-4,-4,-4,-4,-4,,-4,-4,-4,-4,-4,-4,-4,300,50,-4,-4,-4,-4,-4,1,1,0,1,1,0,True,True,True,True,0,7,0,0,False,71,12,1,1,1,0,4,-4,-4,1998,-4,-4,-4,True,Unknown,False,True,True,False,True,True
NACC885608,17,9,-4,-4,-4,-4,-4,,-4,-4,-4,-4,-4,-4,-4,135,50,-4,-4,-4,-4,-4,0,0,8,1,1,0,True,True,True,True,0,7,0,0,False,67,20,1,1,1,0,3,-4,-4,8888,-4,-4,-4,True,Unknown,False,False,False,False,False,False
NACC885745,10,12,-4,-4,-4,-4,-4,,-4,-4,-4,-4,-4,-4,-4,300,56,-4,-4,-4,-4,-4,0,0,1,1,2,0,False,False,False,False,1,1,0,1,False,79,17,2,2,1,1,4,-4,-4,8888,-4,-4,-4,False,Unknown,False,False,False,True,True,True
NACC885822,0,0,-4,-4,-4,-4,-4,,-4,-4,-4,-4,-4,-4,-4,300,150,-4,-4,-4,-4,-4,0,0,1,1,2,0,False,True,False,True,1,1,1,0,False,70,18,2,1,1,0,4,-4,-4,8888,-4,-4,-4,False,Unknown,False,False,False,True,True,True
NACC885838,97,97,-4,-4,-4,-4,-4,,-4,-4,-4,-4,-4,-4,-4,997,997,-4,-4,-4,-4,-4,0,0,1,1,1,0,False,True,False,False,0,7,0,0,False,76,12,2,1,1,0,4,-4,-4,8888,-4,-4,-4,False,Unknown,False,False,False,True,True,True
NACC886177,9,3,-4,-4,-4,-4,-4,,-4,-4,-4,-4,-4,-4,-4,996,150,-4,-4,-4,-4,-4,0,0,1,1,1,0,False,False,False,False,0,7,0,0,False,85,20,1,1,1,0,4,-4,-4,8888,-4,-4,-4,False,Unknown,False,False,False,True,True,True
NACC886325,18,12,13,14,32,8,8,,-4,-4,8,17,14,16,12,175,46,17,9,1,24,24,1,1,8,1,1,1,True,True,True,True,0,7,-4,-4,False,74,16,1,1,1,0,3,-4,-4,2018,70,0,1,True,Unknown,True,True,True,False,True,True
NACC886992,8,6,-4,-4,-4,-4,-4,,-4,-4,-4,-4,-4,-4,-4,300,84,-4,-4,-4,-4,-4,0,0,1,1,2,0,False,False,False,False,1,1,0,1,False,90,18,2,1,1,0,4,-4,-4,8888,-4,-4,-4,False,Unknown,False,False,False,True,True,True
NACC887225,18,12,-4,-4,-4,-4,-4,,-4,-4,-4,-4,-4,-4,-4,300,62,-4,-4,-4,-4,-4,1,1,1,1,1,0,False,True,False,True,0,7,0,0,False,76,12,1,1,1,0,4,-4,-4,2001,-4,-4,-4,False,Unknown,False,True,True,True,True,True
NACC887317,21,10,19,17,32,8,8,,-4,-4,8,20,16,15,12,95,57,14,10,1,24,24,1,1,8,1,1,0,True,True,True,True,0,7,-4,-4,False,64,16,1,1,1,0,3,-4,-4,2015,60,1,1,True,Unknown,True,True,True,False,True,True
NACC887406,10,15,-4,-4,-4,-4,-4,,-4,-4,-4,-4,-4,-4,-4,143,49,-4,-4,-4,-4,-4,0,0,8,1,1,0,True,False,True,True,0,7,0,0,False,69,18,2,1,1,0,3,-4,-4,8888,-4,-4,-4,False,Unknown,False,False,False,False,False,False
NACC887461,10,7,-4,-4,-4,-4,-4,,-4,-4,-4,-4,-4,-4,-4,996,150,-4,-4,-4,-4,-4,0,0,1,1,1,0,False,True,False,False,0,7,0,0,False,75,12,2,1,1,0,4,-4,-4,8888,-4,-4,-4,True,Unknown,False,False,False,True,True,True
NACC887539,13,12,-4,-4,-4,-4,-4,,-4,-4,-4,-4,-4,-4,-4,95,42,-4,-4,-4,-4,-4,1,1,8,1,2,0,True,True,True,True,0,7,0,0,False,64,12,1,1,1,0,2,-4,-4,2003,-4,-4,-4,True,Unknown,False,True,True,False,True,True
NACC887558,22,10,17,12,30,8,0,,-4,-4,8,8,8,5,6,996,47,10,8,1,19,19,0,0,1,1,1,1,True,False,True,True,0,7,-4,-4,False,69,13,1,1,1,0,4,-4,-4,8888,67,0,0,False,A-,True,False,False,True,True,True
NACC887606,10,5,-4,-4,-4,-4,-4,,-4,-4,-4,-4,-4,-4,-4,300,69,-4,-4,-4,-4,-4,0,0,1,1,1,0,False,True,False,False,0,7,0,0,False,65,14,1,1,1,0,4,-4,-4,8888,-4,-4,-4,True,Unknown,False,False,False,True,True,True
NACC887748,-4,-4,-4,-4,-4,-4,-4,,-4,-4,-4,-4,-4,-4,-4,-4,-4,-4,-4,-4,-4,-4,0,0,1,1,2,0,False,False,False,False,1,1,0,1,False,91,19,1,1,1,0,4,-4,-4,8888,-4,-4,-4,False,Unknown,False,False,False,True,True,True
NACC887993,16,12,-4,-4,-4,-4,-4,,-4,-4,-4,-4,-4,-4,-4,117,35,-4,-4,-4,-4,-4,1,1,8,8,8,0,True,True,True,True,8,8,8,8,False,82,12,2,1,1,0,1,-4,-4,2012,-4,-4,-4,False,Unknown,False,True,True,False,True,True
NACC888763,4,0,-4,-4,-4,-4,-4,,-4,-4,-4,-4,-4,-4,-4,996,115,-4,-4,-4,-4,-4,1,1,0,1,2,0,True,True,True,True,1,1,1,0,False,82,16,1,1,1,0,4,-4,-4,2012,-4,-4,-4,False,Unknown,False,True,True,False,True,True
NACC888806,18,9,-4,-4,-4,-4,-4,,-4,-4,-4,-4,-4,-4,-4,997,83,-4,-4,-4,-4,-4,0,0,1,1,1,0,True,True,True,True,0,7,0,0,False,69,18,1,1,1,0,4,-4,-4,8888,-4,-4,-4,True,Unknown,False,False,False,True,True,True
NACC889008,12,7,-4,-4,-4,-4,-4,,-4,-4,-4,-4,-4,-4,-4,300,105,-4,-4,-4,-4,-4,1,1,8,1,3,0,True,True,True,True,1,1,1,0,False,102,14,1,1,1,0,3,-4,-4,2011,-4,-4,-4,False,Unknown,False,True,True,False,True,True
NACC889028,3,0,-4,-4,-4,-4,-4,,-4,-4,-4,-4,-4,-4,-4,300,144,-4,-4,-4,-4,-4,0,0,1,1,2,0,True,True,True,True,1,1,0,1,False,79,18,1,1,1,0,4,-4,-4,8888,-4,-4,-4,False,Unknown,False,False,False,True,True,True
NACC889217,15,10,5,5,27,8,8,,-4,-4,8,9,8,8,6,176,94,14,6,0,18,18,9,1,8,1,2,0,True,False,True,True,0,7,-4,-4,False,76,14,2,1,1,0,3,-4,-4,8888,66,1,1,True,Unknown,True,False,True,False,False,True
NACC889867,14,11,-4,-4,-4,-4,-4,,-4,-4,-4,-4,-4,-4,-4,260,62,-4,-4,-4,-4,-4,1,1,8,1,1,0,True,True,True,True,0,7,0,0,False,82,16,1,1,1,0,3,-4,-4,1994,-4,-4,-4,True,Unknown,False,True,True,False,True,True
NACC890323,20,9,-4,-4,-4,-4,-4,,-4,-4,-4,-4,-4,-4,-4,997,85,-4,-4,-4,-4,-4,0,0,1,1,2,0,True,False,True,True,1,1,1,0,False,82,14,2,1,1,0,4,-4,-4,8888,-4,-4,-4,False,Unknown,False,False,False,True,True,True
NACC890325,15,19,-4,-4,-4,-4,-4,,-4,-4,-4,-4,-4,-4,-4,95,23,-4,-4,-4,-4,-4,0,0,1,1,2,0,True,False,True,True,1,1,0,1,False,60,14,1,1,1,0,4,-4,-4,8888,-4,-4,-4,False,Unknown,False,False,False,True,True,True
NACC890358,15,5,9,10,27,8,8,,-4,-4,8,16,11,4,7,300,100,11,0,1,14,14,1,0,1,1,1,0,True,True,True,True,0,7,-4,-4,False,78,14,1,1,2,0,4,-4,-4,2021,74,0,1,True,Unknown,True,True,False,True,True,True
NACC890943,17,13,11,7,30,8,8,,-4,-4,8,26,15,25,15,95,38,14,7,0,27,27,-4,1,8,8,8,0,True,False,True,True,8,8,-4,-4,False,74,16,1,1,1,0,1,-4,-4,-4,70,0,1,False,Unknown,True,False,True,False,False,True
NACC891136,8,2,-4,-4,-4,-4,-4,,-4,-4,-4,-4,-4,-4,-4,300,150,-4,-4,-4,-4,-4,0,0,1,1,1,0,False,False,False,False,0,7,0,0,False,79,8,2,1,50,1,4,-4,-4,8888,-4,-4,-4,False,Unknown,False,False,False,True,True,True
NACC891357,0,4,97,97,97,8,8,,-4,-4,8,97,97,97,97,997,997,11,0,0,88,88,0,0,0,1,2,0,True,False,True,True,1,1,-4,-4,False,66,5,1,8,5,0,4,-4,-4,8888,888,0,1,False,Unknown,False,False,False,False,False,False
NACC891433,17,8,15,17,31,-4,-4,,-4,-4,-4,17,17,12,12,56,38,14,12,1,20,20,0,-4,0,1,1,0,True,True,True,True,1,2,-4,-4,False,81,20,1,1,-4,0,3,16,888,-4,-4,-4,1,False,Unknown,True,False,False,False,False,False
NACC891711,96,96,96,96,96,8,8,,-4,-4,8,96,96,96,96,996,996,96,96,96,88,88,0,0,1,1,2,0,True,False,True,True,1,1,-4,-4,False,93,20,2,2,1,1,4,-4,-4,8888,888,1,1,False,Unknown,False,False,False,True,True,True
NACC891727,-4,-4,-4,-4,-4,-4,-4,,-4,-4,-4,-4,-4,-4,-4,-4,-4,-4,-4,-4,-4,-4,0,0,1,1,1,0,False,True,False,True,0,7,0,0,False,78,14,1,1,1,0,4,-4,-4,8888,-4,-4,-4,False,Unknown,False,False,False,True,True,True
NACC892777,30,15,-4,-4,-4,-4,-4,,-4,-4,-4,-4,-4,-4,-4,58,29,-4,-4,-4,-4,-4,1,1,8,8,8,0,True,True,True,True,8,8,8,8,False,62,16,1,1,1,0,1,-4,-4,2009,-4,-4,-4,True,Unknown,False,True,True,False,True,True
NACC892818,-4,-4,-4,-4,-4,8,8,,-4,-4,8,-4,-4,-4,-4,-4,-4,-4,-4,-4,-4,-4,-4,0,8,1,1,0,True,False,True,True,0,7,-4,-4,False,87,18,2,1,1,0,3,-4,-4,-4,85,-4,-4,False,Unknown,False,False,False,False,False,False
NACC893508,14,15,23,18,29,8,8,,-4,-4,8,31,19,30,21,84,31,17,9,1,29,29,1,1,8,8,8,0,True,True,True,True,8,8,-4,-4,False,55,18,1,1,1,0,1,-4,-4,2015,52,0,1,False,Unknown,True,True,True,False,True,True
NACC893860,17,6,9,12,31,8,8,,-4,-4,8,9,6,7,4,300,70,15,2,0,14,14,0,0,1,1,2,0,False,False,False,False,1,1,-4,-4,False,73,18,2,1,1,0,4,-4,-4,8888,888,0,0,False,Unknown,True,False,False,True,True,True
NACC894699,12,4,-4,-4,-4,-4,-4,,-4,-4,-4,-4,-4,-4,-4,175,41,-4,-4,-4,-4,-4,0,0,1,1,1,0,False,False,False,False,0,7,0,0,False,69,16,1,2,1,1,4,-4,-4,8888,-4,-4,-4,False,Unknown,False,False,False,True,True,True
NACC894704,96,96,-4,-4,-4,-4,-4,,-4,-4,-4,-4,-4,-4,-4,996,996,-4,-4,-4,-4,-4,0,0,1,1,2,0,True,False,True,True,1,1,1,0,False,71,13,1,1,1,0,4,-4,-4,8888,-4,-4,-4,False,Unknown,False,False,False,True,True,True
NACC894901,13,11,8,7,32,8,8,,-4,-4,8,23,17,18,13,187,80,13,7,1,21,21,0,0,8,1,1,1,True,False,True,True,0,7,-4,-4,True,82,14,1,1,1,0,3,-4,-4,8888,82,0,1,False,Unknown,True,False,False,False,False,False
NACC894999,-4,-4,-4,-4,-4,1,8,,-4,-4,8,-4,-4,-4,-4,-4,-4,-4,-4,-4,-4,-4,-4,0,1,1,2,0,True,False,True,True,1,1,-4,-4,False,66,16,2,8,99,0,4,-4,-4,-4,65,-4,-4,True,A+,False,False,False,True,True,True
NACC895559,18,9,19,15,27,8,8,,-4,-4,8,29,18,24,18,75,34,15,13,0,27,27,0,0,8,1,2,0,True,False,True,True,1,1,-4,-4,False,75,20,1,1,1,0,3,-4,-4,8888,888,0,1,False,Unknown,True,False,False,False,False,False
NACC896098,97,97,-4,-4,-4,-4,-4,,-4,-4,-4,-4,-4,-4,-4,997,997,-4,-4,-4,-4,-4,1,1,8,8,8,0,True,True,True,True,8,8,8,8,False,86,16,1,1,1,0,1,-4,-4,2003,-4,-4,-4,False,Unknown,False,True,True,False,True,True
NACC896987,8,10,-4,-4,-4,-4,-4,,-4,-4,-4,-4,-4,-4,-4,164,77,-4,-4,-4,-4,-4,1,1,8,1,1,0,True,True,True,True,0,7,0,0,False,79,14,1,1,2,0,3,-4,-4,2013,-4,-4,-4,False,Unknown,False,True,True,False,True,True
NACC897069,13,15,12,12,-4,0,8,,-4,-4,8,10,10,7,8,-4,-4,-4,-4,-4,-4,-4,-4,0,1,1,1,0,True,False,True,True,0,7,-4,-4,False,66,12,1,1,1,0,4,-4,-4,-4,64,-4,-4,False,A-,False,False,False,True,True,True
NACC897552,7,6,-4,-4,-4,-4,-4,,-4,-4,-4,-4,-4,-4,-4,996,996,-4,-4,-4,-4,-4,0,0,1,1,1,0,False,False,False,False,0,7,0,0,False,80,14,1,1,1,0,4,-4,-4,8888,-4,-4,-4,False,Unknown,False,False,False,True,True,True
NACC898203,6,8,-4,-4,-4,-4,-4,,-4,-4,-4,-4,-4,-4,-4,996,150,-4,-4,-4,-4,-4,0,0,1,1,1,0,False,True,False,True,1,2,0,1,False,75,17,1,1,1,0,4,-4,-4,8888,-4,-4,-4,True,Unknown,False,False,False,True,True,True
NACC898445,13,10,-4,-4,-4,-4,-4,,-4,-4,-4,-4,-4,-4,-4,298,150,-4,-4,-4,-4,-4,0,0,1,1,1,0,False,False,False,False,0,7,0,0,False,73,13,2,1,1,0,4,-4,-4,8888,-4,-4,-4,False,Unknown,False,False,False,True,True,True
NACC898643,13,7,4,6,-4,8,8,,-4,-4,8,19,13,17,10,-4,-4,-4,-4,-4,-4,-4,1,1,0,1,1,0,True,True,True,True,1,2,-4,-4,False,82,16,1,1,1,0,4,-4,-4,9999,65,1,1,True,Unknown,False,True,True,False,True,True
NACC898706,9,10,-4,-4,-4,-4,-4,,-4,-4,-4,-4,-4,-4,-4,300,47,-4,-4,-4,-4,-4,0,0,1,1,1,0,False,True,False,True,0,7,0,0,False,73,12,1,1,1,9,4,-4,-4,8888,-4,-4,-4,False,Unknown,False,False,False,True,True,True
NACC899090,6,4,-4,-4,-4,-4,-4,,-4,-4,-4,-4,-4,-4,-4,300,150,-4,-4,-4,-4,-4,0,0,1,1,2,0,False,False,False,False,1,1,0,1,False,71,15,2,1,1,0,4,-4,-4,8888,-4,-4,-4,False,Unknown,False,False,False,True,True,True
NACC899114,20,10,14,14,32,8,8,,-4,-4,8,17,13,11,9,998,83,15,7,0,26,26,1,1,8,1,1,0,True,True,True,True,0,7,-4,-4,False,70,13,1,1,1,0,3,-4,-4,2020,888,1,1,False,Unknown,True,True,True,False,True,True
NACC899146,97,97,-4,-4,-4,-4,-4,,-4,-4,-4,-4,-4,-4,-4,997,997,-4,-4,-4,-4,-4,9,1,0,1,3,0,True,False,True,True,1,1,1,0,False,84,12,2,1,1,0,4,-4,-4,8888,-4,-4,-4,False,Unknown,False,False,True,False,False,True
NACC899388,16,8,8,6,31,8,8,,-4,-4,8,23,19,23,18,81,44,14,97,97,20,20,0,0,8,1,1,1,True,False,True,True,0,7,-4,-4,False,62,14,1,1,1,0,3,-4,-4,8888,60,0,1,False,Unknown,True,False,False,False,False,False
NACC899686,-4,-4,-4,-4,-4,-4,-4,,-4,-4,-4,-4,-4,-4,-4,-4,-4,-4,-4,-4,-4,-4,0,0,1,1,1,0,True,True,True,True,0,7,0,0,False,79,16,1,1,1,0,4,-4,-4,8888,-4,-4,-4,False,Unknown,False,False,False,True,True,True
NACC899726,12,7,5,6,96,8,8,,-4,-4,8,24,16,23,15,261,80,12,8,1,15,15,0,0,0,1,1,0,True,True,True,True,0,7,-4,-4,False,64,16,1,1,5,0,4,-4,-4,8888,60,1,1,True,Unknown,False,False,False,False,False,False
NACC899793,2,3,-4,-4,-4,-4,-4,,-4,-4,-4,-4,-4,-4,-4,995,995,-4,-4,-4,-4,-4,0,0,1,1,2,0,True,False,True,True,1,1,0,1,False,75,15,1,1,1,0,4,-4,-4,8888,-4,-4,-4,False,Unknown,False,False,False,True,True,True
NACC899934,21,12,-4,-4,-4,-4,-4,,-4,-4,-4,-4,-4,-4,-4,85,46,-4,-4,-4,-4,-4,1,1,8,1,1,0,True,True,True,True,0,7,0,0,False,85,16,2,8,1,0,3,-4,-4,2008,-4,-4,-4,True,Unknown,False,True,True,False,True,True
NACC901219,4,3,2,3,23,8,8,,-4,-4,8,24,15,16,15,996,996,0,3,0,17,17,0,0,1,1,2,0,True,True,True,True,1,1,-4,-4,False,71,18,2,1,1,0,4,-4,-4,8888,70,1,1,True,Unknown,True,False,False,True,True,True
NACC901364,5,3,-4,-4,-4,-4,-4,,-4,-4,-4,-4,-4,-4,-4,996,143,-4,-4,-4,-4,-4,0,0,1,1,2,0,True,True,True,True,1,1,0,1,False,84,18,2,1,1,0,4,-4,-4,8888,-4,-4,-4,False,Unknown,False,False,False,True,True,True
NACC901640,21,12,-4,-4,-4,-4,-4,,-4,-4,-4,-4,-4,-4,-4,996,22,-4,-4,-4,-4,-4,1,1,8,1,1,0,True,True,True,True,0,7,0,0,False,69,18,1,1,1,0,3,-4,-4,2003,-4,-4,-4,True,Unknown,False,True,True,False,True,True
NACC901815,15,12,20,16,30,8,8,,-4,-4,8,25,19,25,18,60,20,17,12,1,28,28,-4,0,8,1,1,1,True,False,True,True,0,7,-4,-4,False,79,18,2,1,1,0,2,-4,-4,-4,77,0,1,False,Unknown,True,False,False,False,False,False
NACC902110,16,9,8,9,32,8,8,,-4,-4,8,22,16,16,16,170,31,14,13,1,26,26,-4,1,0,1,2,0,True,False,True,True,0,7,-4,-4,False,68,25,1,1,1,0,4,-4,-4,-4,66,0,1,False,Unknown,True,False,True,False,False,True
NACC902691,21,13,16,12,32,8,8,,-4,-4,8,22,16,16,13,300,85,16,10,0,26,26,0,0,8,1,1,1,True,True,True,True,0,7,-4,-4,True,76,18,1,1,1,0,3,-4,-4,8888,55,1,1,False,Unknown,True,False,False,False,False,False
NACC902962,13,12,-4,-4,-4,-4,-4,,-4,-4,-4,-4,-4,-4,-4,300,142,-4,-4,-4,-4,-4,1,1,8,1,1,0,True,True,True,True,0,7,0,0,False,80,12,1,1,2,0,3,-4,-4,2005,-4,-4,-4,False,Unknown,False,True,True,False,True,True
NACC903392,14,3,6,7,27,8,8,,-4,-4,8,14,12,14,11,996,150,14,3,1,18,18,0,0,1,1,1,0,True,True,True,True,0,7,-4,-4,False,68,18,1,1,1,0,4,-4,-4,8888,63,1,1,False,Unknown,True,False,False,True,True,True
NACC903614,96,96,-4,-4,-4,-4,-4,,-4,-4,-4,-4,-4,-4,-4,996,996,-4,-4,-4,-4,-4,1,1,0,1,1,0,True,True,True,True,0,7,0,0,False,71,13,2,1,1,0,4,-4,-4,1999,-4,-4,-4,True,Unknown,False,True,True,False,True,True
NACC903781,0,0,-4,-4,-4,-4,-4,,-4,-4,-4,-4,-4,-4,-4,997,997,-4,-4,-4,-4,-4,0,0,1,1,1,0,True,True,True,True,0,7,0,0,False,77,12,1,1,1,0,4,-4,-4,8888,-4,-4,-4,True,Unknown,False,False,False,True,True,True
NACC904147,23,11,-4,-4,-4,-4,-4,,-4,-4,-4,-4,-4,-4,-4,300,59,-4,-4,-4,-4,-4,1,1,8,1,1,0,True,True,True,True,0,7,0,0,False,77,15,2,1,1,0,3,-4,-4,2007,-4,-4,-4,True,Unknown,False,True,True,False,True,True
NACC904427,19,13,11,97,32,8,8,,-4,-4,8,12,13,14,13,110,44,97,97,97,25,25,0,1,8,1,1,0,True,False,True,True,0,7,-4,-4,False,78,15,1,2,1,1,3,-4,-4,8888,888,0,1,False,Unknown,False,False,True,False,False,True
NACC904642,1,0,1,5,16,1,8,,-4,-4,8,3,2,0,0,996,996,3,0,0,3,3,-4,0,1,1,2,1,True,False,True,True,1,1,-4,-4,False,74,20,2,1,1,0,4,-4,-4,-4,70,1,1,False,A+,True,False,False,True,True,True
NACC904954,2,0,-4,-4,-4,-4,-4,,-4,-4,-4,-4,-4,-4,-4,996,996,-4,-4,-4,-4,-4,0,0,1,1,2,0,False,True,False,True,1,1,1,0,False,64,14,1,1,1,0,4,-4,-4,8888,-4,-4,-4,False,Unknown,False,False,False,True,True,True
NACC905115,-4,-4,-4,-4,-4,-4,-4,,-4,-4,-4,-4,-4,-4,-4,-4,-4,-4,-4,-4,-4,-4,0,0,1,1,2,0,False,False,False,False,1,1,0,1,False,88,12,2,2,50,1,4,-4,-4,8888,-4,-4,-4,False,Unknown,False,False,False,True,True,True
NACC905148,18,10,-4,-4,-4,-4,-4,,-4,-4,-4,-4,-4,-4,-4,151,50,-4,-4,-4,-4,-4,9,0,8,1,1,0,True,True,True,True,0,7,0,0,False,78,13,1,1,1,0,3,-4,-4,8888,-4,-4,-4,True,Unknown,False,False,False,False,False,False
NACC905243,4,96,3,2,29,8,8,,-4,-4,8,11,8,6,6,996,996,96,96,96,88,88,1,0,1,1,1,1,True,True,True,True,0,7,-4,-4,False,74,18,1,1,1,0,4,-4,-4,2011,65,1,1,True,Unknown,False,True,False,True,True,True
NACC905389,19,10,-4,-4,-4,-4,-4,,-4,-4,-4,-4,-4,-4,-4,84,32,-4,-4,-4,-4,-4,1,1,8,1,1,0,True,True,True,True,0,7,0,0,False,78,16,1,1,1,0,3,-4,-4,2004,-4,-4,-4,True,Unknown,False,True,True,False,True,True
NACC905433,15,6,-4,-4,-4,-4,-4,,-4,-4,-4,-4,-4,-4,-4,84,72,-4,-4,-4,-4,-4,0,0,1,1,1,0,False,True,False,True,0,7,0,0,False,79,16,1,1,1,0,4,-4,-4,8888,-4,-4,-4,False,Unknown,False,False,False,True,True,True
NACC905497,19,14,-4,-4,-4,-4,-4,,-4,-4,-4,-4,-4,-4,-4,178,132,-4,-4,-4,-4,-4,1,1,8,1,2,0,True,True,True,True,0,7,0,0,False,77,16,1,1,1,0,2,-4,-4,2009,-4,-4,-4,False,Unknown,False,True,True,False,True,True
NACC905542,8,3,-4,-4,-4,-4,-4,,-4,-4,-4,-4,-4,-4,-4,996,150,-4,-4,-4,-4,-4,1,1,0,1,3,0,True,True,True,True,1,1,1,0,False,92,9,1,1,2,0,4,-4,-4,2008,-4,-4,-4,False,Unknown,False,True,True,False,True,True
NACC906453,8,4,8,6,26,-4,-4,,1,-4,-4,6,5,2,4,996,38,16,6,0,15,15,0,-4,0,1,2,1,True,False,True,True,1,1,-4,-4,False,74,20,1,1,-4,0,3,0,888,-4,-4,-4,1,False,Unknown,True,False,False,False,False,False
NACC906644,20,14,17,17,32,0,-4,,0,0,-4,29,21,26,21,35,16,16,15,1,30,30,0,-4,8,8,8,0,True,False,False,True,8,8,-4,-4,False,76,16,1,1,-4,0,1,5,888,-4,-4,-4,1,False,A-,True,False,False,False,False,False
NACC906696,18,12,-4,-4,-4,-4,-4,,-4,-4,-4,-4,-4,-4,-4,166,46,-4,-4,-4,-4,-4,1,1,8,1,1,0,True,True,True,True,0,7,0,0,False,87,16,2,1,1,0,2,-4,-4,2006,-4,-4,-4,True,Unknown,False,True,True,False,True,True
NACC906871,97,97,97,97,97,8,8,,-4,-4,8,97,97,97,97,997,997,97,97,97,23,23,-4,1,1,1,1,0,True,False,True,True,0,7,-4,-4,False,80,20,1,1,1,0,4,-4,-4,-4,79,1,1,False,Unknown,False,False,True,True,True,True
NACC907394,13,4,-4,-4,-4,-4,-4,,-4,-4,-4,-4,-4,-4,-4,996,72,-4,-4,-4,-4,-4,1,1,1,1,1,0,True,True,True,True,1,2,0,1,False,72,18,2,1,1,0,4,-4,-4,2012,-4,-4,-4,False,Unknown,False,True,True,True,True,True
NACC907593,97,97,-4,-4,-4,-4,-4,,-4,-4,-4,-4,-4,-4,-4,997,997,-4,-4,-4,-4,-4,1,1,0,1,1,0,True,True,True,True,0,7,0,0,False,75,0,1,2,1,1,4,-4,-4,1985,-4,-4,-4,True,Unknown,False,True,True,False,True,True
NACC907800,6,5,12,10,30,8,8,,-4,-4,8,23,15,16,11,243,60,16,6,1,21,22,-4,1,8,0,7,0,True,False,True,True,0,7,-4,-4,False,89,12,1,1,2,0,3,-4,-4,-4,88,1,1,False,Unknown,True,False,True,False,False,True
NACC908086,13,14,10,16,31,1,8,,-4,-4,8,14,11,9,8,185,44,15,4,1,25,25,0,0,1,1,1,1,True,False,True,True,0,7,-4,-4,True,68,18,1,1,1,0,4,-4,-4,8888,67,1,1,True,A+,True,False,False,True,True,True
NACC908664,10,6,-4,-4,-4,8,8,,-4,-4,8,-4,-4,-4,-4,300,44,-4,-4,-4,-4,-4,0,1,8,1,2,0,True,False,True,True,0,7,-4,-4,False,77,20,1,2,1,1,3,-4,-4,8888,888,1,1,False,Unknown,False,False,True,False,False,True
NACC908790,13,6,6,8,29,8,8,,-4,-4,8,20,11,18,13,270,49,11,12,1,17,18,-4,1,0,1,1,0,True,False,True,True,1,2,-4,-4,False,89,12,1,1,1,0,4,-4,-4,-4,86,1,1,True,Unknown,True,False,True,False,False,True
NACC908969,30,15,10,11,30,8,8,,-4,-4,8,33,21,30,20,79,31,14,10,1,22,22,1,1,8,8,8,1,True,True,True,True,8,8,-4,-4,False,71,15,1,1,1,0,1,-4,-4,2016,69,1,1,True,Unknown,True,True,True,False,True,True
NACC909247,10,4,-4,-4,-4,-4,-4,,-4,-4,-4,-4,-4,-4,-4,300,139,-4,-4,-4,-4,-4,1,1,0,1,1,0,True,True,True,True,1,2,1,0,False,74,18,1,1,1,0,4,-4,-4,2000,-4,-4,-4,True,Unknown,False,True,True,False,True,True
NACC910114,23,15,-4,-4,-4,-4,-4,,-4,-4,-4,-4,-4,-4,-4,103,47,-4,-4,-4,-4,-4,1,1,8,8,8,0,True,True,True,True,8,8,8,8,False,79,19,1,1,1,0,1,-4,-4,2005,-4,-4,-4,True,Unknown,False,True,True,False,True,True
NACC910182,11,4,-4,-4,-4,-4,-4,,-4,-4,-4,-4,-4,-4,-4,300,87,-4,-4,-4,-4,-4,0,0,1,1,1,0,True,False,True,True,1,2,0,1,False,66,18,1,9,5,0,4,-4,-4,8888,-4,-4,-4,False,Unknown,False,False,False,True,True,True
NACC910264,23,10,-4,-4,-4,-4,-4,,-4,-4,-4,-4,-4,-4,-4,136,36,-4,-4,-4,-4,-4,1,1,8,1,1,0,True,True,True,True,0,7,0,0,False,69,14,1,1,1,0,3,-4,-4,2011,-4,-4,-4,True,Unknown,False,True,True,False,True,True
NACC910740,98,98,98,98,98,8,8,,-4,-4,8,98,98,98,98,998,998,98,98,98,4,5,0,0,1,1,2,0,True,False,True,True,1,1,-4,-4,False,91,11,2,1,2,0,4,-4,-4,8888,89,1,1,False,Unknown,False,False,False,True,True,True
NACC911028,21,13,10,10,31,8,8,,-4,-4,8,12,10,97,97,219,58,17,97,97,22,22,1,1,1,1,1,1,True,True,True,True,0,7,-4,-4,False,76,20,1,1,1,0,4,-4,-4,2007,56,1,1,True,Unknown,True,True,True,True,True,True
NACC911296,2,3,5,4,16,8,8,,-4,-4,8,6,4,6,3,996,150,5,2,1,4,4,0,0,1,1,1,1,True,False,True,True,0,7,-4,-4,True,66,16,2,1,2,0,4,-4,-4,8888,65,1,1,True,Unknown,True,False,False,True,True,True
NACC911961,25,20,17,16,31,8,8,,-4,-4,8,26,18,21,16,65,30,15,11,1,23,23,0,0,1,1,1,0,True,False,True,True,0,7,-4,-4,False,73,14,1,1,1,0,4,-4,-4,8888,71,0,1,True,Unknown,True,False,False,True,True,True
NACC912296,97,97,-4,-4,-4,-4,-4,,-4,-4,-4,-4,-4,-4,-4,997,997,-4,-4,-4,-4,-4,9,0,1,1,1,0,True,True,True,True,0,7,0,0,False,80,12,1,1,1,0,4,-4,-4,8888,-4,-4,-4,True,Unknown,False,False,False,True,True,True
NACC912876,16,10,13,10,28,8,8,,-4,-4,8,15,10,17,12,300,114,14,7,1,28,28,0,0,8,1,1,1,True,False,True,True,0,7,-4,-4,True,77,18,2,1,1,0,3,-4,-4,8888,75,1,1,False,Unknown,True,False,False,False,False,False
NACC912950,97,97,-4,-4,-4,-4,-4,,-4,-4,-4,-4,-4,-4,-4,997,997,-4,-4,-4,-4,-4,0,0,1,1,2,0,False,False,False,False,1,1,1,0,False,78,5,2,2,50,1,4,-4,-4,8888,-4,-4,-4,False,Unknown,False,False,False,True,True,True
NACC913618,97,97,97,97,-4,8,8,,-4,-4,8,97,97,97,97,-4,-4,-4,-4,-4,-4,-4,-4,0,0,1,1,0,True,False,True,True,0,7,-4,-4,False,88,13,2,1,1,0,4,-4,-4,-4,85,-4,-4,True,Unknown,False,False,False,False,False,False
NACC913782,35,17,20,23,32,8,8,,-4,-4,8,31,20,29,21,59,18,17,14,1,29,29,1,1,8,8,8,0,True,True,True,True,8,8,-4,-4,False,62,18,1,1,1,0,1,-4,-4,2013,56,1,1,True,Unknown,True,True,True,False,True,True
NACC913928,16,9,-4,-4,-4,-4,-4,,-4,-4,-4,-4,-4,-4,-4,996,150,-4,-4,-4,-4,-4,9,0,1,1,1,0,False,False,False,False,0,7,0,0,False,86,13,2,1,1,0,4,-4,-4,8888,-4,-4,-4,True,Unknown,False,False,False,True,True,True
NACC914223,-4,-4,-4,-4,-4,-4,-4,,-4,-4,-4,-4,-4,-4,-4,-4,-4,-4,-4,-4,-4,-4,0,0,1,1,1,0,True,True,True,True,0,7,0,0,False,83,18,1,1,1,0,4,-4,-4,8888,-4,-4,-4,False,Unknown,False,False,False,True,True,True
NACC914339,11,11,-4,-4,-4,-4,-4,,-4,-4,-4,-4,-4,-4,-4,147,52,-4,-4,-4,-4,-4,0,0,1,1,2,0,True,False,True,True,1,1,1,0,False,71,20,1,1,1,0,4,-4,-4,8888,-4,-4,-4,False,Unknown,False,False,False,True,True,True
NACC914505,10,5,12,9,31,8,8,,-4,-4,8,1,2,2,2,300,31,13,10,1,18,18,0,0,1,1,1,1,True,False,True,True,0,7,-4,-4,False,65,18,1,1,1,0,4,-4,-4,8888,64,0,1,False,Unknown,True,False,False,True,True,True
NACC914617,6,2,-4,-4,-4,8,8,,-4,-4,8,-4,-4,-4,-4,996,144,-4,-4,-4,-4,-4,0,0,0,1,2,0,True,True,True,True,1,1,-4,-4,False,74,12,1,2,50,1,4,-4,-4,8888,73,0,0,False,Unknown,False,False,False,False,False,False
NACC914649,8,4,-4,-4,-4,-4,-4,,-4,-4,-4,-4,-4,-4,-4,996,150,-4,-4,-4,-4,-4,0,0,1,1,2,0,False,True,False,False,1,1,0,1,False,74,16,1,1,1,0,4,-4,-4,8888,-4,-4,-4,True,Unknown,False,False,False,True,True,True
NACC914730,2,3,1,2,6,8,8,,-4,-4,8,1,0,0,0,996,996,96,96,96,3,4,0,0,1,1,1,0,True,True,True,True,0,7,-4,-4,False,76,12,2,1,1,0,4,-4,-4,8888,74,1,1,False,Unknown,True,False,False,True,True,True
NACC914896,3,1,2,2,22,8,8,,-4,-4,8,11,8,9,6,996,996,3,2,0,13,13,-4,0,1,1,1,0,True,False,True,True,0,7,-4,-4,False,69,18,1,1,2,0,4,-4,-4,-4,888,1,1,False,Unknown,True,False,False,True,True,True
NACC915630,96,96,-4,-4,-4,-4,-4,,-4,-4,-4,-4,-4,-4,-4,996,996,-4,-4,-4,-4,-4,0,0,1,1,2,0,False,False,False,False,1,1,1,0,False,87,16,2,1,1,0,4,-4,-4,8888,-4,-4,-4,False,Unknown,False,False,False,True,True,True
NACC915700,19,9,-4,-4,-4,-4,-4,,-4,-4,-4,-4,-4,-4,-4,996,72,-4,-4,-4,-4,-4,0,0,1,1,1,0,True,True,True,True,0,7,0,0,False,79,18,1,1,1,0,4,-4,-4,8888,-4,-4,-4,False,Unknown,False,False,False,True,True,True
NACC915840,16,15,22,16,32,8,8,,-4,-4,8,24,15,26,16,74,38,95,95,95,25,25,-4,1,8,8,8,0,True,False,True,True,8,8,-4,-4,False,88,18,2,1,1,0,1,-4,-4,-4,87,0,1,True,Unknown,True,False,True,False,False,True
NACC916422,18,9,-4,-4,-4,-4,-4,,-4,-4,-4,-4,-4,-4,-4,218,36,-4,-4,-4,-4,-4,0,0,1,1,2,0,False,False,False,False,1,1,0,1,False,77,18,1,1,1,0,4,-4,-4,8888,-4,-4,-4,False,Unknown,False,False,False,True,True,True
NACC916507,23,15,19,12,30,8,8,,-4,-4,8,19,16,17,15,155,45,15,13,1,30,30,1,1,8,8,8,0,True,True,True,True,8,8,-4,-4,False,71,16,1,1,1,0,1,-4,-4,2008,63,0,1,True,Unknown,True,True,True,False,True,True
NACC917100,5,5,8,4,32,8,8,,-4,-4,8,21,12,17,10,997,150,9,3,1,18,18,0,0,1,1,1,0,False,True,False,False,0,7,-4,-4,False,70,16,1,1,1,0,4,-4,-4,8888,888,0,0,False,Unknown,True,False,False,True,True,True
NACC917645,10,8,-4,-4,-4,-4,-4,,-4,-4,-4,-4,-4,-4,-4,123,59,-4,-4,-4,-4,-4,1,1,8,1,1,0,True,True,True,True,0,7,0,0,False,78,20,1,1,1,0,3,-4,-4,2004,-4,-4,-4,True,Unknown,False,True,True,False,True,True
NACC917780,19,6,12,16,30,8,8,,-4,-4,8,13,9,16,13,300,53,14,14,1,20,21,1,0,1,1,1,1,True,True,True,True,0,7,-4,-4,True,70,12,1,1,1,0,4,-4,-4,9999,67,1,1,True,Unknown,True,True,False,True,True,True
NACC917795,9,6,3,8,32,8,8,,-4,-4,8,22,12,19,12,193,47,15,8,0,22,22,-4,1,0,0,7,0,True,False,True,True,1,1,-4,-4,False,83,20,1,1,1,0,4,-4,-4,-4,82,1,1,True,Unknown,True,False,True,False,False,True
NACC918093,20,9,-4,-4,-4,-4,-4,,-4,-4,-4,-4,-4,-4,-4,144,50,-4,-4,-4,-4,-4,0,0,1,1,1,0,True,True,True,True,0,7,0,0,False,67,16,1,1,1,0,4,-4,-4,8888,-4,-4,-4,True,Unknown,False,False,False,True,True,True
NACC918279,17,12,-4,-4,-4,-4,-4,,-4,-4,-4,-4,-4,-4,-4,97,48,-4,-4,-4,-4,-4,0,0,1,1,1,0,False,True,False,True,0,7,0,0,False,78,18,1,8,1,0,4,-4,-4,8888,-4,-4,-4,True,Unknown,False,False,False,True,True,True
NACC918580,19,9,17,21,29,8,8,,-4,-4,8,7,7,6,5,300,72,8,7,0,21,21,0,0,8,1,1,1,True,False,True,True,0,7,-4,-4,True,76,18,1,1,1,0,3,-4,-4,8888,74,0,1,False,Unknown,True,False,False,False,False,False
NACC919871,-4,-4,-4,-4,-4,-4,-4,,-4,-4,-4,-4,-4,-4,-4,-4,-4,-4,-4,-4,-4,-4,0,0,1,1,1,0,False,False,False,True,0,7,0,0,False,77,19,1,1,1,0,4,-4,-4,8888,-4,-4,-4,False,Unknown,False,False,False,True,True,True
NACC919985,-4,-4,-4,-4,-4,-4,-4,,-4,-4,-4,-4,-4,-4,-4,-4,-4,-4,-4,-4,-4,-4,1,1,8,1,1,0,True,True,True,True,0,7,0,0,False,57,14,1,1,1,0,3,-4,-4,2000,-4,-4,-4,True,Unknown,False,True,True,False,True,True
NACC920001,14,12,-4,-4,-4,-4,-4,,-4,-4,-4,-4,-4,-4,-4,300,150,-4,-4,-4,-4,-4,0,0,1,1,1,0,False,False,False,True,0,7,0,0,False,67,12,2,1,1,0,4,-4,-4,8888,-4,-4,-4,False,Unknown,False,False,False,True,True,True
NACC920233,2,0,10,9,5,8,8,,-4,-4,8,97,97,97,97,997,997,2,0,1,7,7,-4,0,0,1,2,0,True,False,True,True,1,1,-4,-4,False,85,18,1,1,1,0,4,-4,-4,-4,84,1,1,False,Unknown,True,False,False,False,False,False
NACC920726,17,7,-4,-4,-4,-4,-4,,-4,-4,-4,-4,-4,-4,-4,116,58,-4,-4,-4,-4,-4,0,0,1,1,1,0,True,True,True,True,1,2,1,0,False,66,16,1,1,1,0,4,-4,-4,8888,-4,-4,-4,True,Unknown,False,False,False,True,True,True
NACC921183,-4,-4,-4,-4,-4,8,8,,-4,-4,8,-4,-4,-4,-4,-4,-4,-4,-4,-4,-4,-4,-4,1,8,1,1,0,True,False,True,True,0,7,-4,-4,False,85,17,1,1,1,0,3,-4,-4,-4,81,-4,-4,True,Unknown,False,False,True,False,False,True
NACC921399,13,13,18,15,26,8,8,,-4,-4,8,21,14,16,12,56,28,16,10,1,23,23,-4,1,8,8,8,0,True,False,True,True,8,8,-4,-4,False,83,14,2,1,1,0,1,-4,-4,-4,888,1,1,False,Unknown,True,False,True,False,False,True
NACC921494,6,7,-4,-4,-4,-4,-4,,-4,-4,-4,-4,-4,-4,-4,996,150,-4,-4,-4,-4,-4,0,0,1,1,1,0,False,True,False,False,1,2,1,0,False,80,12,1,1,1,0,4,-4,-4,8888,-4,-4,-4,False,Unknown,False,False,False,True,True,True
NACC921828,13,97,11,6,97,8,0,,-4,-4,8,97,97,97,97,997,997,17,8,1,25,25,0,0,1,1,2,0,True,False,True,True,1,1,-4,-4,False,66,16,1,1,99,1,4,-4,-4,8888,64,1,1,False,A-,False,False,False,True,True,True
NACC921874,4,6,8,5,31,8,8,,-4,-4,8,8,6,7,6,996,996,13,2,0,15,15,1,1,8,1,1,1,True,True,True,True,0,7,-4,-4,False,63,18,1,1,1,0,3,-4,-4,9999,42,0,1,True,Unknown,True,True,True,False,True,True
NACC921901,11,14,18,16,32,8,8,,-4,-4,8,17,15,14,15,63,40,16,9,1,23,23,-4,1,8,8,8,0,True,False,True,True,8,8,-4,-4,False,71,18,1,1,1,0,1,-4,-4,-4,69,1,1,False,Unknown,True,False,True,False,False,True
NACC922487,-4,-4,-4,-4,-4,-4,-4,,-4,-4,-4,-4,-4,-4,-4,-4,-4,-4,-4,-4,-4,-4,0,0,1,1,2,0,True,False,True,True,1,2,0,1,False,77,20,1,1,1,0,4,-4,-4,8888,-4,-4,-4,False,Unknown,False,False,False,True,True,True
NACC922522,12,5,6,4,29,8,8,,-4,-4,8,19,13,13,11,997,150,14,97,97,20,20,0,0,8,1,1,0,True,True,True,True,0,7,-4,-4,False,70,16,1,1,1,0,3,-4,-4,8888,68,1,1,False,Unknown,True,False,False,False,False,False
NACC923136,18,17,16,18,29,8,8,,-4,-4,8,19,15,18,16,190,46,15,9,1,27,27,0,0,8,1,1,0,True,False,True,True,0,7,-4,-4,False,74,20,2,1,1,0,3,-4,-4,8888,888,0,1,False,Unknown,True,False,False,False,False,False
NACC923397,27,15,6,11,29,8,8,,-4,-4,8,11,12,12,12,117,62,17,9,1,23,23,0,1,1,1,1,0,True,False,True,True,0,7,-4,-4,False,71,19,1,1,1,0,4,-4,-4,8888,69,0,1,False,Unknown,True,False,True,True,True,True
NACC923900,21,12,-4,-4,-4,-4,-4,,-4,-4,-4,-4,-4,-4,-4,158,67,-4,-4,-4,-4,-4,1,1,8,1,1,0,True,True,True,True,0,7,0,0,False,69,16,2,1,1,0,3,-4,-4,1995,-4,-4,-4,True,Unknown,False,True,True,False,True,True
NACC924639,17,14,11,10,32,8,8,,-4,-4,8,16,13,19,14,287,86,14,8,1,22,22,-4,1,0,1,1,0,True,False,True,True,0,7,-4,-4,False,79,16,2,1,1,0,4,-4,-4,-4,76,8,1,False,Unknown,True,False,True,False,False,True
NACC924660,19,7,13,16,26,1,1,,-4,-4,8,14,12,16,11,147,42,17,1,1,25,25,0,0,1,1,1,0,True,False,True,True,1,2,-4,-4,False,64,19,1,1,1,0,4,-4,-4,8888,888,1,1,False,A+,True,False,False,True,True,True
NACC925763,12,6,9,6,32,8,1,,-4,-4,8,15,13,0,0,76,56,11,4,1,20,20,-4,0,1,1,2,0,True,False,True,True,1,1,-4,-4,False,76,14,1,1,1,0,4,-4,-4,-4,74,0,1,False,A+,True,False,False,True,True,True
NACC926235,11,8,7,10,31,8,8,,-4,-4,8,18,14,11,11,133,65,17,12,1,24,24,-4,1,8,1,1,0,True,False,True,True,0,7,-4,-4,False,88,13,1,1,1,0,3,-4,-4,-4,88,0,1,True,Unknown,True,False,True,False,False,True
NACC926608,16,4,-4,-4,-4,-4,-4,,-4,-4,-4,-4,-4,-4,-4,113,31,-4,-4,-4,-4,-4,0,0,1,1,2,0,True,True,True,True,1,1,1,0,False,76,16,1,1,1,1,4,-4,-4,8888,-4,-4,-4,False,Unknown,False,False,False,True,True,True
NACC927003,11,6,97,97,97,8,8,,-4,-4,8,19,15,8,7,996,150,9,97,97,14,14,1,1,1,1,1,0,True,True,True,True,0,7,-4,-4,True,69,16,1,1,1,0,4,-4,-4,2016,67,0,1,False,Unknown,False,True,True,True,True,True
NACC927487,7,4,7,5,31,8,8,,-4,-4,8,19,8,13,7,996,996,8,6,0,13,13,0,0,1,1,1,0,True,True,True,True,0,7,-4,-4,False,75,16,1,1,1,0,4,-4,-4,8888,73,1,1,False,Unknown,True,False,False,True,True,True
NACC927490,9,6,-4,-4,-4,-4,-4,,-4,-4,-4,-4,-4,-4,-4,998,61,-4,-4,-4,-4,-4,0,0,1,1,2,0,True,False,True,True,1,1,1,0,False,76,12,1,1,2,0,4,-4,-4,8888,-4,-4,-4,False,Unknown,False,False,False,True,True,True
NACC927934,97,97,97,97,97,8,8,,-4,-4,8,97,97,97,97,997,997,97,97,97,88,88,-4,1,1,1,2,0,True,False,True,True,1,1,-4,-4,False,80,12,2,3,5,0,4,-4,-4,-4,75,1,1,False,Unknown,False,False,True,True,True,True
NACC928063,15,9,13,15,29,8,8,,-4,-4,8,20,15,12,12,58,29,16,7,1,24,24,-4,1,8,1,1,0,True,False,True,True,0,7,-4,-4,False,86,17,2,1,1,0,2,-4,-4,-4,74,1,1,False,Unknown,True,False,True,False,False,True
NACC928298,14,7,-4,-4,-4,-4,-4,,-4,-4,-4,-4,-4,-4,-4,300,118,-4,-4,-4,-4,-4,9,0,1,1,1,0,True,True,True,True,0,7,0,0,False,67,18,1,1,1,0,4,-4,-4,8888,-4,-4,-4,True,Unknown,False,False,False,True,True,True
NACC928384,13,10,11,9,26,8,8,,-4,-4,8,13,11,21,14,196,33,15,5,1,20,20,0,0,8,1,2,0,True,False,True,True,1,1,-4,-4,False,71,20,2,1,1,0,3,-4,-4,8888,69,1,1,True,Unknown,True,False,False,False,False,False
NACC928458,9,5,19,17,30,8,8,,-4,-4,8,15,13,12,11,997,150,15,7,1,20,21,1,1,1,1,1,1,True,True,True,True,0,7,-4,-4,False,65,12,1,2,99,1,4,-4,-4,2014,57,1,1,True,Unknown,True,True,True,True,True,True
NACC929128,14,21,-4,-4,-4,-4,-4,,-4,-4,-4,-4,-4,-4,-4,132,36,-4,-4,-4,-4,-4,0,0,1,1,2,0,False,False,False,False,1,1,0,1,False,75,14,2,1,1,0,4,-4,-4,8888,-4,-4,-4,False,Unknown,False,False,False,True,True,True
NACC929474,16,9,14,14,32,8,8,,-4,-4,8,21,15,20,15,150,67,15,10,0,24,24,-4,1,8,8,8,0,True,False,True,True,8,8,-4,-4,False,73,18,1,1,1,0,1,-4,-4,-4,73,1,1,False,Unknown,True,False,True,False,False,True
NACC929577,14,4,-4,-4,-4,-4,-4,,-4,-4,-4,-4,-4,-4,-4,278,49,-4,-4,-4,-4,-4,0,0,8,1,1,0,True,True,True,True,0,7,0,0,False,67,14,1,1,1,0,3,-4,-4,8888,-4,-4,-4,False,Unknown,False,False,False,False,False,False
NACC929664,23,14,18,16,32,8,8,,-4,-4,8,22,17,21,16,52,25,17,15,1,27,27,1,1,8,8,8,1,True,True,True,True,8,8,-4,-4,False,69,20,1,1,1,0,1,-4,-4,2013,65,0,1,True,Unknown,True,True,True,False,True,True
NACC929713,15,13,-4,-4,-4,-4,-4,,-4,-4,-4,-4,-4,-4,-4,102,36,-4,-4,-4,-4,-4,0,0,8,1,1,0,True,True,True,True,1,2,0,1,False,85,12,1,1,1,0,2,-4,-4,8888,-4,-4,-4,False,Unknown,False,False,False,False,False,False
NACC929751,27,11,-4,-4,-4,-4,-4,,-4,-4,-4,-4,-4,-4,-4,114,31,-4,-4,-4,-4,-4,1,1,8,1,1,0,True,True,True,True,0,7,0,0,False,71,20,1,1,1,0,3,-4,-4,1996,-4,-4,-4,True,Unknown,False,True,True,False,True,True
NACC929764,3,3,96,96,96,8,8,,-4,-4,8,12,6,96,96,996,996,96,96,96,88,88,-4,0,1,1,2,0,True,False,True,True,1,1,-4,-4,False,87,12,2,1,2,0,4,-4,-4,-4,84,0,1,False,Unknown,False,False,False,True,True,True
NACC929934,6,4,5,4,18,8,8,,-4,-4,8,7,3,0,0,998,140,12,0,1,12,12,-4,0,0,1,2,0,True,False,True,True,1,1,-4,-4,False,81,20,2,1,2,0,4,-4,-4,-4,888,0,1,False,Unknown,True,False,False,False,False,False
NACC930053,24,15,-4,-4,-4,-4,-4,,-4,-4,-4,-4,-4,-4,-4,99,37,-4,-4,-4,-4,-4,9,1,8,1,1,0,True,False,True,True,0,7,0,0,False,80,20,1,1,1,0,2,-4,-4,8888,-4,-4,-4,False,Unknown,False,False,True,False,False,True
NACC930683,5,3,6,5,29,-4,-4,,-4,-4,-4,15,10,14,13,996,150,1,4,1,14,14,1,-4,8,1,1,1,True,True,True,True,0,8,-4,-4,False,78,14,1,1,-4,0,4,51,73,-4,-4,-4,1,True,Unknown,True,True,False,False,True,True
NACC930774,9,6,-4,-4,-4,-4,-4,,-4,-4,-4,-4,-4,-4,-4,300,58,-4,-4,-4,-4,-4,0,0,1,1,1,0,True,False,True,True,1,2,1,0,False,77,12,1,1,1,0,4,-4,-4,8888,-4,-4,-4,False,Unknown,False,False,False,True,True,True
NACC930836,97,97,97,97,97,8,8,,-4,-4,8,97,97,97,97,997,997,97,97,97,88,88,-4,1,0,1,2,0,True,False,True,True,1,2,-4,-4,False,91,18,1,1,1,0,4,-4,-4,-4,888,0,1,False,Unknown,False,False,True,False,False,True
NACC930874,6,4,-4,-4,-4,-4,-4,,-4,-4,-4,-4,-4,-4,-4,996,150,-4,-4,-4,-4,-4,0,0,1,1,2,0,True,True,True,True,1,1,1,0,False,83,20,1,1,1,0,4,-4,-4,8888,-4,-4,-4,True,Unknown,False,False,False,True,True,True
NACC931002,20,7,-4,-4,-4,-4,-4,,-4,-4,-4,-4,-4,-4,-4,138,43,-4,-4,-4,-4,-4,0,0,8,1,1,0,True,False,True,True,0,7,0,0,False,80,16,1,1,1,0,3,-4,-4,8888,-4,-4,-4,True,Unknown,False,False,False,False,False,False
NACC931048,96,96,-4,-4,-4,-4,-4,,-4,-4,-4,-4,-4,-4,-4,996,996,-4,-4,-4,-4,-4,0,0,1,1,2,0,False,False,False,False,1,1,1,0,False,83,99,2,1,1,0,4,-4,-4,8888,-4,-4,-4,False,Unknown,False,False,False,True,True,True
NACC931229,14,9,-4,-4,-4,-4,-4,,-4,-4,-4,-4,-4,-4,-4,300,997,-4,-4,-4,-4,-4,0,0,1,1,1,0,False,False,False,False,0,7,0,0,False,65,18,1,1,1,0,4,-4,-4,8888,-4,-4,-4,False,Unknown,False,False,False,True,True,True
NACC931511,20,8,9,10,30,8,8,,-4,-4,8,16,10,10,9,79,37,14,5,0,23,23,-4,0,8,1,1,1,True,False,True,True,0,7,-4,-4,False,73,15,1,1,1,0,3,-4,-4,-4,73,0,1,False,Unknown,True,False,False,False,False,False
NACC931560,13,10,2,17,25,8,8,,-4,-4,8,10,9,7,7,996,62,15,5,1,21,21,0,0,1,1,1,0,True,False,True,True,0,7,-4,-4,False,80,19,2,1,1,0,4,-4,-4,8888,79,1,1,False,Unknown,True,False,False,True,True,True
NACC931739,12,7,-4,-4,-4,-4,-4,,-4,-4,-4,-4,-4,-4,-4,300,150,-4,-4,-4,-4,-4,0,0,1,1,1,0,False,False,False,True,1,2,0,1,False,69,16,2,1,1,0,4,-4,-4,8888,-4,-4,-4,False,Unknown,False,False,False,True,True,True
NACC931960,5,6,-4,-4,-4,-4,-4,,-4,-4,-4,-4,-4,-4,-4,996,59,-4,-4,-4,-4,-4,0,0,1,1,2,0,True,True,True,True,1,1,0,1,False,76,20,1,1,1,0,4,-4,-4,8888,-4,-4,-4,False,Unknown,False,False,False,True,True,True
NACC932327,-4,-4,-4,-4,-4,-4,-4,,-4,-4,-4,-4,-4,-4,-4,-4,-4,-4,-4,-4,-4,-4,0,0,1,1,1,0,False,True,False,False,0,7,0,0,False,72,18,1,1,1,0,4,-4,-4,8888,-4,-4,-4,False,Unknown,False,False,False,True,True,True
NACC932960,12,6,-4,-4,-4,-4,-4,,-4,-4,-4,-4,-4,-4,-4,250,56,-4,-4,-4,-4,-4,1,0,1,1,1,0,True,True,True,True,0,7,0,0,False,69,20,1,1,1,0,4,-4,-4,2005,-4,-4,-4,True,Unknown,False,True,False,True,True,True
NACC932968,15,19,-4,-4,-4,-4,-4,,-4,-4,-4,-4,-4,-4,-4,99,38,-4,-4,-4,-4,-4,0,0,1,1,2,0,False,False,False,False,1,1,0,1,False,79,16,1,1,1,0,4,-4,-4,8888,-4,-4,-4,False,Unknown,False,False,False,True,True,True
NACC933363,12,10,7,7,28,8,8,,-4,-4,8,16,13,14,15,995,995,95,95,95,19,19,-4,1,8,0,7,0,True,False,True,True,0,7,-4,-4,False,83,18,1,1,1,0,2,-4,-4,-4,82,1,1,True,Unknown,True,False,True,False,False,True
NACC934040,9,6,13,17,24,8,8,,-4,-4,8,5,5,0,0,998,61,15,0,0,18,18,-4,1,0,1,3,0,True,False,True,True,1,1,-4,-4,False,80,16,1,1,1,0,4,-4,-4,-4,78,1,1,False,Unknown,True,False,True,False,False,True
NACC934146,8,6,10,4,24,8,8,,-4,-4,8,10,9,7,6,996,88,15,2,1,9,9,-4,0,1,1,1,0,True,False,True,True,1,2,-4,-4,False,74,13,1,1,1,0,4,-4,-4,-4,72,0,1,False,Unknown,True,False,False,True,True,True
NACC934492,20,12,-4,-4,-4,-4,-4,,-4,-4,-4,-4,-4,-4,-4,75,42,-4,-4,-4,-4,-4,1,1,8,1,1,0,True,True,True,True,0,7,0,0,False,65,14,2,1,1,0,3,-4,-4,2002,-4,-4,-4,True,Unknown,False,True,True,False,True,True
NACC935646,15,8,-4,-4,-4,-4,-4,,-4,-4,-4,-4,-4,-4,-4,131,71,-4,-4,-4,-4,-4,1,1,8,1,2,0,True,True,True,True,1,1,0,1,False,69,14,2,1,2,0,3,-4,-4,9999,-4,-4,-4,True,Unknown,False,True,True,False,True,True
NACC935664,19,12,-4,-4,-4,-4,-4,,-4,-4,-4,-4,-4,-4,-4,300,56,-4,-4,-4,-4,-4,1,1,8,8,8,0,True,True,True,True,8,8,8,8,False,68,16,1,1,1,0,1,-4,-4,2001,-4,-4,-4,True,Unknown,False,True,True,False,True,True
NACC936157,6,4,15,13,19,8,8,,-4,-4,8,11,7,0,0,996,121,7,3,1,11,11,0,0,1,1,1,0,True,False,True,True,0,7,-4,-4,False,79,20,1,1,2,0,4,-4,-4,8888,888,0,1,False,Unknown,True,False,False,True,True,True
NACC936392,97,97,5,97,97,8,8,,-4,-4,8,97,97,97,97,997,997,97,97,97,10,10,0,1,1,1,1,0,True,False,True,True,1,2,-4,-4,False,79,16,2,1,1,0,4,-4,-4,8888,76,1,1,False,Unknown,False,False,True,True,True,True
NACC936476,6,3,8,11,27,8,8,,-4,-4,8,3,3,0,0,996,124,3,2,0,7,7,0,0,1,1,1,1,True,True,True,True,0,7,-4,-4,False,82,14,2,1,1,0,4,-4,-4,8888,80,1,1,True,Unknown,True,False,False,True,True,True
NACC936974,27,15,11,15,32,8,8,,-4,-4,8,26,21,31,22,34,15,17,12,1,30,30,-4,0,8,1,1,0,True,False,True,True,0,7,-4,-4,True,58,20,1,1,1,0,2,-4,-4,-4,888,0,1,False,Unknown,True,False,False,False,False,False
NACC937017,96,96,-4,-4,-4,-4,-4,,-4,-4,-4,-4,-4,-4,-4,996,996,-4,-4,-4,-4,-4,0,0,1,1,2,0,False,False,False,False,1,1,1,0,False,87,12,2,1,2,0,4,-4,-4,8888,-4,-4,-4,False,Unknown,False,False,False,True,True,True
NACC937115,11,4,-4,-4,-4,-4,-4,,-4,-4,-4,-4,-4,-4,-4,71,32,-4,-4,-4,-4,-4,0,1,0,1,3,0,True,True,True,True,1,1,1,0,False,75,16,1,1,1,0,4,-4,-4,8888,-4,-4,-4,True,Unknown,False,False,True,False,False,True
NACC937132,7,7,-4,-4,-4,-4,-4,,-4,-4,-4,-4,-4,-4,-4,300,83,-4,-4,-4,-4,-4,0,0,1,1,1,0,False,False,False,False,0,7,0,0,False,81,12,2,1,1,1,4,-4,-4,8888,-4,-4,-4,False,Unknown,False,False,False,True,True,True
NACC937304,10,7,-4,-4,-4,-4,-4,,-4,-4,-4,-4,-4,-4,-4,188,75,-4,-4,-4,-4,-4,0,0,1,1,1,0,True,True,True,True,0,7,0,0,False,71,14,1,1,1,0,4,-4,-4,8888,-4,-4,-4,False,Unknown,False,False,False,True,True,True
NACC937921,14,10,-4,-4,-4,-4,-4,,-4,-4,-4,-4,-4,-4,-4,997,59,-4,-4,-4,-4,-4,0,0,8,1,1,0,True,False,True,True,0,7,0,0,False,61,3,1,2,1,1,3,-4,-4,8888,-4,-4,-4,False,Unknown,False,False,False,False,False,False
NACC939067,15,5,-4,-4,-4,-4,-4,,-4,-4,-4,-4,-4,-4,-4,996,150,-4,-4,-4,-4,-4,0,0,1,1,2,0,False,False,False,False,1,1,0,1,False,54,19,1,1,1,0,4,-4,-4,8888,-4,-4,-4,False,Unknown,False,False,False,True,True,True
NACC939072,14,8,10,9,32,8,8,,-4,-4,8,28,21,26,18,76,47,15,13,1,27,27,-4,1,8,8,8,0,True,False,True,True,8,8,-4,-4,False,72,16,1,1,1,0,1,-4,-4,-4,68,1,1,False,Unknown,True,False,True,False,False,True
NACC939090,3,0,-4,-4,-4,-4,-4,,-4,-4,-4,-4,-4,-4,-4,96,50,-4,-4,-4,-4,-4,0,0,1,1,1,0,False,False,False,False,0,7,0,0,False,68,18,2,1,1,0,4,-4,-4,8888,-4,-4,-4,False,Unknown,False,False,False,True,True,True
NACC939457,97,97,-4,-4,-4,-4,-4,,-4,-4,-4,-4,-4,-4,-4,996,150,-4,-4,-4,-4,-4,9,0,1,1,1,0,False,True,False,True,0,7,0,0,False,68,12,1,1,1,0,4,-4,-4,8888,-4,-4,-4,False,Unknown,False,False,False,True,True,True
NACC939574,96,96,-4,-4,-4,-4,-4,,-4,-4,-4,-4,-4,-4,-4,996,996,-4,-4,-4,-4,-4,0,0,1,1,1,0,False,False,False,False,1,2,0,1,False,84,17,2,1,1,0,4,-4,-4,8888,-4,-4,-4,False,Unknown,False,False,False,True,True,True
NACC939699,15,7,6,97,28,8,8,,-4,-4,8,9,7,9,6,184,60,13,4,0,13,14,0,0,1,1,2,0,True,False,True,True,1,1,-4,-4,False,81,8,1,2,50,1,4,-4,-4,8888,80,0,1,False,Unknown,False,False,False,True,True,True
NACC939973,23,8,-4,-4,-4,-4,-4,,-4,-4,-4,-4,-4,-4,-4,133,67,-4,-4,-4,-4,-4,1,1,8,8,8,0,True,True,True,True,8,8,8,8,False,77,15,1,1,1,0,1,-4,-4,2003,-4,-4,-4,True,Unknown,False,True,True,False,True,True
NACC940066,96,96,-4,-4,-4,-4,-4,,-4,-4,-4,-4,-4,-4,-4,996,996,-4,-4,-4,-4,-4,1,1,0,1,1,0,True,True,True,True,0,7,0,0,False,71,16,1,1,1,0,4,-4,-4,1999,-4,-4,-4,True,Unknown,False,True,True,False,True,True
NACC940746,13,4,-4,-4,-4,-4,-4,,-4,-4,-4,-4,-4,-4,-4,996,120,-4,-4,-4,-4,-4,0,0,1,1,1,0,True,True,True,True,1,2,0,1,False,61,19,1,1,1,0,4,-4,-4,8888,-4,-4,-4,True,Unknown,False,False,False,True,True,True
NACC941191,13,4,8,10,31,8,8,,-4,-4,8,15,13,10,10,300,124,17,5,1,23,23,0,0,1,1,1,0,True,False,True,True,1,2,-4,-4,False,79,16,1,1,1,0,4,-4,-4,8888,888,0,1,False,Unknown,True,False,False,True,True,True
NACC941711,14,15,-4,-4,-4,-4,-4,,-4,-4,-4,-4,-4,-4,-4,300,78,-4,-4,-4,-4,-4,1,1,8,1,1,0,True,True,True,True,0,7,0,0,False,79,12,2,1,1,0,3,-4,-4,2005,-4,-4,-4,True,Unknown,False,True,True,False,True,True
NACC942178,26,10,-4,-4,-4,-4,-4,,-4,-4,-4,-4,-4,-4,-4,113,74,-4,-4,-4,-4,-4,1,1,8,8,8,0,True,True,True,True,8,8,8,8,False,73,16,1,1,1,0,1,-4,-4,2003,-4,-4,-4,True,Unknown,False,True,True,False,True,True
NACC942285,8,9,-4,-4,-4,-4,-4,,-4,-4,-4,-4,-4,-4,-4,122,54,-4,-4,-4,-4,-4,0,0,1,1,1,0,True,False,True,True,0,7,0,0,False,83,14,1,1,1,0,4,-4,-4,8888,-4,-4,-4,False,Unknown,False,False,False,True,True,True
NACC942308,22,12,21,17,32,8,8,,-4,-4,0,12,8,14,8,213,47,15,10,0,20,20,-4,0,8,1,1,0,True,False,True,True,0,7,-4,-4,False,66,18,2,1,1,0,3,-4,-4,-4,65,1,1,False,Unknown,True,False,False,False,False,False
NACC942345,6,7,12,14,27,8,8,,-4,-4,8,3,4,0,0,996,98,6,0,0,12,12,0,0,1,1,1,1,True,False,True,True,0,7,-4,-4,True,78,18,1,1,1,0,4,-4,-4,8888,76,0,1,False,Unknown,True,False,False,True,True,True
NACC943005,-4,-4,-4,-4,-4,-4,-4,,-4,-4,-4,-4,-4,-4,-4,-4,-4,-4,-4,-4,-4,-4,0,0,8,1,1,0,True,False,True,True,0,7,0,0,False,75,12,2,8,1,0,2,-4,-4,8888,-4,-4,-4,False,Unknown,False,False,False,False,False,False
NACC943056,15,9,-4,-4,-4,-4,-4,,-4,-4,-4,-4,-4,-4,-4,61,33,-4,-4,-4,-4,-4,1,1,8,1,3,0,True,True,True,True,0,7,0,0,False,76,16,1,1,1,0,3,-4,-4,2009,-4,-4,-4,True,Unknown,False,True,True,False,True,True
NACC943678,6,6,-4,-4,-4,-4,-4,,-4,-4,-4,-4,-4,-4,-4,996,150,-4,-4,-4,-4,-4,1,1,0,1,1,0,True,True,True,True,0,7,0,0,False,77,13,2,1,2,0,4,-4,-4,2001,-4,-4,-4,True,Unknown,False,True,True,False,True,True
NACC943927,-4,-4,-4,-4,-4,-4,-4,,-4,-4,-4,-4,-4,-4,-4,-4,-4,-4,-4,-4,-4,-4,1,1,8,1,1,0,True,True,True,True,0,7,0,0,False,74,16,1,1,1,0,3,-4,-4,2009,-4,-4,-4,True,Unknown,False,True,True,False,True,True
NACC943951,18,11,13,11,32,8,8,,-4,-4,8,10,8,13,10,79,77,15,8,1,29,29,0,0,8,1,1,1,True,False,True,True,0,7,-4,-4,True,64,16,1,1,1,0,3,-4,-4,8888,62,1,1,True,Unknown,True,False,False,False,False,False
NACC944314,97,97,97,97,97,8,8,,-4,-4,8,97,97,97,97,997,997,97,97,97,11,11,-4,1,0,0,7,0,True,False,True,True,1,1,-4,-4,False,74,16,1,1,1,0,4,-4,-4,-4,73,1,1,False,Unknown,False,False,True,False,False,True
NACC944457,4,6,-4,-4,-4,-4,-4,,-4,-4,-4,-4,-4,-4,-4,996,150,-4,-4,-4,-4,-4,1,1,1,1,1,0,False,True,False,False,0,7,0,0,False,83,16,2,1,1,0,4,-4,-4,2006,-4,-4,-4,True,Unknown,False,True,True,True,True,True
NACC944485,10,9,14,9,28,8,8,,-4,-4,8,6,5,0,0,274,60,15,0,1,16,16,0,0,1,1,2,0,True,False,True,True,1,1,-4,-4,False,78,18,2,1,1,0,4,-4,-4,8888,888,0,1,True,Unknown,True,False,False,True,True,True
NACC945302,15,8,15,11,25,8,8,,-4,-4,8,26,18,20,16,78,49,16,14,1,26,26,-4,1,8,1,2,0,True,False,True,True,1,1,-4,-4,False,87,18,1,1,1,0,3,-4,-4,-4,85,1,1,False,Unknown,True,False,True,False,False,True
NACC945466,11,7,-4,-4,-4,-4,-4,,-4,-4,-4,-4,-4,-4,-4,996,996,-4,-4,-4,-4,-4,0,0,1,1,2,0,False,False,False,False,1,1,1,0,False,71,14,2,1,2,0,4,-4,-4,8888,-4,-4,-4,False,Unknown,False,False,False,True,True,True
NACC945614,98,98,98,98,98,8,8,,-4,-4,8,98,98,98,98,998,998,98,98,98,9,9,0,0,1,1,1,1,False,False,False,False,0,7,-4,-4,False,66,20,1,1,1,0,4,-4,-4,8888,888,0,0,False,Unknown,False,False,False,True,True,True
NACC945615,8,0,-4,-4,-4,-4,-4,,-4,-4,-4,-4,-4,-4,-4,996,150,-4,-4,-4,-4,-4,1,1,1,1,1,0,True,True,True,True,0,7,0,0,False,81,10,1,1,2,0,4,-4,-4,2006,-4,-4,-4,True,Unknown,False,True,True,True,True,True
NACC945841,13,7,7,3,28,8,8,,-4,-4,8,3,3,2,2,996,133,8,7,0,11,11,0,0,1,1,1,0,False,False,False,False,1,2,-4,-4,False,73,14,1,1,1,0,4,-4,-4,8888,888,0,0,False,Unknown,True,False,False,True,True,True
NACC946317,4,0,8,5,97,8,8,,-4,-4,8,4,4,0,0,997,44,10,0,1,10,10,-4,1,0,1,2,0,True,False,True,True,0,7,-4,-4,False,71,16,1,1,1,0,4,-4,-4,-4,63,1,1,True,Unknown,False,False,True,False,False,True
NACC946918,96,96,-4,-4,-4,-4,-4,,-4,-4,-4,-4,-4,-4,-4,996,996,-4,-4,-4,-4,-4,0,0,1,1,1,0,False,True,False,False,0,7,0,0,False,71,15,1,1,1,0,4,-4,-4,8888,-4,-4,-4,False,Unknown,False,False,False,True,True,True
NACC946984,97,97,-4,-4,-4,-4,-4,,-4,-4,-4,-4,-4,-4,-4,997,997,-4,-4,-4,-4,-4,1,1,8,1,1,0,True,True,True,True,0,7,0,0,False,83,18,2,1,1,0,3,-4,-4,2005,-4,-4,-4,True,Unknown,False,True,True,False,True,True
NACC947059,14,10,13,10,30,0,8,,-4,-4,8,19,14,20,16,232,48,12,12,1,24,24,0,0,1,1,1,1,True,True,True,True,0,7,-4,-4,False,71,20,1,1,1,0,4,-4,-4,8888,68,1,1,False,A-,True,False,False,True,True,True
NACC947088,4,2,-4,-4,-4,-4,-4,,-4,-4,-4,-4,-4,-4,-4,997,997,-4,-4,-4,-4,-4,0,0,1,1,1,0,True,False,True,True,0,7,0,0,False,79,12,1,1,1,0,4,-4,-4,8888,-4,-4,-4,False,Unknown,False,False,False,True,True,True
NACC947192,8,4,7,9,26,8,8,,-4,-4,8,3,2,1,0,120,57,17,9,1,14,14,0,0,1,1,1,0,True,False,True,True,0,7,-4,-4,False,67,20,1,1,2,0,4,-4,-4,8888,888,0,1,False,Unknown,True,False,False,True,True,True
NACC947623,12,7,-4,-4,-4,-4,-4,,-4,-4,-4,-4,-4,-4,-4,298,58,-4,-4,-4,-4,-4,1,1,0,1,1,0,True,True,True,True,0,7,0,0,False,70,16,1,1,1,0,4,-4,-4,9999,-4,-4,-4,False,Unknown,False,True,True,False,True,True
NACC947763,19,15,17,11,-4,8,8,,-4,-4,8,18,15,9,11,-4,-4,-4,-4,-4,-4,-4,-4,0,8,1,1,0,True,False,True,True,0,7,-4,-4,False,76,16,2,3,5,0,3,-4,-4,-4,73,-4,-4,False,Unknown,False,False,False,False,False,False
NACC947991,15,10,-4,-4,-4,-4,-4,,-4,-4,-4,-4,-4,-4,-4,207,94,-4,-4,-4,-4,-4,1,1,1,1,1,0,False,True,False,True,0,7,0,0,False,81,13,1,1,1,0,4,-4,-4,2001,-4,-4,-4,True,Unknown,False,True,True,True,True,True
NACC948012,13,5,-4,-4,-4,-4,-4,,-4,-4,-4,-4,-4,-4,-4,996,130,-4,-4,-4,-4,-4,0,0,1,1,2,0,False,True,False,True,1,1,1,0,False,70,18,1,1,1,0,4,-4,-4,8888,-4,-4,-4,False,Unknown,False,False,False,True,True,True
NACC948224,15,1,16,14,31,8,8,,-4,-4,8,13,9,7,7,300,33,16,8,0,22,22,-4,1,1,1,2,0,True,False,True,True,1,1,-4,-4,False,74,19,2,1,1,0,4,-4,-4,-4,888,0,1,False,Unknown,True,False,True,True,True,True
NACC948464,16,8,8,5,27,8,8,,-4,-4,8,9,8,7,6,996,150,9,4,0,12,13,0,0,1,1,1,1,True,False,True,True,1,2,-4,-4,False,89,12,1,1,2,0,4,-4,-4,8888,88,1,1,False,Unknown,True,False,False,True,True,True
NACC949006,20,14,-4,-4,-4,-4,-4,,-4,-4,-4,-4,-4,-4,-4,75,43,-4,-4,-4,-4,-4,1,1,0,1,2,0,True,True,True,True,0,7,0,0,False,69,18,2,1,1,0,4,-4,-4,9999,-4,-4,-4,False,Unknown,False,True,True,False,True,True
NACC949617,18,15,15,20,28,8,8,,-4,-4,8,13,12,12,10,96,22,12,5,1,19,19,0,0,8,1,1,0,True,False,True,True,0,7,-4,-4,False,82,16,1,1,1,0,3,-4,-4,8888,81,1,1,False,Unknown,True,False,False,False,False,False
NACC950024,8,4,-4,-4,-4,-4,-4,,-4,-4,-4,-4,-4,-4,-4,300,150,-4,-4,-4,-4,-4,0,0,1,1,1,0,False,False,False,False,0,7,0,0,False,82,18,1,1,1,0,4,-4,-4,8888,-4,-4,-4,False,Unknown,False,False,False,True,True,True
NACC950684,1,0,3,3,15,8,8,,-4,-4,8,4,2,3,1,996,93,14,0,1,11,11,0,0,1,1,1,0,False,False,False,False,1,2,-4,-4,False,76,19,1,1,1,0,4,-4,-4,8888,888,0,0,False,Unknown,True,False,False,True,True,True
NACC951097,9,7,7,8,27,0,-4,,-4,0,-4,11,8,7,7,100,62,13,5,0,19,19,0,-4,0,1,1,0,True,False,True,True,0,8,-4,-4,False,51,20,2,1,-4,0,3,5,888,-4,-4,-4,1,False,A-,True,False,False,False,False,False
NACC951559,-4,-4,-4,-4,-4,-4,-4,,-4,-4,-4,-4,-4,-4,-4,-4,-4,-4,-4,-4,-4,-4,0,0,1,1,1,0,True,True,True,True,1,2,0,1,False,66,16,2,2,1,1,4,-4,-4,8888,-4,-4,-4,True,Unknown,False,False,False,True,True,True
NACC951821,16,7,-4,-4,-4,-4,-4,,-4,-4,-4,-4,-4,-4,-4,996,150,-4,-4,-4,-4,-4,0,0,1,1,1,0,True,True,True,True,0,7,0,0,False,72,13,1,1,1,0,4,-4,-4,8888,-4,-4,-4,True,Unknown,False,False,False,True,True,True
NACC952449,7,13,6,3,32,1,8,,-4,-4,8,7,6,3,3,300,59,9,1,1,19,19,0,0,1,1,2,1,True,False,True,True,1,1,-4,-4,False,61,16,1,1,1,0,4,-4,-4,8888,888,1,1,False,A+,True,False,False,True,True,True
NACC953025,-4,-4,-4,-4,-4,-4,-4,,-4,-4,-4,-4,-4,-4,-4,-4,-4,-4,-4,-4,-4,-4,0,0,1,1,2,0,True,False,True,True,1,1,0,1,False,89,19,1,1,1,0,4,-4,-4,8888,-4,-4,-4,False,Unknown,False,False,False,True,True,True
NACC953699,7,5,-4,-4,-4,-4,-4,,-4,-4,-4,-4,-4,-4,-4,300,150,-4,-4,-4,-4,-4,1,1,0,1,1,0,True,True,True,True,0,7,0,0,False,73,18,1,1,1,0,4,-4,-4,2006,-4,-4,-4,True,Unknown,False,True,True,False,True,True
NACC954240,9,5,15,14,31,8,8,,-4,-4,8,16,12,8,12,121,43,17,10,1,26,26,0,0,1,1,1,1,True,False,True,True,0,7,-4,-4,True,67,20,1,1,1,0,4,-4,-4,8888,64,1,1,False,Unknown,True,False,False,True,True,True
NACC954541,25,19,12,18,32,8,8,,-4,-4,8,19,16,17,15,89,16,15,17,1,28,28,-4,1,8,8,8,0,True,False,True,True,8,8,-4,-4,False,73,20,1,1,1,0,1,-4,-4,-4,71,0,1,True,Unknown,True,False,True,False,False,True
NACC955222,7,3,8,5,25,8,8,,-4,-4,8,15,11,11,9,996,996,1,0,0,15,15,-4,1,0,1,1,0,True,False,True,True,1,2,-4,-4,False,84,16,2,1,1,0,4,-4,-4,-4,78,1,1,False,Unknown,True,False,True,False,False,True
NACC955737,12,9,-4,-4,-4,-4,-4,,-4,-4,-4,-4,-4,-4,-4,128,41,-4,-4,-4,-4,-4,9,0,1,1,1,0,False,True,False,True,0,7,0,0,False,70,16,1,1,1,0,4,-4,-4,8888,-4,-4,-4,False,Unknown,False,False,False,True,True,True
NACC955841,-4,-4,-4,-4,-4,8,8,,-4,-4,8,-4,-4,-4,-4,-4,-4,-4,-4,-4,-4,-4,-4,1,8,1,1,0,True,False,True,True,0,7,-4,-4,False,86,13,1,1,1,0,3,-4,-4,-4,84,-4,-4,True,Unknown,False,False,True,False,False,True
NACC955948,19,10,-4,-4,-4,-4,-4,,-4,-4,-4,-4,-4,-4,-4,108,42,-4,-4,-4,-4,-4,1,1,8,1,1,0,True,True,True,True,0,7,0,0,False,61,20,1,8,1,0,2,-4,-4,1999,-4,-4,-4,True,Unknown,False,True,True,False,True,True
NACC955987,19,12,12,11,28,8,8,,-4,-4,8,19,15,15,13,76,31,14,7,1,22,22,0,0,8,1,1,1,True,True,True,True,1,2,-4,-4,True,73,18,1,1,1,0,3,-4,-4,8888,73,1,1,False,Unknown,True,False,False,False,False,False
NACC956073,5,2,-4,-4,-4,-4,-4,,-4,-4,-4,-4,-4,-4,-4,996,104,-4,-4,-4,-4,-4,0,0,1,1,1,0,False,False,False,False,0,7,0,0,False,59,18,1,1,1,0,4,-4,-4,8888,-4,-4,-4,True,Unknown,False,False,False,True,True,True
NACC957068,25,12,12,12,29,0,8,,-4,-4,8,17,12,12,13,138,40,15,8,0,25,25,1,1,8,1,1,0,True,True,True,True,0,7,-4,-4,False,71,16,1,1,1,1,3,-4,-4,2021,69,1,1,True,A-,True,True,True,False,True,True
NACC957146,23,11,22,20,31,1,8,,-4,-4,8,9,7,0,0,110,30,14,11,1,26,26,-4,1,8,1,2,0,True,False,True,True,1,1,-4,-4,False,72,20,2,2,1,1,2,-4,-4,-4,68,0,1,True,A+,True,False,True,False,False,True
NACC957292,10,13,-4,-4,-4,-4,-4,,-4,-4,-4,-4,-4,-4,-4,144,70,-4,-4,-4,-4,-4,1,0,1,1,1,0,True,True,True,True,0,7,0,0,False,81,14,1,3,5,0,4,-4,-4,2009,-4,-4,-4,True,Unknown,False,True,False,True,True,True
NACC957430,15,15,-4,-4,-4,-4,-4,,-4,-4,-4,-4,-4,-4,-4,300,100,-4,-4,-4,-4,-4,1,1,8,1,1,0,True,True,True,True,0,7,0,0,False,81,12,2,1,1,0,3,-4,-4,1996,-4,-4,-4,True,Unknown,False,True,True,False,True,True
NACC957655,1,1,6,4,17,8,8,,-4,-4,8,0,0,0,0,300,120,5,0,0,7,8,-4,0,1,1,1,0,True,False,True,True,1,2,-4,-4,False,89,12,2,1,1,0,4,-4,-4,-4,87,1,1,False,Unknown,True,False,False,True,True,True
NACC958182,19,13,11,11,28,8,8,,-4,-4,8,18,12,12,13,300,37,14,14,1,23,24,-4,0,8,1,2,0,True,False,True,True,0,7,-4,-4,False,86,8,2,8,1,0,3,-4,-4,-4,888,1,1,False,Unknown,True,False,False,False,False,False
NACC958309,8,9,-4,-4,-4,-4,-4,,-4,-4,-4,-4,-4,-4,-4,300,109,-4,-4,-4,-4,-4,0,0,1,1,1,0,False,False,False,False,0,7,0,0,False,73,14,2,1,2,0,4,-4,-4,8888,-4,-4,-4,False,Unknown,False,False,False,True,True,True
NACC958382,21,7,-4,-4,-4,-4,-4,,-4,-4,-4,-4,-4,-4,-4,80,997,-4,-4,-4,-4,-4,1,1,8,8,8,0,True,True,True,True,8,8,8,8,False,65,20,1,1,1,0,1,-4,-4,2008,-4,-4,-4,True,Unknown,False,True,True,False,True,True
NACC959215,97,97,-4,-4,-4,-4,-4,,-4,-4,-4,-4,-4,-4,-4,997,997,-4,-4,-4,-4,-4,0,0,1,1,1,0,False,False,False,True,0,7,0,0,False,67,12,2,1,1,0,4,-4,-4,8888,-4,-4,-4,False,Unknown,False,False,False,True,True,True
NACC959308,0,0,-4,-4,-4,-4,-4,,-4,-4,-4,-4,-4,-4,-4,300,150,-4,-4,-4,-4,-4,0,0,1,1,2,0,False,True,False,False,1,1,0,1,False,81,17,1,1,1,0,4,-4,-4,8888,-4,-4,-4,False,Unknown,False,False,False,True,True,True
NACC959406,18,14,-4,-4,-4,-4,-4,,-4,-4,-4,-4,-4,-4,-4,73,70,-4,-4,-4,-4,-4,1,1,8,8,8,0,True,True,True,True,8,8,8,8,False,69,16,1,1,1,0,1,-4,-4,2003,-4,-4,-4,True,Unknown,False,True,True,False,True,True
NACC959478,96,96,-4,-4,-4,-4,-4,,-4,-4,-4,-4,-4,-4,-4,996,996,-4,-4,-4,-4,-4,0,0,1,1,2,0,False,True,False,False,1,1,1,0,False,82,15,1,1,1,0,4,-4,-4,8888,-4,-4,-4,False,Unknown,False,False,False,True,True,True
NACC959644,9,4,-4,-4,-4,-4,-4,,-4,-4,-4,-4,-4,-4,-4,996,150,-4,-4,-4,-4,-4,0,0,1,1,1,0,False,False,False,False,0,7,0,0,False,84,18,1,1,1,0,4,-4,-4,8888,-4,-4,-4,False,Unknown,False,False,False,True,True,True
NACC959661,6,8,-4,-4,-4,-4,-4,,-4,-4,-4,-4,-4,-4,-4,996,996,-4,-4,-4,-4,-4,1,1,0,1,2,0,True,True,True,True,1,1,0,1,False,71,16,1,1,1,0,4,-4,-4,9999,-4,-4,-4,True,Unknown,False,True,True,False,True,True
NACC960453,13,11,-4,-4,-4,-4,-4,,-4,-4,-4,-4,-4,-4,-4,161,32,-4,-4,-4,-4,-4,0,0,1,1,2,0,False,True,False,False,1,1,1,0,False,86,12,2,1,1,0,4,-4,-4,8888,-4,-4,-4,False,Unknown,False,False,False,True,True,True
NACC960965,9,8,5,6,22,8,8,,-4,-4,8,7,8,10,10,218,95,15,9,0,20,20,0,0,1,1,1,0,True,True,True,True,0,7,-4,-4,False,77,20,1,8,5,0,4,-4,-4,8888,888,0,1,False,Unknown,True,False,False,True,True,True
NACC961490,13,10,18,12,27,1,8,,-4,-4,8,23,17,7,7,300,150,3,0,0,17,17,0,0,1,1,1,1,True,False,True,True,1,2,-4,-4,False,69,16,1,1,1,0,4,-4,-4,8888,15,0,1,False,A+,True,False,False,True,True,True
NACC961691,18,13,-4,-4,-4,-4,-4,,-4,-4,-4,-4,-4,-4,-4,104,35,-4,-4,-4,-4,-4,0,0,8,1,1,0,True,False,True,True,0,7,0,0,False,71,14,1,1,1,0,3,-4,-4,8888,-4,-4,-4,False,Unknown,False,False,False,False,False,False
NACC961764,8,2,7,1,17,8,8,,-4,-4,8,1,1,0,1,996,150,7,0,0,4,5,-4,0,1,1,2,0,True,False,True,True,1,1,-4,-4,False,78,12,1,1,1,0,4,-4,-4,-4,76,1,1,False,Unknown,True,False,False,True,True,True
NACC962721,21,15,19,19,31,8,8,,-4,-4,8,23,16,21,15,82,42,17,7,1,25,25,-4,1,8,8,8,1,True,False,True,True,8,8,-4,-4,False,86,20,2,1,1,0,1,-4,-4,-4,77,1,1,False,Unknown,True,False,True,False,False,True
NACC962861,8,6,4,8,26,8,8,,-4,-4,8,14,11,12,10,146,65,10,8,1,18,19,0,0,1,1,1,1,True,False,True,True,0,7,-4,-4,False,66,12,1,1,1,0,4,-4,-4,8888,66,1,1,False,Unknown,True,False,False,True,True,True
NACC963054,7,9,12,12,28,8,8,,-4,-4,8,14,12,11,13,300,77,15,4,1,22,22,0,1,0,0,7,0,True,False,True,True,1,1,-4,-4,False,75,14,1,1,1,0,4,-4,-4,8888,888,8,1,False,Unknown,True,False,True,False,False,True
NACC963452,24,13,-4,-4,-4,-4,-4,,-4,-4,-4,-4,-4,-4,-4,69,28,-4,-4,-4,-4,-4,1,1,8,8,8,0,True,True,True,True,8,8,8,8,False,65,22,1,1,1,0,1,-4,-4,2004,-4,-4,-4,True,Unknown,False,True,True,False,True,True
NACC963537,11,11,-4,-4,-4,-4,-4,,-4,-4,-4,-4,-4,-4,-4,300,39,-4,-4,-4,-4,-4,0,0,1,1,1,0,False,False,False,True,0,7,0,0,False,75,12,2,1,1,0,4,-4,-4,8888,-4,-4,-4,False,Unknown,False,False,False,True,True,True
NACC963933,96,96,96,96,-4,8,8,,-4,-4,8,96,96,96,96,-4,-4,-4,-4,-4,-4,-4,9,1,1,1,2,0,True,True,True,True,1,1,-4,-4,False,80,18,1,1,1,0,4,-4,-4,8888,75,1,1,False,Unknown,False,False,True,True,True,True
NACC964079,10,5,2,2,29,8,8,,-4,-4,8,14,11,11,11,300,75,14,7,1,17,17,1,0,1,1,1,1,True,True,True,True,0,7,-4,-4,True,63,15,1,1,1,0,4,-4,-4,2015,59,1,1,False,Unknown,True,True,False,True,True,True
NACC964509,6,5,3,5,15,0,8,,-4,-4,8,6,4,96,96,996,150,96,96,96,8,9,0,0,0,1,1,0,True,False,True,True,0,7,-4,-4,False,71,12,1,1,2,0,4,-4,-4,8888,69,0,1,False,A-,True,False,False,False,False,False
NACC964769,14,9,-4,-4,-4,-4,-4,,-4,-4,-4,-4,-4,-4,-4,300,40,-4,-4,-4,-4,-4,0,0,1,1,1,0,False,True,False,True,0,7,0,0,False,62,15,2,1,1,0,4,-4,-4,8888,-4,-4,-4,False,Unknown,False,False,False,True,True,True
NACC965142,9,7,-4,-4,-4,-4,-4,,-4,-4,-4,-4,-4,-4,-4,300,71,-4,-4,-4,-4,-4,0,0,8,1,1,0,True,True,True,True,0,7,0,0,False,76,13,1,1,1,0,3,-4,-4,8888,-4,-4,-4,False,Unknown,False,False,False,False,False,False
NACC965692,96,96,-4,-4,-4,-4,-4,,-4,-4,-4,-4,-4,-4,-4,996,996,-4,-4,-4,-4,-4,1,1,0,1,1,0,True,True,True,True,0,7,0,0,False,77,24,1,1,1,0,4,-4,-4,1993,-4,-4,-4,True,Unknown,False,True,True,False,True,True
NACC965950,8,7,-4,-4,-4,-4,-4,,-4,-4,-4,-4,-4,-4,-4,996,52,-4,-4,-4,-4,-4,1,1,1,1,2,0,True,True,True,True,1,2,0,1,False,83,14,2,2,1,1,4,-4,-4,2013,-4,-4,-4,False,Unknown,False,True,True,True,True,True
NACC966063,8,3,-4,-4,-4,-4,-4,,-4,-4,-4,-4,-4,-4,-4,300,150,-4,-4,-4,-4,-4,1,1,0,1,1,0,True,True,True,True,0,7,0,0,False,75,12,1,1,1,0,4,-4,-4,2006,-4,-4,-4,True,Unknown,False,True,True,False,True,True
NACC966072,-4,-4,-4,-4,-4,-4,-4,,-4,-4,-4,-4,-4,-4,-4,-4,-4,-4,-4,-4,-4,-4,0,0,1,1,2,0,False,False,False,False,1,1,1,0,False,89,4,2,2,50,1,4,-4,-4,8888,-4,-4,-4,False,Unknown,False,False,False,True,True,True
NACC966100,7,4,6,9,21,8,8,,-4,-4,8,1,1,0,0,996,105,8,2,0,12,12,-4,0,1,1,2,0,False,False,False,False,1,1,-4,-4,False,79,15,1,1,1,0,4,-4,-4,-4,888,0,0,False,Unknown,True,False,False,True,True,True
NACC966565,16,6,12,8,32,1,1,,-4,-4,1,15,9,13,9,156,63,17,9,0,22,23,0,0,0,1,3,0,True,False,True,True,1,1,-4,-4,False,58,12,1,1,1,0,4,-4,-4,8888,59,8,1,False,A+,True,False,False,False,False,False
NACC967500,13,9,-4,-4,-4,-4,-4,,-4,-4,-4,-4,-4,-4,-4,93,997,-4,-4,-4,-4,-4,1,1,8,1,2,1,True,True,True,True,0,7,0,0,False,56,14,1,1,1,0,2,-4,-4,2007,-4,-4,-4,True,Unknown,False,True,True,False,True,True
NACC967538,16,9,-4,-4,-4,-4,-4,,-4,-4,-4,-4,-4,-4,-4,300,61,-4,-4,-4,-4,-4,1,0,1,1,2,0,False,True,False,True,1,1,1,0,False,87,9,2,1,1,0,4,-4,-4,2005,-4,-4,-4,True,Unknown,False,True,False,True,True,True
NACC967667,9,3,-4,-4,-4,-4,-4,,-4,-4,-4,-4,-4,-4,-4,998,118,-4,-4,-4,-4,-4,0,0,1,1,2,0,False,False,False,False,1,1,1,0,False,56,16,2,1,1,0,4,-4,-4,8888,-4,-4,-4,False,Unknown,False,False,False,True,True,True
NACC967736,13,3,-4,-4,-4,-4,-4,,-4,-4,-4,-4,-4,-4,-4,996,150,-4,-4,-4,-4,-4,0,0,1,1,2,0,False,False,False,False,1,1,1,0,False,62,16,1,1,50,1,4,-4,-4,8888,-4,-4,-4,False,Unknown,False,False,False,True,True,True
NACC968051,12,6,6,10,28,8,8,,-4,-4,8,9,7,6,5,300,140,13,2,0,11,12,0,0,8,1,1,0,True,False,True,True,0,7,-4,-4,False,73,12,2,2,50,1,3,-4,-4,8888,888,0,1,False,Unknown,True,False,False,False,False,False
NACC968597,9,6,4,5,27,1,8,,-4,-4,1,7,4,0,0,185,71,16,0,1,20,20,-4,0,1,1,2,0,True,False,True,True,1,1,-4,-4,False,81,16,1,1,1,0,4,-4,-4,-4,80,1,1,False,A+,True,False,False,True,True,True
NACC968744,7,0,-4,-4,-4,-4,-4,,-4,-4,-4,-4,-4,-4,-4,996,102,-4,-4,-4,-4,-4,1,1,0,1,3,0,True,True,True,True,1,1,1,0,False,80,14,2,1,1,0,4,-4,-4,2011,-4,-4,-4,False,Unknown,False,True,True,False,True,True
NACC969082,14,7,-4,-4,-4,-4,-4,,-4,-4,-4,-4,-4,-4,-4,996,64,-4,-4,-4,-4,-4,0,0,1,1,2,0,False,False,False,False,1,1,1,0,False,75,18,2,1,1,0,4,-4,-4,8888,-4,-4,-4,False,Unknown,False,False,False,True,True,True
NACC969224,-4,-4,-4,-4,-4,-4,-4,,-4,-4,-4,-4,-4,-4,-4,-4,-4,-4,-4,-4,-4,-4,0,0,1,1,1,0,True,True,True,True,0,7,0,0,False,83,4,1,2,1,1,4,-4,-4,8888,-4,-4,-4,True,Unknown,False,False,False,True,True,True
NACC969561,14,9,12,11,30,8,8,,-4,-4,8,14,9,10,7,160,33,15,8,1,24,24,0,1,8,1,2,0,True,False,True,True,1,1,-4,-4,False,72,13,1,1,2,0,3,-4,-4,8888,888,1,1,False,Unknown,True,False,True,False,False,True
NACC970207,96,96,-4,-4,-4,-4,-4,,-4,-4,-4,-4,-4,-4,-4,996,996,-4,-4,-4,-4,-4,0,0,1,1,1,0,False,True,False,True,0,7,0,0,False,58,14,1,1,1,0,4,-4,-4,8888,-4,-4,-4,False,Unknown,False,False,False,True,True,True
NACC971177,23,14,15,17,32,8,8,,-4,-4,8,26,20,21,18,92,34,17,13,1,27,27,1,1,8,1,1,1,True,True,True,True,0,7,-4,-4,True,65,18,1,1,1,0,3,-4,-4,2011,59,1,1,True,Unknown,True,True,True,False,True,True
NACC971207,12,6,15,13,30,8,8,,-4,-4,8,2,3,4,4,996,150,12,2,1,16,16,0,1,1,1,1,0,True,True,True,True,0,7,-4,-4,False,72,18,1,1,1,0,4,-4,-4,8888,70,0,1,False,Unknown,True,False,True,True,True,True
NACC971258,12,10,-4,-4,-4,-4,-4,,-4,-4,-4,-4,-4,-4,-4,996,142,-4,-4,-4,-4,-4,0,0,1,1,2,0,True,False,True,True,1,1,1,0,False,60,18,2,1,2,0,4,-4,-4,8888,-4,-4,-4,False,Unknown,False,False,False,True,True,True
NACC971270,23,14,-4,-4,-4,-4,-4,,-4,-4,-4,-4,-4,-4,-4,67,34,-4,-4,-4,-4,-4,1,1,8,8,8,1,True,True,True,True,8,8,8,8,False,65,18,1,1,1,0,1,-4,-4,2011,-4,-4,-4,True,Unknown,False,True,True,False,True,True
NACC971296,-4,-4,-4,-4,-4,-4,-4,,-4,-4,-4,-4,-4,-4,-4,-4,-4,-4,-4,-4,-4,-4,1,1,8,1,1,0,True,True,True,True,0,7,0,0,False,87,20,1,1,5,0,2,-4,-4,2005,-4,-4,-4,True,Unknown,False,True,True,False,True,True
NACC971467,14,7,9,6,29,8,8,,-4,-4,8,7,8,0,0,996,150,4,0,1,16,16,0,0,0,1,2,0,True,False,True,True,1,1,-4,-4,False,72,16,1,1,1,0,4,-4,-4,8888,70,1,1,False,Unknown,True,False,False,False,False,False
NACC971559,8,5,8,5,15,8,8,,-4,-4,8,11,9,2,4,996,150,0,0,0,4,4,-4,0,1,1,2,0,True,False,True,True,1,1,-4,-4,False,73,13,2,1,2,1,4,-4,-4,-4,72,1,1,False,Unknown,True,False,False,True,True,True
NACC972421,13,3,-4,-4,-4,-4,-4,,-4,-4,-4,-4,-4,-4,-4,300,150,-4,-4,-4,-4,-4,0,0,1,1,2,0,False,False,False,False,1,1,0,1,False,70,14,1,1,1,0,4,-4,-4,8888,-4,-4,-4,False,Unknown,False,False,False,True,True,True
NACC973009,16,21,-4,-4,-4,-4,-4,,-4,-4,-4,-4,-4,-4,-4,158,73,-4,-4,-4,-4,-4,0,0,8,1,1,0,True,True,True,True,1,2,0,1,False,82,20,1,1,1,0,2,-4,-4,8888,-4,-4,-4,False,Unknown,False,False,False,False,False,False
NACC973195,5,4,7,5,25,8,8,,-4,-4,8,16,13,18,16,996,58,10,4,0,19,19,0,0,1,1,1,0,True,False,True,True,1,2,-4,-4,False,71,18,2,1,1,0,4,-4,-4,8888,68,1,1,False,Unknown,True,False,False,True,True,True
NACC973349,8,2,11,10,26,1,1,,-4,-4,8,7,4,4,2,300,74,10,5,0,17,17,0,0,1,1,2,0,True,False,True,True,1,1,-4,-4,False,77,16,2,1,1,0,4,-4,-4,8888,888,0,1,False,A+,True,False,False,True,True,True
NACC973798,97,97,97,97,-4,8,8,,-4,-4,8,97,97,97,97,-4,-4,-4,-4,-4,-4,-4,0,0,1,1,1,0,False,False,False,False,1,2,-4,-4,False,93,16,2,1,1,0,4,-4,-4,8888,888,0,0,False,Unknown,False,False,False,True,True,True
NACC974448,-4,-4,-4,-4,-4,-4,-4,,-4,-4,-4,-4,-4,-4,-4,-4,-4,-4,-4,-4,-4,-4,9,0,1,1,2,0,False,False,False,True,1,1,0,1,False,90,20,1,1,1,0,4,-4,-4,8888,-4,-4,-4,False,Unknown,False,False,False,True,True,True
NACC974502,22,10,16,19,30,0,8,,-4,-4,8,23,13,13,13,109,56,17,7,0,25,26,0,0,8,1,2,0,True,False,True,True,0,7,-4,-4,False,79,12,1,1,1,0,3,-4,-4,8888,77,0,1,False,A-,True,False,False,False,False,False
NACC975286,12,12,-4,-4,-4,-4,-4,,-4,-4,-4,-4,-4,-4,-4,300,99,-4,-4,-4,-4,-4,0,0,1,1,2,0,False,False,False,True,1,1,1,0,False,65,12,2,1,2,0,4,-4,-4,8888,-4,-4,-4,False,Unknown,False,False,False,True,True,True
NACC975428,-4,-4,-4,-4,-4,-4,-4,,-4,-4,-4,-4,-4,-4,-4,-4,-4,-4,-4,-4,-4,-4,0,0,1,1,2,0,True,False,True,True,1,1,1,0,False,69,12,1,1,1,0,4,-4,-4,8888,-4,-4,-4,False,Unknown,False,False,False,True,True,True
NACC976861,0,0,-4,-4,-4,-4,-4,,-4,-4,-4,-4,-4,-4,-4,996,996,-4,-4,-4,-4,-4,0,0,1,1,1,0,False,True,False,False,0,7,0,0,False,69,12,1,1,50,1,4,-4,-4,8888,-4,-4,-4,False,Unknown,False,False,False,True,True,True
NACC976986,25,13,19,18,32,8,8,,-4,-4,8,7,6,6,6,74,31,15,10,1,24,24,-4,0,8,1,1,1,True,False,True,True,0,7,-4,-4,True,61,18,1,1,1,0,3,-4,-4,-4,61,0,1,False,Unknown,True,False,False,False,False,False
NACC977147,9,4,8,4,28,8,8,,-4,-4,8,23,19,20,18,161,49,17,7,1,24,24,-4,0,8,1,1,0,True,False,True,True,0,7,-4,-4,True,77,14,1,1,1,0,3,-4,-4,-4,77,0,0,True,Unknown,True,False,False,False,False,False
NACC977216,18,8,14,4,31,1,8,,-4,-4,8,26,20,22,18,83,23,16,11,1,23,23,0,0,8,1,2,0,True,False,True,True,1,1,-4,-4,False,80,18,1,1,1,0,3,-4,-4,8888,75,0,1,False,A+,True,False,False,False,False,False
NACC977383,14,10,-4,-4,-4,-4,-4,,-4,-4,-4,-4,-4,-4,-4,300,123,-4,-4,-4,-4,-4,0,0,1,1,1,0,False,True,False,True,0,7,0,0,False,77,16,1,1,1,0,4,-4,-4,8888,-4,-4,-4,False,Unknown,False,False,False,True,True,True
NACC977398,-4,-4,-4,-4,-4,8,8,,-4,-4,8,-4,-4,-4,-4,-4,-4,-4,-4,-4,-4,-4,-4,0,1,1,1,0,False,False,False,False,0,7,-4,-4,False,68,14,1,1,1,0,4,-4,-4,-4,888,-4,-4,False,Unknown,False,False,False,True,True,True
NACC977601,25,17,12,12,-4,0,8,,-4,-4,8,23,18,24,20,-4,-4,-4,-4,-4,-4,-4,1,1,8,8,8,1,True,True,True,True,8,8,-4,-4,False,59,13,2,1,1,0,1,-4,-4,2020,58,1,1,True,A-,False,True,True,False,True,True
NACC977832,10,2,-4,-4,-4,-4,-4,,-4,-4,-4,-4,-4,-4,-4,996,150,-4,-4,-4,-4,-4,0,0,1,1,2,0,True,True,True,True,1,1,1,0,False,84,20,1,1,1,0,4,-4,-4,8888,-4,-4,-4,False,Unknown,False,False,False,True,True,True
NACC977851,13,6,-4,-4,-4,-4,-4,,-4,-4,-4,-4,-4,-4,-4,142,33,-4,-4,-4,-4,-4,0,0,1,1,1,0,True,True,True,True,1,2,0,1,False,84,16,1,1,1,0,4,-4,-4,8888,-4,-4,-4,True,Unknown,False,False,False,True,True,True
NACC977958,8,11,-4,-4,-4,-4,-4,,-4,-4,-4,-4,-4,-4,-4,998,998,-4,-4,-4,-4,-4,1,1,0,1,1,0,True,True,True,True,0,7,0,0,False,65,13,1,1,1,0,4,-4,-4,2003,-4,-4,-4,True,Unknown,False,True,True,False,True,True
NACC978033,-4,-4,-4,-4,-4,-4,-4,,-4,-4,-4,-4,-4,-4,-4,-4,-4,-4,-4,-4,-4,-4,1,1,0,1,2,0,True,True,True,True,1,1,1,0,False,77,16,1,1,1,0,4,-4,-4,9999,-4,-4,-4,False,Unknown,False,True,True,False,True,True
NACC978101,12,7,14,9,28,-4,-4,,-4,-4,-4,13,9,9,9,103,30,14,7,1,23,23,0,-4,0,1,1,0,True,False,True,True,0,8,-4,-4,False,81,20,1,1,-4,0,2,9,888,-4,-4,-4,1,False,Unknown,True,False,False,False,False,False
NACC978189,14,3,6,5,27,8,8,,-4,-4,8,5,5,2,1,996,117,2,4,1,12,13,0,0,0,1,1,0,True,False,True,True,0,7,-4,-4,False,63,12,1,1,1,0,4,-4,-4,8888,61,1,1,False,Unknown,True,False,False,False,False,False
NACC978541,15,5,-4,-4,-4,-4,-4,,-4,-4,-4,-4,-4,-4,-4,300,127,-4,-4,-4,-4,-4,0,0,1,1,1,0,False,False,False,True,1,2,1,0,False,72,16,1,1,1,0,4,-4,-4,8888,-4,-4,-4,False,Unknown,False,False,False,True,True,True
NACC978938,15,8,-4,-4,-4,-4,-4,,-4,-4,-4,-4,-4,-4,-4,300,71,-4,-4,-4,-4,-4,1,1,1,1,1,0,True,True,True,True,1,2,0,1,False,82,16,2,1,1,0,4,-4,-4,2010,-4,-4,-4,True,Unknown,False,True,True,True,True,True
NACC979050,13,8,-4,-4,-4,-4,-4,,-4,-4,-4,-4,-4,-4,-4,300,54,-4,-4,-4,-4,-4,0,0,8,1,1,0,True,True,True,True,0,7,0,0,False,70,12,1,1,1,0,3,-4,-4,8888,-4,-4,-4,False,Unknown,False,False,False,False,False,False
NACC979265,25,14,23,16,32,8,8,,-4,-4,8,18,12,11,10,77,41,13,10,0,29,29,0,0,1,1,1,0,False,False,False,False,0,7,-4,-4,True,76,20,1,1,1,0,4,-4,-4,8888,888,0,0,False,Unknown,True,False,False,True,True,True
NACC979538,4,0,-4,-4,-4,-4,-4,,-4,-4,-4,-4,-4,-4,-4,300,150,-4,-4,-4,-4,-4,0,0,1,1,2,0,True,True,True,True,1,1,1,0,False,77,18,1,8,5,0,4,-4,-4,8888,-4,-4,-4,True,Unknown,False,False,False,True,True,True
NACC979811,15,10,-4,-4,-4,-4,-4,,-4,-4,-4,-4,-4,-4,-4,996,101,-4,-4,-4,-4,-4,0,0,1,1,1,0,False,False,False,False,0,7,0,0,False,80,16,1,1,1,0,4,-4,-4,8888,-4,-4,-4,False,Unknown,False,False,False,True,True,True
NACC979932,13,4,9,13,26,0,8,,-4,-4,8,16,13,14,13,164,37,10,4,0,22,22,1,0,8,1,1,0,True,True,True,True,0,7,-4,-4,False,68,16,1,1,2,0,3,-4,-4,2021,68,0,0,False,A-,True,True,False,False,True,True
NACC980187,11,4,-4,-4,-4,-4,-4,,-4,-4,-4,-4,-4,-4,-4,996,123,-4,-4,-4,-4,-4,0,0,1,1,1,0,False,False,False,False,0,7,0,0,False,75,20,1,1,1,0,4,-4,-4,8888,-4,-4,-4,False,Unknown,False,False,False,True,True,True
NACC980209,23,17,19,21,32,8,8,,-4,-4,8,23,17,22,17,64,15,12,10,1,28,28,1,1,8,8,8,1,True,True,True,True,8,8,-4,-4,False,79,18,1,1,1,0,1,-4,-4,2014,75,1,1,True,Unknown,True,True,True,False,True,True
NACC981035,5,6,-4,-4,-4,-4,-4,,-4,-4,-4,-4,-4,-4,-4,300,83,-4,-4,-4,-4,-4,0,0,1,1,2,0,False,False,False,False,1,1,1,0,False,84,14,2,1,2,0,4,-4,-4,8888,-4,-4,-4,False,Unknown,False,False,False,True,True,True
NACC981051,9,8,-4,-4,-4,-4,-4,,-4,-4,-4,-4,-4,-4,-4,996,95,-4,-4,-4,-4,-4,0,0,1,1,1,0,True,False,True,True,0,7,0,0,False,57,12,1,1,1,0,4,-4,-4,8888,-4,-4,-4,False,Unknown,False,False,False,True,True,True
NACC981334,13,6,-4,-4,-4,-4,-4,,-4,-4,-4,-4,-4,-4,-4,177,49,-4,-4,-4,-4,-4,1,1,0,1,1,0,True,True,True,True,0,7,0,0,False,65,19,1,1,1,0,4,-4,-4,2005,-4,-4,-4,True,Unknown,False,True,True,False,True,True
NACC981529,15,16,-4,-4,-4,-4,-4,,-4,-4,-4,-4,-4,-4,-4,300,91,-4,-4,-4,-4,-4,0,0,1,1,2,0,False,False,False,False,1,1,0,1,False,81,14,1,1,3,0,4,-4,-4,8888,-4,-4,-4,False,Unknown,False,False,False,True,True,True
NACC981663,9,10,-4,-4,-4,-4,-4,,-4,-4,-4,-4,-4,-4,-4,996,996,-4,-4,-4,-4,-4,1,1,0,1,1,0,True,True,True,True,0,7,0,0,False,67,11,1,1,2,0,4,-4,-4,2002,-4,-4,-4,True,Unknown,False,True,True,False,True,True
NACC982108,3,2,7,24,17,8,8,,-4,-4,8,96,96,96,96,996,147,6,0,0,12,12,0,0,8,1,1,1,True,True,True,True,0,7,-4,-4,False,66,18,1,1,1,0,3,-4,-4,8888,63,1,1,False,Unknown,True,False,False,False,False,False
NACC982276,22,12,-4,-4,-4,-4,-4,,-4,-4,-4,-4,-4,-4,-4,97,44,-4,-4,-4,-4,-4,0,0,1,1,1,0,False,False,False,True,0,7,0,0,False,56,16,1,1,1,0,4,-4,-4,8888,-4,-4,-4,False,Unknown,False,False,False,True,True,True
NACC982446,5,1,4,3,6,8,8,,-4,-4,8,1,1,0,0,996,150,15,0,0,10,10,0,0,1,1,1,1,True,False,True,True,0,7,-4,-4,True,73,18,1,8,1,0,4,-4,-4,8888,71,1,1,False,Unknown,True,False,False,True,True,True
NACC982685,96,96,-4,-4,-4,-4,-4,,-4,-4,-4,-4,-4,-4,-4,996,996,-4,-4,-4,-4,-4,0,0,1,1,1,0,False,False,False,False,0,7,0,0,False,84,12,1,1,1,0,4,-4,-4,8888,-4,-4,-4,False,Unknown,False,False,False,True,True,True
NACC982715,18,10,23,12,31,8,8,,-4,-4,8,22,16,21,16,87,47,15,8,1,23,24,-4,1,8,8,8,0,True,False,True,True,8,8,-4,-4,False,77,12,1,1,1,0,1,-4,-4,-4,75,1,1,False,Unknown,True,False,True,False,False,True
NACC982849,15,6,-4,-4,-4,-4,-4,,-4,-4,-4,-4,-4,-4,-4,300,71,-4,-4,-4,-4,-4,0,0,1,1,1,0,False,True,False,True,0,7,0,0,False,72,12,1,1,1,0,4,-4,-4,8888,-4,-4,-4,False,Unknown,False,False,False,True,True,True
NACC983053,19,12,-4,-4,-4,-4,-4,,-4,-4,-4,-4,-4,-4,-4,300,23,-4,-4,-4,-4,-4,0,0,1,1,2,0,False,False,False,False,1,1,0,1,False,62,13,2,1,1,0,4,-4,-4,8888,-4,-4,-4,False,Unknown,False,False,False,True,True,True
NACC983140,15,8,8,9,-4,8,8,,-4,-4,8,11,12,11,13,-4,-4,-4,-4,-4,-4,-4,0,0,1,1,1,0,True,False,True,True,1,2,-4,-4,False,62,12,1,1,1,0,4,-4,-4,8888,888,0,1,False,Unknown,False,False,False,True,True,True
NACC983183,16,10,-4,-4,-4,-4,-4,,-4,-4,-4,-4,-4,-4,-4,98,42,-4,-4,-4,-4,-4,0,0,1,1,1,0,False,False,False,False,0,7,0,0,False,58,16,1,1,1,0,4,-4,-4,8888,-4,-4,-4,False,Unknown,False,False,False,True,True,True
NACC983885,96,96,96,96,96,8,8,,-4,-4,8,96,96,96,96,996,996,96,96,96,88,88,0,0,1,1,1,0,True,True,True,True,0,7,-4,-4,False,80,22,1,8,1,0,4,-4,-4,8888,72,8,1,True,Unknown,False,False,False,True,True,True
NACC983993,-4,-4,-4,-4,-4,-4,-4,,-4,-4,-4,-4,-4,-4,-4,-4,-4,-4,-4,-4,-4,-4,0,0,1,1,2,0,False,False,False,False,1,1,1,0,False,73,17,1,1,1,0,4,-4,-4,8888,-4,-4,-4,False,Unknown,False,False,False,True,True,True
NACC984145,8,7,16,13,25,8,8,,-4,-4,8,5,3,2,4,996,150,5,1,0,15,15,0,0,1,1,1,1,True,False,True,True,0,7,-4,-4,False,73,18,1,1,1,0,4,-4,-4,8888,70,0,1,False,Unknown,True,False,False,True,True,True
NACC984581,14,4,10,9,27,8,8,,-4,-4,8,5,5,4,5,300,142,14,9,0,16,16,1,1,8,1,2,0,True,True,True,True,0,7,-4,-4,False,53,16,1,8,1,1,3,-4,-4,2012,44,1,1,True,Unknown,True,True,True,False,True,True
NACC984590,23,9,15,19,26,8,8,,-4,-4,8,20,14,21,16,67,30,16,12,1,24,25,0,1,8,1,2,0,True,False,True,True,0,7,-4,-4,False,68,12,2,1,1,0,2,-4,-4,8888,67,1,1,False,Unknown,True,False,True,False,False,True
NACC984654,1,0,-4,-4,-4,-4,-4,,-4,-4,-4,-4,-4,-4,-4,996,996,-4,-4,-4,-4,-4,0,0,1,1,2,0,False,False,False,False,1,1,1,0,False,81,16,2,1,2,0,4,-4,-4,8888,-4,-4,-4,False,Unknown,False,False,False,True,True,True
NACC984794,23,11,-4,-4,-4,-4,-4,,-4,-4,-4,-4,-4,-4,-4,115,47,-4,-4,-4,-4,-4,1,1,8,1,1,0,True,True,True,True,0,7,0,0,False,62,20,1,1,5,0,3,-4,-4,1994,-4,-4,-4,True,Unknown,False,True,True,False,True,True
NACC984900,34,16,-4,-4,-4,-4,-4,,-4,-4,-4,-4,-4,-4,-4,54,26,-4,-4,-4,-4,-4,1,1,8,8,8,0,True,True,True,True,8,8,8,8,False,65,18,1,1,1,0,1,-4,-4,1994,-4,-4,-4,True,Unknown,False,True,True,False,True,True
NACC984961,4,2,-4,-4,-4,-4,-4,,-4,-4,-4,-4,-4,-4,-4,996,150,-4,-4,-4,-4,-4,0,0,1,1,2,0,True,True,True,True,1,1,0,1,False,64,20,1,1,1,0,4,-4,-4,8888,-4,-4,-4,False,Unknown,False,False,False,True,True,True
NACC985084,29,11,-4,-4,-4,-4,-4,,-4,-4,-4,-4,-4,-4,-4,73,55,-4,-4,-4,-4,-4,1,1,8,1,1,0,True,True,True,True,0,7,0,0,False,67,16,1,1,1,0,3,-4,-4,2004,-4,-4,-4,True,Unknown,False,True,True,False,True,True
NACC985103,8,3,6,7,28,1,8,,-4,-4,1,7,8,5,6,280,45,13,0,0,22,22,-4,0,1,1,2,0,False,False,False,False,1,1,-4,-4,False,79,18,1,1,1,0,4,-4,-4,-4,888,0,0,False,A+,True,False,False,True,True,True
NACC985138,15,10,-4,-4,-4,-4,-4,,-4,-4,-4,-4,-4,-4,-4,996,86,-4,-4,-4,-4,-4,1,1,1,1,1,0,False,True,False,False,0,7,0,0,False,84,16,2,1,1,0,4,-4,-4,1995,-4,-4,-4,True,Unknown,False,True,True,True,True,True
NACC985415,22,16,-4,-4,-4,-4,-4,,-4,-4,-4,-4,-4,-4,-4,219,27,-4,-4,-4,-4,-4,0,0,1,1,1,0,False,True,False,True,0,7,0,0,False,80,16,1,1,1,0,4,-4,-4,8888,-4,-4,-4,False,Unknown,False,False,False,True,True,True
NACC985863,19,9,-4,-4,-4,-4,-4,,-4,-4,-4,-4,-4,-4,-4,279,75,-4,-4,-4,-4,-4,1,1,1,1,1,0,False,True,False,True,0,7,0,0,False,64,20,2,1,1,0,4,-4,-4,9999,-4,-4,-4,False,Unknown,False,True,True,True,True,True
NACC985870,97,97,-4,-4,-4,-4,-4,,-4,-4,-4,-4,-4,-4,-4,997,997,-4,-4,-4,-4,-4,0,0,1,1,1,0,True,True,True,True,1,2,0,1,False,84,18,1,1,1,0,4,-4,-4,8888,-4,-4,-4,False,Unknown,False,False,False,True,True,True
NACC985888,7,3,6,6,26,8,8,,-4,-4,8,7,6,3,4,996,150,14,1,1,12,12,1,1,1,1,1,0,True,True,True,True,0,7,-4,-4,False,81,18,1,1,1,0,4,-4,-4,2011,73,1,1,True,Unknown,True,True,True,True,True,True
NACC986295,15,11,-4,-4,-4,-4,-4,,-4,-4,-4,-4,-4,-4,-4,300,40,-4,-4,-4,-4,-4,0,0,1,1,1,0,True,False,True,True,0,7,0,0,False,63,14,1,1,1,0,4,-4,-4,8888,-4,-4,-4,False,Unknown,False,False,False,True,True,True
NACC986592,5,3,-4,-4,-4,-4,-4,,-4,-4,-4,-4,-4,-4,-4,996,150,-4,-4,-4,-4,-4,1,1,0,1,1,0,True,True,True,True,0,7,0,0,False,73,14,1,1,1,0,4,-4,-4,1997,-4,-4,-4,True,Unknown,False,True,True,False,True,True
NACC986927,15,7,-4,-4,-4,-4,-4,,-4,-4,-4,-4,-4,-4,-4,83,31,-4,-4,-4,-4,-4,0,0,1,1,1,0,True,False,True,True,0,7,0,0,False,74,16,1,1,1,0,4,-4,-4,8888,-4,-4,-4,False,Unknown,False,False,False,True,True,True
NACC987145,11,5,-4,-4,-4,-4,-4,,-4,-4,-4,-4,-4,-4,-4,155,39,-4,-4,-4,-4,-4,0,0,8,1,1,0,True,True,True,True,0,7,0,0,False,80,16,1,1,1,0,3,-4,-4,8888,-4,-4,-4,False,Unknown,False,False,False,False,False,False
NACC987440,7,4,-4,-4,-4,-4,-4,,-4,-4,-4,-4,-4,-4,-4,300,126,-4,-4,-4,-4,-4,0,0,1,1,1,0,True,False,True,True,0,7,0,0,False,66,11,2,1,2,0,4,-4,-4,8888,-4,-4,-4,False,Unknown,False,False,False,True,True,True
NACC987655,23,14,11,11,32,8,8,,-4,-4,8,19,18,18,18,104,36,14,10,1,23,23,-4,1,1,1,1,0,True,False,True,True,0,7,-4,-4,False,75,20,2,1,1,0,4,-4,-4,-4,60,1,1,False,Unknown,True,False,True,True,True,True
NACC987872,12,8,-4,-4,-4,-4,-4,,-4,-4,-4,-4,-4,-4,-4,300,104,-4,-4,-4,-4,-4,0,0,1,1,2,0,False,True,False,False,1,2,0,1,False,54,15,1,1,1,0,4,-4,-4,8888,-4,-4,-4,False,Unknown,False,False,False,True,True,True
NACC987914,10,6,-4,-4,-4,-4,-4,,-4,-4,-4,-4,-4,-4,-4,300,74,-4,-4,-4,-4,-4,0,0,1,1,2,0,False,False,False,False,1,1,0,1,False,79,18,1,1,1,0,4,-4,-4,8888,-4,-4,-4,False,Unknown,False,False,False,True,True,True
NACC987947,6,0,2,3,24,1,8,,-4,-4,8,3,3,2,3,996,996,6,2,0,15,15,-4,0,0,1,2,0,True,False,True,True,1,1,-4,-4,False,70,17,1,1,1,0,4,-4,-4,-4,888,1,1,False,A+,True,False,False,False,False,False
NACC988125,13,7,5,4,25,8,8,,-4,-4,8,17,11,12,10,266,49,14,6,0,13,14,-4,0,8,1,1,0,True,False,True,True,0,7,-4,-4,False,83,10,1,1,1,0,3,-4,-4,-4,74,1,1,False,Unknown,True,False,False,False,False,False
NACC988182,17,10,-4,-4,-4,-4,-4,,-4,-4,-4,-4,-4,-4,-4,157,38,-4,-4,-4,-4,-4,0,0,8,1,1,0,True,True,True,True,0,7,0,0,False,71,16,1,1,1,0,3,-4,-4,8888,-4,-4,-4,False,Unknown,False,False,False,False,False,False
NACC988332,22,15,7,16,32,8,8,,-4,-4,8,22,16,21,16,87,45,12,11,1,25,25,1,1,8,1,1,1,True,True,True,True,0,7,-4,-4,False,50,20,1,1,1,1,3,-4,-4,2006,47,1,1,True,Unknown,True,True,True,False,True,True
NACC989252,26,18,-4,-4,-4,-4,-4,,-4,-4,-4,-4,-4,-4,-4,57,23,-4,-4,-4,-4,-4,1,1,8,8,8,1,True,True,True,True,8,8,8,8,False,62,16,1,1,1,0,1,-4,-4,2000,-4,-4,-4,True,Unknown,False,True,True,False,True,True
NACC989276,5,5,2,2,22,8,8,,-4,-4,8,15,9,13,11,997,997,6,3,0,10,11,-4,1,8,1,1,0,True,False,True,True,0,7,-4,-4,False,76,7,2,1,2,0,3,-4,-4,-4,70,1,1,False,Unknown,True,False,True,False,False,True
NACC989623,15,12,15,17,31,8,0,,-4,-4,8,12,10,8,9,136,57,15,6,1,23,24,0,0,1,1,1,1,True,False,True,True,0,7,-4,-4,True,66,12,1,1,1,0,4,-4,-4,8888,65,1,1,False,A-,True,False,False,True,True,True
NACC989696,19,11,-4,-4,-4,-4,-4,,-4,-4,-4,-4,-4,-4,-4,103,26,-4,-4,-4,-4,-4,1,1,8,1,3,0,True,True,True,True,1,1,1,0,False,85,12,2,1,1,0,3,-4,-4,9999,-4,-4,-4,False,Unknown,False,True,True,False,True,True
NACC990191,8,6,4,3,25,1,8,,-4,-4,8,12,11,16,13,300,56,8,2,1,19,19,0,0,8,1,1,1,True,False,True,True,1,2,-4,-4,False,78,17,1,1,1,0,3,-4,-4,8888,75,1,1,False,A+,True,False,False,False,False,False
NACC990235,17,15,3,3,27,8,8,,-4,-4,8,21,14,11,11,998,81,17,8,1,17,17,-4,0,8,1,2,0,True,False,True,True,1,1,-4,-4,False,85,14,2,1,2,0,3,-4,-4,-4,79,1,1,True,Unknown,True,False,False,False,False,False
NACC990362,12,12,-4,-4,-4,-4,-4,,-4,-4,-4,-4,-4,-4,-4,72,40,-4,-4,-4,-4,-4,1,1,8,1,1,0,True,True,True,True,0,7,0,0,False,53,14,2,1,2,0,3,-4,-4,2007,-4,-4,-4,True,Unknown,False,True,True,False,True,True
NACC990974,11,7,-4,-4,-4,-4,-4,,-4,-4,-4,-4,-4,-4,-4,996,996,-4,-4,-4,-4,-4,0,0,1,1,1,0,False,True,False,True,0,7,0,0,False,66,12,2,1,1,0,4,-4,-4,8888,-4,-4,-4,False,Unknown,False,False,False,True,True,True
NACC991289,15,9,-4,-4,-4,-4,-4,,-4,-4,-4,-4,-4,-4,-4,120,23,-4,-4,-4,-4,-4,0,0,8,1,1,1,True,False,True,True,0,7,0,0,False,69,20,1,1,1,0,3,-4,-4,8888,-4,-4,-4,False,Unknown,False,False,False,False,False,False
NACC991543,8,1,4,4,23,1,8,,-4,-4,8,6,5,0,0,996,996,2,0,0,5,5,-4,0,0,1,2,0,True,False,True,True,1,1,-4,-4,False,65,14,1,1,1,0,4,-4,-4,-4,63,1,1,False,A+,True,False,False,False,False,False
NACC992364,26,14,13,18,31,8,8,,-4,-4,8,28,21,26,20,73,36,15,12,1,27,27,-4,1,8,8,8,0,True,False,True,True,8,8,-4,-4,True,83,18,1,1,1,0,1,-4,-4,-4,80,0,1,False,Unknown,True,False,True,False,False,True
NACC992538,9,7,-4,-4,-4,-4,-4,,-4,-4,-4,-4,-4,-4,-4,996,129,-4,-4,-4,-4,-4,0,0,1,1,1,0,True,True,True,True,0,7,0,0,False,68,11,1,1,1,0,4,-4,-4,8888,-4,-4,-4,False,Unknown,False,False,False,True,True,True
NACC992686,11,4,97,97,97,8,8,,-4,-4,8,97,97,97,97,997,114,16,0,1,10,11,0,0,1,1,2,0,True,False,True,True,1,1,-4,-4,False,86,12,1,3,5,0,4,-4,-4,8888,87,1,1,False,Unknown,False,False,False,True,True,True
NACC993056,7,7,7,10,10,8,1,,-4,-4,8,14,8,3,3,154,44,11,9,0,14,14,0,0,0,1,2,1,True,False,True,True,1,1,-4,-4,False,73,18,2,1,1,0,4,-4,-4,8888,68,1,1,False,A+,True,False,False,False,False,False
NACC993195,16,7,-4,-4,-4,-4,-4,,-4,-4,-4,-4,-4,-4,-4,168,36,-4,-4,-4,-4,-4,1,1,0,1,1,0,True,True,True,True,0,7,0,0,False,69,18,1,1,1,0,4,-4,-4,1998,-4,-4,-4,True,Unknown,False,True,True,False,True,True
NACC993211,13,14,-4,-4,-4,-4,-4,,-4,-4,-4,-4,-4,-4,-4,236,38,-4,-4,-4,-4,-4,1,1,8,1,1,0,True,True,True,True,1,2,0,1,False,72,14,2,1,1,0,3,-4,-4,1987,-4,-4,-4,True,Unknown,False,True,True,False,True,True
NACC993264,11,5,13,6,29,8,8,,-4,-4,8,11,10,7,8,300,48,17,10,0,20,20,0,0,1,1,1,1,True,False,True,True,0,7,-4,-4,True,72,14,1,1,1,0,4,-4,-4,8888,71,1,1,False,Unknown,True,False,False,True,True,True
NACC996079,14,8,10,10,32,8,8,,-4,-4,8,10,9,11,9,160,69,15,7,1,15,15,-4,0,0,1,2,0,True,False,True,True,1,1,-4,-4,False,83,16,1,1,1,0,4,-4,-4,-4,80,1,1,False,Unknown,True,False,False,False,False,False
NACC996094,13,8,21,11,29,8,8,,-4,-4,8,9,4,0,0,996,997,15,0,0,13,13,-4,0,1,1,2,0,True,False,True,True,1,1,-4,-4,False,85,17,2,1,1,1,4,-4,-4,-4,888,1,1,False,Unknown,True,False,False,True,True,True
NACC996394,21,11,11,15,27,8,8,,-4,-4,8,32,22,19,18,130,43,15,10,1,23,23,1,1,8,8,8,0,True,True,True,True,8,8,-4,-4,False,77,18,1,8,1,0,1,-4,-4,2018,76,1,1,False,Unknown,True,True,True,False,True,True
NACC996575,11,8,2,6,29,8,8,,-4,-4,8,9,6,2,3,135,39,13,3,0,15,16,-4,0,8,1,2,0,True,False,True,True,1,1,-4,-4,False,85,12,1,1,1,0,3,-4,-4,-4,888,0,1,False,Unknown,True,False,False,False,False,False
NACC996636,9,5,-4,-4,-4,-4,-4,,-4,-4,-4,-4,-4,-4,-4,996,150,-4,-4,-4,-4,-4,0,0,1,1,1,0,True,True,True,True,0,7,0,0,False,77,6,1,1,2,0,4,-4,-4,8888,-4,-4,-4,False,Unknown,False,False,False,True,True,True
NACC997005,11,15,14,10,31,8,8,,-4,-4,8,12,11,13,12,118,53,15,5,1,19,19,0,1,1,1,1,1,True,False,True,True,0,7,-4,-4,False,81,20,1,1,1,0,4,-4,-4,8888,72,1,1,True,Unknown,True,False,True,True,True,True
NACC997451,22,15,13,10,25,8,8,,-4,-4,8,19,13,17,11,175,117,14,8,0,20,20,-4,0,1,1,2,0,True,False,True,True,0,7,-4,-4,False,56,18,1,1,1,0,4,-4,-4,-4,56,1,1,True,Unknown,True,False,False,True,True,True
NACC997617,2,2,-4,-4,-4,-4,-4,,-4,-4,-4,-4,-4,-4,-4,996,996,-4,-4,-4,-4,-4,0,0,1,1,1,0,True,True,True,True,0,7,0,0,False,71,18,1,1,1,0,4,-4,-4,8888,-4,-4,-4,True,Unknown,False,False,False,True,True,True
NACC997764,10,2,10,11,27,-4,-4,,-4,-4,-4,10,10,5,5,996,70,11,7,1,14,14,1,-4,0,1,1,1,True,True,True,True,0,8,-4,-4,False,77,16,1,1,-4,0,4,20,74,-4,-4,-4,1,True,Unknown,True,True,False,False,True,True
NACC997768,22,8,12,14,30,8,8,,-4,-4,8,18,19,15,16,92,35,16,16,1,25,26,1,1,8,8,8,0,True,True,True,True,8,8,-4,-4,False,56,9,1,2,50,1,1,-4,-4,2021,50,0,1,True,Unknown,True,True,True,False,True,True
NACC998657,12,7,-4,-4,-4,-4,-4,,-4,-4,-4,-4,-4,-4,-4,209,79,-4,-4,-4,-4,-4,0,0,1,1,1,0,False,True,False,False,0,7,0,0,False,77,13,1,1,1,0,4,-4,-4,8888,-4,-4,-4,False,Unknown,False,False,False,True,True,True
NACC998701,10,9,16,15,31,8,8,elevated,-4,-4,8,13,9,6,6,240,58,16,9,1,19,19,-4,0,1,1,1,0,True,False,True,True,0,7,-4,-4,False,78,18,1,1,1,0,4,-4,-4,-4,75,1,1,False,A+,True,False,False,True,True,True
NACC998711,5,1,3,6,24,8,8,,-4,-4,8,12,8,0,0,996,150,10,0,1,4,4,0,0,1,1,1,0,False,False,False,True,1,2,-4,-4,False,61,14,2,1,2,0,4,-4,-4,8888,888,0,0,False,Unknown,True,False,False,True,True,True
NACC998776,18,7,-4,-4,-4,-4,-4,,-4,-4,-4,-4,-4,-4,-4,300,49,-4,-4,-4,-4,-4,1,1,1,1,1,0,False,True,False,False,0,7,0,0,False,84,13,1,1,1,0,4,-4,-4,2010,-4,-4,-4,True,Unknown,False,True,True,True,True,True
NACC998827,-4,-4,-4,-4,-4,-4,-4,,-4,-4,-4,-4,-4,-4,-4,-4,-4,-4,-4,-4,-4,-4,0,0,1,1,1,0,True,True,True,True,1,2,0,1,False,71,20,1,1,1,0,4,-4,-4,8888,-4,-4,-4,False,Unknown,False,False,False,True,True,True
NACC998831,9,7,-4,-4,-4,-4,-4,,-4,-4,-4,-4,-4,-4,-4,300,68,-4,-4,-4,-4,-4,0,0,1,1,1,0,False,False,False,False,0,7,0,0,False,78,12,1,1,1,0,4,-4,-4,8888,-4,-4,-4,False,Unknown,False,False,False,True,True,True
NACC999038,10,6,7,9,28,8,8,,-4,-4,8,5,5,6,5,300,120,13,5,1,21,22,1,1,8,1,1,0,True,True,True,True,0,7,-4,-4,False,68,6,1,2,1,1,3,-4,-4,2017,67,0,1,True,Unknown,True,True,True,False,True,True
NACC999159,97,97,-4,-4,-4,-4,-4,,-4,-4,-4,-4,-4,-4,-4,997,997,-4,-4,-4,-4,-4,0,0,1,1,1,0,True,True,True,True,0,7,0,0,False,68,16,2,1,1,0,4,-4,-4,8888,-4,-4,-4,False,Unknown,False,False,False,True,True,True
NACC999209,23,9,-4,-4,-4,-4,-4,,-4,-4,-4,-4,-4,-4,-4,103,28,-4,-4,-4,-4,-4,1,1,8,8,8,0,True,True,True,True,8,8,8,8,False,72,16,1,1,1,0,1,-4,-4,2010,-4,-4,-4,False,Unknown,False,True,True,False,True,True
NACC999546,17,12,16,13,32,1,8,,-4,-4,8,13,11,16,13,136,36,15,5,1,19,19,-4,1,8,1,1,0,True,False,True,True,1,2,-4,-4,False,88,18,1,1,1,0,3,-4,-4,-4,86,1,1,False,A+,True,False,True,False,False,True
NACC999631,10,8,-4,-4,-4,-4,-4,,-4,-4,-4,-4,-4,-4,-4,996,150,-4,-4,-4,-4,-4,0,0,1,1,1,0,True,True,True,True,0,7,0,0,False,73,16,2,1,1,0,4,-4,-4,8888,-4,-4,-4,False,Unknown,False,False,False,True,True,True
